# Blender 5.2.2 LTS
# www.blender.org
mtllib cube_diorama.mtl
o Cat_in_a_Blanket.001
v -0.006065 0.001217 0.092643
v -0.017651 0.006534 0.134907
v -0.052934 0.008148 0.094043
v -0.021676 0.010023 0.048638
v 0.029384 0.007328 0.067979
v 0.023980 0.005989 0.120312
v -0.033607 0.042257 0.122432
v -0.040836 0.045567 0.062099
v -0.002201 0.045651 0.049723
v 0.033465 0.043387 0.098350
v 0.007442 0.041330 0.127949
v -0.001988 0.066579 0.100592
v -0.042712 0.002653 0.093780
v -0.028641 0.000392 0.093097
v -0.015729 0.000869 0.092653
v -0.008814 -0.000117 0.101614
v -0.012263 -0.000971 0.113461
v -0.015806 0.001403 0.126868
v -0.027973 0.004417 0.129508
v -0.038832 0.003802 0.119292
v -0.047694 0.005509 0.107008
v 0.015714 0.005123 0.126427
v 0.004979 0.004648 0.130956
v -0.006493 0.005394 0.134353
v 0.001237 -0.000246 0.098539
v 0.009721 -0.001236 0.106691
v 0.018289 0.000980 0.115454
v -0.018608 0.004298 0.058283
v -0.013893 0.001374 0.071800
v -0.009346 0.001270 0.083876
v -0.049987 0.007317 0.080607
v -0.042702 0.007371 0.066775
v -0.032248 0.008408 0.055764
v 0.022195 0.002017 0.073533
v 0.011513 -0.000020 0.080907
v 0.001481 0.000680 0.087553
v -0.009510 0.008127 0.048747
v 0.005192 0.006889 0.052048
v 0.018963 0.006637 0.059101
v 0.033210 0.004736 0.080992
v 0.032847 0.002978 0.095926
v 0.028876 0.003728 0.110303
v 0.005565 0.033858 0.132707
v -0.001612 0.023712 0.138357
v -0.009608 0.013519 0.138649
v 0.022334 0.013242 0.127029
v 0.017787 0.023898 0.130739
v 0.012909 0.034031 0.129566
v -0.043271 0.035330 0.119511
v -0.053870 0.025850 0.112676
v -0.056300 0.014852 0.102901
v -0.023382 0.013263 0.137972
v -0.026756 0.023972 0.136090
v -0.029828 0.034684 0.128626
v -0.042680 0.037257 0.054021
v -0.040548 0.024328 0.047442
v -0.031074 0.016012 0.045956
v -0.058452 0.016042 0.085342
v -0.057577 0.026404 0.074484
v -0.049558 0.036429 0.065638
v 0.004871 0.036260 0.048107
v 0.016258 0.025805 0.050848
v 0.025819 0.015222 0.058464
v -0.016506 0.015516 0.041328
v -0.011595 0.023778 0.038186
v -0.007828 0.035343 0.042038
v 0.034874 0.034773 0.105568
v 0.034435 0.023323 0.113850
v 0.030648 0.012610 0.118531
v 0.037382 0.013921 0.072813
v 0.040783 0.025184 0.081557
v 0.038762 0.036037 0.091644
v 0.001104 0.043535 0.128592
v -0.007682 0.044397 0.127352
v -0.020261 0.042836 0.125694
v -0.040357 0.045139 0.113526
v -0.042532 0.048826 0.094942
v -0.041986 0.048549 0.075170
v -0.033418 0.048793 0.056033
v -0.022289 0.050059 0.051281
v -0.011120 0.048933 0.048913
v 0.010067 0.048677 0.058621
v 0.026652 0.049957 0.073001
v 0.033806 0.047668 0.088126
v 0.027762 0.044199 0.107773
v 0.020249 0.044655 0.116345
v 0.013054 0.043169 0.123560
v -0.010461 0.063730 0.107448
v -0.019071 0.056399 0.114441
v -0.025324 0.047870 0.118954
v 0.005915 0.048493 0.123255
v 0.004392 0.055153 0.117215
v 0.001432 0.061366 0.109599
v -0.012362 0.067050 0.093332
v -0.024673 0.063487 0.081013
v -0.032861 0.055214 0.068812
v 0.000512 0.066669 0.089113
v 0.001663 0.063546 0.072552
v 0.000062 0.055432 0.058645
v 0.008899 0.063894 0.100729
v 0.020270 0.057553 0.100401
v 0.028440 0.050539 0.099427
v 0.012048 0.057242 0.110135
v 0.012703 0.050595 0.117748
v 0.020970 0.051655 0.109233
v 0.014042 0.061863 0.088502
v 0.013946 0.056213 0.071227
v -0.012625 0.066145 0.076429
v -0.010979 0.058932 0.059953
v -0.023488 0.058676 0.063765
v -0.022486 0.062184 0.100129
v -0.033432 0.055801 0.085986
v -0.006924 0.056881 0.117249
v -0.014322 0.050895 0.122502
v -0.001525 0.051113 0.123254
v 0.019834 0.035326 0.124210
v 0.026648 0.023834 0.124160
v 0.027814 0.035669 0.115738
v 0.035699 0.039630 0.076421
v 0.033314 0.026641 0.064763
v 0.021317 0.039781 0.060048
v -0.018797 0.037050 0.041946
v -0.025240 0.024441 0.040568
v -0.032638 0.037094 0.046442
v -0.050675 0.040239 0.082731
v -0.057322 0.027346 0.093565
v -0.051065 0.038989 0.104836
v -0.015830 0.035249 0.132217
v -0.012787 0.023979 0.139099
v -0.003127 0.034985 0.133432
v 0.040333 0.023477 0.099013
v 0.037046 0.010987 0.105639
v 0.040012 0.011711 0.088594
v 0.000861 0.023217 0.041279
v 0.012539 0.013617 0.047596
v -0.003933 0.014224 0.042014
v -0.049997 0.027078 0.058967
v -0.044181 0.014882 0.054804
v -0.054208 0.015923 0.069466
v -0.042228 0.024183 0.127079
v -0.049349 0.012615 0.118109
v -0.036036 0.011761 0.130522
v 0.008449 0.023798 0.135521
v 0.001065 0.012841 0.138083
v 0.012874 0.012774 0.133439
v 0.021397 -0.000608 0.102657
v 0.011033 -0.000998 0.093890
v 0.023441 -0.000178 0.087553
v 0.009564 0.001883 0.066459
v -0.001042 0.000782 0.076029
v -0.004952 0.002690 0.061103
v -0.028024 0.002929 0.068081
v -0.021471 0.000997 0.082152
v -0.036712 0.002351 0.080611
v 0.007940 0.000263 0.119799
v -0.003742 0.000356 0.123568
v -0.000888 -0.000996 0.109949
v -0.035007 0.000512 0.105772
v -0.020453 -0.000592 0.103391
v -0.025368 -0.000022 0.117546
v 0.036383 0.055097 0.089762
v 0.032567 0.057471 0.080894
v 0.025690 0.062467 0.079550
v 0.024785 0.064568 0.090487
v 0.028148 0.059658 0.098504
v 0.032577 0.056096 0.097777
v 0.036248 0.061124 0.094330
v 0.035625 0.063143 0.100043
v 0.033019 0.063539 0.092690
v 0.031126 0.065154 0.095927
v 0.031604 0.063060 0.100464
v 0.033953 0.060544 0.101536
v 0.036195 0.059526 0.098857
v -0.029645 0.051569 0.118971
v -0.025582 0.056643 0.116162
v -0.030176 0.062492 0.108415
v -0.040392 0.060596 0.100607
v -0.044714 0.056369 0.105190
v -0.040408 0.051111 0.115360
v -0.029312 0.056940 0.121971
v -0.032294 0.059687 0.121745
v -0.028359 0.059823 0.119551
v -0.031731 0.062344 0.115705
v -0.036505 0.061539 0.114276
v -0.036715 0.057838 0.117569
v -0.033343 0.055931 0.121328
v 0.016589 -0.001635 -0.006254
v 0.032861 0.000051 0.036862
v -0.023369 0.002803 0.070819
v -0.047873 0.003447 -0.012406
v 0.032870 0.001569 -0.091448
v 0.075503 0.000321 -0.042301
v 0.007463 0.043629 0.066925
v -0.055740 0.044217 0.031555
v -0.012652 0.042492 -0.075862
v 0.073400 0.045970 -0.081698
v 0.056674 0.041121 -0.011644
v 0.007090 0.081550 -0.028042
v -0.015735 -0.001478 0.060279
v -0.005782 -0.002788 0.041719
v 0.005773 -0.002043 0.016951
v 0.020118 -0.003065 0.006759
v 0.024476 -0.004836 0.019865
v 0.029486 -0.004058 0.030247
v 0.023306 -0.000312 0.054040
v 0.009537 -0.000060 0.067570
v -0.007248 0.001056 0.072913
v 0.065244 -0.000831 -0.026621
v 0.051916 -0.001471 -0.007770
v 0.043555 -0.001493 0.016390
v 0.032181 -0.002950 -0.019770
v 0.046081 -0.004647 -0.033616
v 0.064363 -0.004143 -0.039703
v -0.035607 -0.001086 -0.010512
v -0.014341 -0.002357 -0.008616
v 0.005585 -0.001768 -0.007452
v -0.035485 0.001774 0.057853
v -0.047138 0.001298 0.036515
v -0.053047 0.001929 0.011012
v 0.030017 -0.002294 -0.076784
v 0.027320 -0.002913 -0.056608
v 0.023315 -0.002095 -0.030755
v -0.031423 0.001709 -0.039038
v -0.009069 0.000601 -0.066514
v 0.016854 0.000797 -0.083246
v 0.047930 0.000191 -0.085120
v 0.064616 -0.000328 -0.074324
v 0.075521 -0.000460 -0.058432
v 0.051587 0.029941 0.000064
v 0.047309 0.017468 0.013871
v 0.041818 0.006206 0.027422
v 0.076741 0.007360 -0.034667
v 0.073215 0.018335 -0.025685
v 0.065807 0.030348 -0.017042
v 0.000163 0.032317 0.078226
v -0.009382 0.019420 0.083370
v -0.017939 0.008877 0.079935
v 0.031720 0.007273 0.052899
v 0.025303 0.018713 0.064167
v 0.016888 0.032020 0.069129
v -0.063475 0.032860 0.024381
v -0.066302 0.020086 0.013040
v -0.060952 0.009794 -0.000180
v -0.036710 0.009439 0.069921
v -0.049201 0.020128 0.062085
v -0.056180 0.032850 0.047625
v -0.003085 0.031430 -0.087950
v 0.008425 0.018690 -0.095524
v 0.024199 0.008160 -0.096290
v -0.047090 0.009283 -0.031692
v -0.040447 0.018954 -0.053479
v -0.026918 0.031041 -0.070064
v 0.081525 0.033478 -0.076788
v 0.085846 0.019672 -0.067135
v 0.083359 0.007577 -0.054173
v 0.045696 0.008120 -0.098836
v 0.058784 0.020152 -0.098730
v 0.068468 0.034082 -0.091533
v 0.045658 0.044813 0.004888
v 0.029970 0.047494 0.026800
v 0.018814 0.046860 0.052140
v -0.007446 0.047716 0.067836
v -0.027105 0.049559 0.060870
v -0.045107 0.048174 0.047060
v -0.054461 0.048231 0.008377
v -0.046583 0.049494 -0.023184
v -0.030863 0.046648 -0.056448
v 0.010620 0.047394 -0.084551
v 0.035488 0.050832 -0.090792
v 0.058062 0.049961 -0.089540
v 0.079605 0.048925 -0.065512
v 0.079218 0.048893 -0.044278
v 0.068499 0.045490 -0.025494
v 0.000935 0.079071 -0.004215
v -0.003674 0.070561 0.024420
v 0.002978 0.057214 0.050970
v 0.051367 0.055074 -0.014109
v 0.038593 0.069669 -0.018360
v 0.022085 0.079019 -0.023284
v -0.010242 0.078894 -0.016882
v -0.033880 0.070885 0.004432
v -0.047133 0.057802 0.021418
v 0.004577 0.079058 -0.044256
v -0.003097 0.070188 -0.058949
v -0.009744 0.056366 -0.070112
v 0.025082 0.079555 -0.045084
v 0.046292 0.072385 -0.060243
v 0.064660 0.060042 -0.073448
v 0.044669 0.074251 -0.038417
v 0.062703 0.061346 -0.031105
v 0.067331 0.063519 -0.052617
v 0.025846 0.074740 -0.062903
v 0.045744 0.064503 -0.079500
v 0.018413 0.062600 -0.077167
v -0.020889 0.073584 -0.031422
v -0.028358 0.061416 -0.045439
v -0.044099 0.062468 -0.008710
v -0.017327 0.074207 0.015703
v -0.032313 0.062684 0.036091
v -0.013168 0.062296 0.047234
v 0.018143 0.073417 0.001597
v 0.014497 0.061358 0.028591
v 0.034704 0.060401 0.004979
v 0.078393 0.032596 -0.034925
v 0.084251 0.019145 -0.045584
v 0.085812 0.034043 -0.057067
v 0.049061 0.035740 -0.099115
v 0.036180 0.019753 -0.102366
v 0.022381 0.034451 -0.097104
v -0.046614 0.034043 -0.039966
v -0.058213 0.020604 -0.018132
v -0.059645 0.034912 -0.003419
v -0.040246 0.034585 0.065294
v -0.030027 0.019981 0.077461
v -0.018692 0.034331 0.077026
v 0.029546 0.032955 0.049750
v 0.037969 0.017963 0.040167
v 0.040051 0.031784 0.021582
v 0.075979 0.019872 -0.085381
v 0.079708 0.007441 -0.073996
v 0.063428 0.007405 -0.088981
v -0.018287 0.018424 -0.080581
v -0.002492 0.007265 -0.085840
v -0.029467 0.007700 -0.062589
v -0.062637 0.019930 0.039734
v -0.061713 0.008466 0.026115
v -0.051454 0.008599 0.052155
v 0.009759 0.019169 0.078869
v 0.001186 0.007627 0.080406
v 0.019131 0.007166 0.070544
v 0.059515 0.017823 -0.006991
v 0.051437 0.006280 0.004212
v 0.064227 0.006683 -0.016424
v 0.058759 -0.004119 -0.054384
v 0.037995 -0.003495 -0.045752
v 0.045785 -0.003003 -0.068645
v 0.012710 -0.002303 -0.062847
v 0.011795 -0.002318 -0.036190
v -0.010472 -0.001874 -0.038848
v -0.035674 -0.001834 0.016251
v -0.012812 -0.002260 0.018932
v -0.026245 -0.001835 0.042035
v 0.051017 -0.004750 -0.021240
v 0.041392 -0.004750 0.005349
v 0.037165 -0.004525 -0.007432
v 0.001624 -0.002951 0.058118
v 0.010761 -0.003562 0.033962
v 0.017441 -0.003939 0.047287
v 0.063598 0.029318 -0.093247
v 0.065420 0.031998 -0.090817
v 0.067710 0.032867 -0.087753
v 0.069916 0.031769 -0.084787
v 0.071497 0.029002 -0.082645
v 0.072058 0.025264 -0.081877
v 0.071440 0.021515 -0.082712
v 0.069778 0.018758 -0.084960
v 0.067492 0.017776 -0.088038
v 0.065224 0.018878 -0.091076
v 0.063715 0.021729 -0.093091
v 0.063051 0.025381 -0.093976
v 0.070221 0.028656 -0.096266
v 0.071534 0.031492 -0.093506
v 0.072843 0.032588 -0.089860
v 0.073843 0.031675 -0.086158
v 0.074285 0.028961 -0.083317
v 0.074046 0.025119 -0.082100
v 0.073176 0.021170 -0.082885
v 0.071906 0.018210 -0.085493
v 0.070576 0.017067 -0.089219
v 0.069560 0.018061 -0.093020
v 0.069170 0.020869 -0.095710
v 0.069311 0.024661 -0.097047
v 0.077114 0.027066 -0.096961
v 0.077877 0.030012 -0.094140
v 0.078177 0.031349 -0.090373
v 0.077937 0.030736 -0.086512
v 0.077211 0.028295 -0.083515
v 0.076177 0.024626 -0.082195
v 0.075118 0.020712 -0.082965
v 0.074332 0.017646 -0.085646
v 0.074035 0.016279 -0.089507
v 0.074308 0.016982 -0.093465
v 0.075066 0.019514 -0.096282
v 0.076056 0.023137 -0.097635
v 0.083657 0.024979 -0.095852
v 0.083975 0.028072 -0.093137
v 0.083450 0.029668 -0.089482
v 0.082203 0.029362 -0.085744
v 0.080540 0.027205 -0.082864
v 0.078890 0.023728 -0.081628
v 0.077714 0.019865 -0.082414
v 0.077346 0.016686 -0.085026
v 0.077889 0.015066 -0.088750
v 0.079191 0.015440 -0.092553
v 0.080860 0.017678 -0.095281
v 0.082476 0.021114 -0.096542
v 0.089743 0.022569 -0.093228
v 0.089731 0.025835 -0.090697
v 0.088566 0.027703 -0.087273
v 0.086532 0.027694 -0.083791
v 0.084144 0.025783 -0.081151
v 0.082036 0.022450 -0.080079
v 0.080794 0.018593 -0.080893
v 0.080766 0.015279 -0.083375
v 0.081956 0.013406 -0.086841
v 0.084034 0.013468 -0.090348
v 0.086405 0.015438 -0.092878
v 0.088486 0.018729 -0.093967
v 0.095347 0.019966 -0.089313
v 0.095092 0.023438 -0.086989
v 0.093417 0.025601 -0.083847
v 0.090738 0.025877 -0.080682
v 0.087756 0.024164 -0.078337
v 0.085282 0.020903 -0.077464
v 0.084005 0.016988 -0.078312
v 0.084263 0.013500 -0.080638
v 0.085973 0.011371 -0.083802
v 0.088666 0.011154 -0.086950
v 0.091600 0.012897 -0.089212
v 0.094041 0.016095 -0.090095
v 0.100476 0.017287 -0.084287
v 0.100020 0.021040 -0.082154
v 0.097883 0.023542 -0.079309
v 0.094605 0.024100 -0.076494
v 0.091071 0.022528 -0.074478
v 0.088267 0.019247 -0.073829
v 0.086968 0.015183 -0.074717
v 0.087494 0.011458 -0.076876
v 0.089666 0.009048 -0.079711
v 0.092901 0.008565 -0.082472
v 0.096333 0.010126 -0.084417
v 0.099102 0.013293 -0.085093
v 0.105120 0.014641 -0.078255
v 0.104460 0.018809 -0.076297
v 0.101832 0.021734 -0.073773
v 0.097910 0.022575 -0.071356
v 0.093797 0.021070 -0.069724
v 0.090661 0.017659 -0.069331
v 0.089345 0.013334 -0.070258
v 0.090135 0.009281 -0.072222
v 0.092762 0.006537 -0.074689
v 0.096534 0.005772 -0.077022
v 0.100471 0.007185 -0.078600
v 0.103614 0.010389 -0.079069
v 0.109148 0.012132 -0.071211
v 0.108264 0.016879 -0.069463
v 0.105075 0.020320 -0.067351
v 0.100437 0.021442 -0.065454
v 0.095710 0.019929 -0.064310
v 0.092239 0.016287 -0.064217
v 0.090908 0.011602 -0.065161
v 0.091955 0.007136 -0.066860
v 0.095029 0.003986 -0.068867
v 0.099353 0.002899 -0.070679
v 0.103827 0.004181 -0.071805
v 0.107424 0.007483 -0.072029
v 0.112220 0.009882 -0.063082
v 0.111100 0.015308 -0.061655
v 0.107338 0.019313 -0.060152
v 0.101998 0.020701 -0.058985
v 0.096697 0.019132 -0.058475
v 0.092926 0.015208 -0.058730
v 0.091580 0.010122 -0.059644
v 0.092845 0.005209 -0.060961
v 0.096309 0.001625 -0.062352
v 0.101136 0.000185 -0.063480
v 0.106143 0.001324 -0.064024
v 0.110235 0.004751 -0.063914
v 0.113911 0.008044 -0.053919
v 0.112598 0.014142 -0.052978
v 0.108338 0.018656 -0.052308
v 0.102449 0.020245 -0.052090
v 0.096736 0.018606 -0.052354
v 0.092756 0.014430 -0.052988
v 0.091389 0.008991 -0.053810
v 0.092778 0.003676 -0.054620
v 0.096489 -0.000323 -0.055235
v 0.101684 -0.002113 -0.055506
v 0.107129 -0.001121 -0.055326
v 0.111666 0.002431 -0.054774
v 0.113770 0.006804 -0.044044
v 0.112406 0.013417 -0.043727
v 0.107887 0.018311 -0.044053
v 0.101722 0.020024 -0.044903
v 0.095825 0.018316 -0.045988
v 0.091744 0.013955 -0.046994
v 0.090333 0.008260 -0.047679
v 0.091723 0.002646 -0.047910
v 0.095495 -0.001666 -0.047655
v 0.100835 -0.003719 -0.046963
v 0.106521 -0.002843 -0.045974
v 0.111334 0.000816 -0.044910
v 0.111811 0.006274 -0.034233
v 0.110499 0.013189 -0.034513
v 0.105963 0.018262 -0.035765
v 0.099811 0.020007 -0.037557
v 0.093941 0.018248 -0.039337
v 0.089849 0.013788 -0.040641
v 0.088372 0.007954 -0.041189
v 0.089660 0.002171 -0.040907
v 0.093329 -0.002318 -0.039885
v 0.098615 -0.004517 -0.038344
v 0.104338 -0.003693 -0.036637
v 0.109252 0.000044 -0.035107
v 0.108909 0.006216 -0.025190
v 0.107616 0.013363 -0.025941
v 0.103126 0.018523 -0.027917
v 0.097082 0.020258 -0.030435
v 0.091295 0.018460 -0.032759
v 0.087198 0.013923 -0.034322
v 0.085634 0.007961 -0.034805
v 0.086796 0.002014 -0.034162
v 0.090355 -0.002642 -0.032566
v 0.095584 -0.004949 -0.030355
v 0.101306 -0.004104 -0.028063
v 0.106266 -0.000255 -0.026118
v 0.105550 0.006391 -0.017355
v 0.104271 0.013686 -0.018486
v 0.099905 0.018859 -0.021067
v 0.094071 0.020564 -0.024203
v 0.088457 0.018747 -0.027023
v 0.084411 0.014169 -0.028864
v 0.082784 0.008116 -0.029355
v 0.083817 0.002035 -0.028451
v 0.087237 -0.002756 -0.026377
v 0.092357 -0.005132 -0.023569
v 0.097990 -0.004228 -0.020728
v 0.102894 -0.000272 -0.018381
v 0.101831 0.006753 -0.010463
v 0.100607 0.014149 -0.011929
v 0.096436 0.019303 -0.015079
v 0.090887 0.020963 -0.018809
v 0.085513 0.019123 -0.022123
v 0.081576 0.014510 -0.024273
v 0.079915 0.008385 -0.024818
v 0.080806 0.002201 -0.023701
v 0.084034 -0.002693 -0.021182
v 0.088965 -0.005118 -0.017786
v 0.094437 -0.004157 -0.014374
v 0.099218 -0.000082 -0.011606
v 0.097920 0.007244 -0.004543
v 0.096784 0.014702 -0.006279
v 0.092849 0.019812 -0.009918
v 0.087618 0.021417 -0.014174
v 0.082523 0.019545 -0.017947
v 0.078740 0.014901 -0.020404
v 0.077079 0.008729 -0.021037
v 0.077833 0.002482 -0.019761
v 0.080832 -0.002475 -0.016862
v 0.085509 -0.004933 -0.012936
v 0.090771 -0.003936 -0.008977
v 0.095389 0.000259 -0.005804
v 0.094017 0.007798 0.000441
v 0.092955 0.015295 -0.001489
v 0.089240 0.020347 -0.005491
v 0.084304 0.021892 -0.010156
v 0.079478 0.019983 -0.014307
v 0.075866 0.015316 -0.017034
v 0.074236 0.009122 -0.017767
v 0.074877 0.002849 -0.016397
v 0.077653 -0.002138 -0.013220
v 0.082068 -0.004624 -0.008877
v 0.087118 -0.003616 -0.004454
v 0.091573 0.000678 -0.000930
v 0.090346 0.008342 0.004617
v 0.089289 0.015885 0.002553
v 0.085698 0.020865 -0.001669
v 0.080966 0.022351 -0.006586
v 0.076342 0.020413 -0.010990
v 0.072881 0.015733 -0.013916
v 0.071302 0.009540 -0.014749
v 0.071877 0.003267 -0.013359
v 0.074492 -0.001740 -0.010037
v 0.078713 -0.004268 -0.005425
v 0.083612 -0.003274 -0.000671
v 0.087963 0.001080 0.003130
v 0.087052 0.008817 0.008134
v 0.085909 0.016429 0.006023
v 0.082298 0.021353 0.001731
v 0.077616 0.022782 -0.003273
v 0.073084 0.020807 -0.007781
v 0.069715 0.016131 -0.010815
v 0.068189 0.009958 -0.011743
v 0.068760 0.003692 -0.010411
v 0.071326 -0.001342 -0.007086
v 0.075490 -0.003936 -0.002379
v 0.080361 -0.002981 0.002551
v 0.084697 0.001408 0.006532
v 0.084213 0.009183 0.011170
v 0.082884 0.016889 0.009122
v 0.079084 0.021788 0.004915
v 0.074273 0.023168 -0.000010
v 0.069685 0.021170 -0.004477
v 0.066323 0.016495 -0.007527
v 0.064842 0.010340 -0.008536
v 0.065480 0.004072 -0.007332
v 0.068131 -0.001008 -0.004142
v 0.072415 -0.003686 0.000485
v 0.077417 -0.002783 0.005421
v 0.081860 0.001623 0.009469
v 0.081821 0.009423 0.013960
v 0.080211 0.017254 0.012099
v 0.076063 0.022164 0.008127
v 0.070951 0.023513 0.003433
v 0.066166 0.021476 -0.000861
v 0.062723 0.016795 -0.003844
v 0.061267 0.010643 -0.004922
v 0.062028 0.004353 -0.003905
v 0.064893 -0.000790 -0.000970
v 0.069467 -0.003567 0.003409
v 0.074763 -0.002725 0.008196
v 0.079433 0.001707 0.012188
v 0.079742 0.009538 0.016823
v 0.077808 0.017523 0.015256
v 0.073211 0.022491 0.011637
v 0.067669 0.023817 0.007284
v 0.062572 0.021725 0.003259
v 0.058973 0.017001 0.000411
v 0.057522 0.010818 -0.000713
v 0.058441 0.004479 0.000076
v 0.061604 -0.000748 0.002664
v 0.066587 -0.003621 0.006667
v 0.072295 -0.002832 0.011182
v 0.077289 0.001654 0.015017
v 0.077705 0.009529 0.020188
v 0.075496 0.017680 0.018968
v 0.070440 0.022746 0.015763
v 0.064412 0.024049 0.011815
v 0.058948 0.021870 0.008132
v 0.055161 0.017064 0.005482
v 0.053701 0.010821 0.004341
v 0.054780 0.004420 0.004894
v 0.058257 -0.000884 0.007086
v 0.063670 -0.003840 0.010631
v 0.069821 -0.003086 0.014799
v 0.075165 0.001487 0.018396
v 0.075587 0.009389 0.024408
v 0.073234 0.017724 0.023468
v 0.067774 0.022937 0.020645
v 0.061260 0.024212 0.017109
v 0.055426 0.021905 0.013807
v 0.051443 0.016974 0.011409
v 0.049954 0.010638 0.010314
v 0.051152 0.004163 0.010690
v 0.054885 -0.001209 0.012524
v 0.060665 -0.004214 0.015616
v 0.067237 -0.003483 0.019383
v 0.072931 0.001200 0.022695
v 0.072758 0.009162 0.029791
v 0.070546 0.017453 0.028975
v 0.064896 0.022698 0.026561
v 0.058088 0.023889 0.023578
v 0.052065 0.021459 0.020873
v 0.048029 0.016518 0.018977
v 0.046543 0.010317 0.018154
v 0.047740 0.004046 0.018498
v 0.051473 -0.001157 0.019993
v 0.057293 -0.004102 0.022495
v 0.064075 -0.003499 0.025555
v 0.069996 0.001116 0.028346
v 0.070122 0.009018 0.034866
v 0.068147 0.017065 0.034147
v 0.062503 0.022234 0.032167
v 0.055625 0.023334 0.029794
v 0.049606 0.020878 0.027735
v 0.045631 0.016059 0.026371
v 0.044189 0.010123 0.025858
v 0.045359 0.004184 0.026231
v 0.048977 -0.000717 0.027448
v 0.054619 -0.003506 0.029386
v 0.061309 -0.003024 0.031713
v 0.067264 0.001352 0.033829
v 0.067904 0.008998 0.039231
v 0.066174 0.016635 0.038600
v 0.060691 0.021596 0.037106
v 0.053961 0.022587 0.035428
v 0.048145 0.020182 0.034075
v 0.044364 0.015623 0.033269
v 0.043016 0.010093 0.033065
v 0.044144 0.004615 0.033451
v 0.047564 0.000129 0.034371
v 0.052859 -0.002429 0.035720
v 0.059196 -0.002069 0.037280
v 0.064985 0.001892 0.038650
v 0.066393 0.009118 0.042997
v 0.064870 0.016329 0.042436
v 0.059626 0.021103 0.041440
v 0.053092 0.022065 0.040452
v 0.047473 0.019746 0.039768
v 0.043889 0.015407 0.039470
v 0.042670 0.010229 0.039534
v 0.043778 0.005164 0.039909
v 0.047005 0.001036 0.040537
v 0.051976 -0.001336 0.041344
v 0.057957 -0.001060 0.042195
v 0.063497 0.002541 0.042854
v 0.065180 0.009393 0.046412
v 0.063838 0.015996 0.045938
v 0.059054 0.020478 0.045426
v 0.052954 0.021530 0.045088
v 0.047578 0.019483 0.045009
v 0.044102 0.015423 0.045148
v 0.042934 0.010512 0.045422
v 0.044044 0.005728 0.045757
v 0.047187 0.001891 0.046096
v 0.051929 -0.000226 0.046393
v 0.057468 0.000143 0.046588
v 0.062501 0.003437 0.046628
v 0.064129 0.009754 0.049486
v 0.062944 0.015598 0.049145
v 0.058745 0.019610 0.049082
v 0.053345 0.020640 0.049305
v 0.048520 0.018897 0.049715
v 0.045352 0.015279 0.050178
v 0.044296 0.010816 0.050566
v 0.045368 0.006460 0.050793
v 0.048297 0.003030 0.050823
v 0.052587 0.001233 0.050656
v 0.057425 0.001649 0.050324
v 0.061777 0.004521 0.049928
v 0.063305 0.010119 0.052133
v 0.062246 0.015174 0.051954
v 0.058644 0.018634 0.052258
v 0.054030 0.019537 0.052891
v 0.049903 0.018039 0.053628
v 0.047200 0.014890 0.054266
v 0.046328 0.010986 0.054664
v 0.047307 0.007180 0.054748
v 0.049887 0.004212 0.054510
v 0.053594 0.002711 0.053994
v 0.057670 0.003125 0.053311
v 0.061320 0.005591 0.052664
v 0.062699 0.010444 0.054408
v 0.061742 0.014745 0.054402
v 0.058695 0.017642 0.054970
v 0.054840 0.018361 0.055853
v 0.051417 0.017045 0.056748
v 0.049204 0.014337 0.057428
v 0.048523 0.011004 0.057767
v 0.049389 0.007765 0.057716
v 0.051590 0.005256 0.057285
v 0.054713 0.004022 0.056550
v 0.058086 0.004426 0.055681
v 0.061085 0.006554 0.054925
v 0.062278 0.010726 0.056437
v 0.061397 0.014328 0.056590
v 0.058844 0.016680 0.057323
v 0.055678 0.017192 0.058314
v 0.052907 0.016013 0.059234
v 0.051148 0.013704 0.059870
v 0.050646 0.010902 0.060119
v 0.051405 0.008199 0.059954
v 0.053256 0.006125 0.059403
v 0.055850 0.005148 0.058563
v 0.058602 0.005558 0.057636
v 0.061017 0.007405 0.056876
v 0.061988 0.010995 0.058361
v 0.061157 0.013937 0.058644
v 0.059033 0.015757 0.059448
v 0.056485 0.016045 0.060429
v 0.054305 0.014970 0.061280
v 0.052963 0.013013 0.061812
v 0.052636 0.010697 0.061952
v 0.053318 0.008497 0.061697
v 0.054872 0.006848 0.061088
v 0.057000 0.006143 0.060236
v 0.059189 0.006592 0.059359
v 0.061066 0.008197 0.058681
v 0.061769 0.011321 0.060288
v 0.060941 0.013602 0.060689
v 0.059194 0.014863 0.061490
v 0.057212 0.014892 0.062366
v 0.055583 0.013878 0.063059
v 0.054649 0.012229 0.063428
v 0.054520 0.010369 0.063434
v 0.055174 0.008669 0.063096
v 0.056490 0.007476 0.062472
v 0.058198 0.007095 0.061686
v 0.059852 0.007628 0.060958
v 0.061201 0.009021 0.060448
v 0.061495 0.011731 0.062233
v 0.060619 0.013265 0.062696
v 0.059207 0.013931 0.063391
v 0.057763 0.013675 0.064064
v 0.056691 0.012711 0.064535
v 0.056190 0.011376 0.064723
v 0.056299 0.009987 0.064622
v 0.056972 0.008811 0.064261
v 0.058085 0.008106 0.063704
v 0.059385 0.008069 0.063075
v 0.060498 0.008672 0.062582
v 0.061349 0.009898 0.062240
v -0.006441 0.087051 -0.028427
v 0.015017 0.071530 0.084792
v -0.089272 0.011623 -0.007027
v 0.126914 0.011071 -0.016492
v 0.127099 0.009261 0.111015
v -0.068467 0.013246 0.102912
v -0.006787 0.080905 0.028958
v -0.141191 0.010775 -0.004792
v 0.056114 0.070377 -0.020438
v 0.007303 0.070719 -0.076574
v -0.052975 0.050055 -0.034412
v 0.199083 0.010925 -0.006888
v 0.129127 0.008823 0.046005
v 0.056024 0.022383 0.098276
v 0.189524 0.008646 0.116328
v -0.086766 0.011209 0.050141
v -0.133674 0.009462 0.113706
v -0.041071 0.062463 0.086932
v -0.083319 0.012505 -0.062164
v 0.132681 0.011257 -0.069407
v 0.201204 0.008806 -0.067720
v 0.069761 0.064916 -0.075618
v -0.038094 0.033919 -0.070952
v -0.136226 0.009488 -0.067077
v -0.140480 0.009226 0.055142
v 0.048730 0.038223 0.037938
v 0.194635 0.008743 0.054693
v -0.057950 0.056647 0.024451
v -0.009623 0.085991 -0.000657
v -0.168914 0.009299 -0.006817
v 0.024052 0.087642 -0.021208
v 0.016041 0.050082 -0.097962
v 0.027358 0.067268 0.106602
v -0.067331 0.028008 -0.020191
v 0.167580 0.008811 -0.010297
v 0.128633 0.010050 0.013092
v 0.124857 0.008665 0.140401
v 0.044338 0.062213 0.091822
v 0.158457 0.008789 0.113793
v -0.089549 0.012493 0.021397
v -0.059897 0.017838 0.128193
v -0.162880 0.008799 0.115282
v -0.059239 0.043559 0.096435
v -0.075492 0.009137 -0.091255
v 0.137244 0.011664 -0.098762
v 0.001721 0.069648 0.057043
v -0.114708 0.011062 -0.004120
v 0.085475 0.037110 -0.021055
v -0.000122 0.082303 -0.053048
v -0.032795 0.072693 -0.036239
v 0.229256 0.008892 -0.004547
v 0.128921 0.009855 0.078913
v 0.093582 0.010732 0.106051
v 0.220400 0.008724 0.118820
v -0.080756 0.010189 0.078445
v -0.103011 0.009854 0.110534
v -0.016223 0.074727 0.082176
v -0.087229 0.009697 -0.033414
v 0.129763 0.014166 -0.047004
v 0.202214 0.009411 -0.098253
v 0.200105 0.008899 -0.036849
v 0.168959 0.009098 -0.067693
v 0.231962 0.008761 -0.066284
v 0.073085 0.043609 -0.099489
v 0.063563 0.073539 -0.047620
v 0.037492 0.075391 -0.076137
v 0.099222 0.038509 -0.074581
v -0.024412 0.015684 -0.091078
v -0.045866 0.043490 -0.053283
v -0.055613 0.010754 -0.063044
v -0.017620 0.055265 -0.076453
v -0.132733 0.009285 -0.098316
v -0.140379 0.010126 -0.035152
v -0.165728 0.008857 -0.069267
v -0.109450 0.012005 -0.063503
v -0.033303 0.069763 0.112298
v -0.128620 0.008767 0.141002
v -0.142031 0.010842 0.025670
v -0.137834 0.009428 0.084917
v -0.168177 0.009088 0.054852
v -0.113981 0.011526 0.054783
v 0.187132 0.008593 0.145879
v 0.057746 0.017981 0.125856
v 0.049871 0.058044 0.006966
v 0.057183 0.030706 0.070799
v 0.021281 0.066890 0.036544
v 0.085851 0.012333 0.038710
v 0.197035 0.008755 0.023888
v 0.192097 0.008890 0.085525
v 0.163742 0.008693 0.051326
v 0.225392 0.008847 0.057073
v -0.057646 0.054917 -0.008089
v -0.049609 0.053833 0.055923
v -0.069443 0.031576 0.036638
v -0.036303 0.075564 0.022067
v -0.026628 0.070779 0.052255
v -0.064635 0.035491 0.068884
v -0.071346 0.030849 0.005023
v 0.222893 0.008672 0.087990
v 0.161087 0.008728 0.082828
v 0.165666 0.010208 0.019972
v 0.092566 0.009250 0.074006
v 0.032307 0.063765 0.064808
v 0.020231 0.079484 0.006870
v 0.041639 0.047836 0.105209
v 0.156049 0.008676 0.143236
v -0.109507 0.008938 0.082779
v -0.165963 0.008799 0.085304
v -0.169012 0.009798 0.024300
v -0.159834 0.008756 0.144470
v -0.047278 0.050665 0.119124
v -0.113198 0.009596 -0.033058
v -0.167688 0.008749 -0.038250
v -0.163377 0.008786 -0.100533
v -0.025882 0.065988 -0.057775
v -0.059236 0.018994 -0.042433
v -0.053059 0.009622 -0.090033
v 0.093193 0.043399 -0.048444
v 0.030252 0.085539 -0.048831
v 0.044887 0.055274 -0.099075
v 0.230739 0.008712 -0.035386
v 0.169962 0.010158 -0.040748
v 0.170514 0.009745 -0.099054
v 0.233026 0.008708 -0.097227
v 0.102906 0.022535 -0.097234
v -0.009280 0.037037 -0.093691
v -0.104278 0.010133 -0.094566
v -0.004464 0.072599 0.106975
v -0.094920 0.008736 0.135161
v -0.115083 0.009231 0.025690
v 0.217927 0.009066 0.148531
v 0.093828 0.009047 0.134987
v 0.086200 0.028611 0.007276
v 0.227539 0.009424 0.026052
v -0.037448 0.076194 -0.009143
v -0.008703 0.087586 -0.014707
v 0.008555 0.089146 -0.023996
v 0.022286 0.035736 -0.104654
v 0.022551 0.072116 0.097869
v -0.073479 0.016104 -0.010149
v 0.148580 0.009875 -0.012840
v 0.127404 0.010084 -0.002056
v 0.125858 0.009293 0.126506
v 0.032265 0.071282 0.087641
v 0.142793 0.008802 0.112467
v -0.088518 0.010733 0.007729
v -0.063287 0.016144 0.115954
v -0.064031 0.029912 0.100900
v -0.073789 0.011625 -0.106712
v 0.138333 0.009718 -0.113886
v -0.002425 0.074142 0.042128
v -0.127909 0.009515 -0.003445
v 0.072150 0.057410 -0.020921
v 0.003371 0.077756 -0.064873
v -0.043682 0.062170 -0.037035
v 0.213578 0.009541 -0.005001
v 0.129021 0.009497 0.062544
v 0.074469 0.009310 0.101585
v 0.205040 0.008654 0.117621
v -0.083910 0.009690 0.064478
v -0.118154 0.009164 0.111401
v -0.029168 0.069675 0.083041
v -0.085961 0.009612 -0.047586
v 0.133384 0.018485 -0.058106
v 0.202792 0.009211 -0.113745
v 0.200512 0.008977 -0.052061
v 0.151529 0.010312 -0.068893
v 0.216871 0.009425 -0.067077
v 0.073125 0.028999 -0.105709
v 0.066900 0.070895 -0.062161
v 0.021789 0.074762 -0.076152
v 0.085781 0.054112 -0.075834
v -0.027574 0.010304 -0.104553
v -0.041146 0.038419 -0.062285
v -0.070465 0.012722 -0.062258
v -0.028243 0.044665 -0.074372
v -0.132070 0.009157 -0.113173
v -0.138133 0.009078 -0.051026
v -0.122296 0.010307 -0.065639
v -0.037859 0.068081 0.101050
v -0.131202 0.009351 0.128098
v -0.141080 0.009417 0.009912
v -0.139652 0.009858 0.070725
v -0.127128 0.009213 0.055997
v 0.188248 0.008593 0.131781
v 0.056039 0.017586 0.110426
v 0.052554 0.065357 -0.006812
v 0.052613 0.033238 0.055029
v 0.004260 0.075813 0.033790
v 0.068592 0.027689 0.038909
v 0.198408 0.008954 0.008139
v 0.193352 0.008774 0.070016
v 0.147174 0.009681 0.048857
v 0.210021 0.008842 0.055868
v -0.056445 0.052830 -0.021699
v -0.055321 0.056071 0.040238
v -0.074259 0.018361 0.043733
v -0.048366 0.067319 0.021548
v -0.009318 0.083306 0.014437
v -0.154574 0.009039 -0.006394
v 0.040112 0.080348 -0.020114
v 0.011177 0.060939 -0.086837
v -0.060924 0.038932 -0.028696
v 0.183524 0.008977 -0.008685
v 0.128935 0.008971 0.029285
v 0.047751 0.043123 0.095780
v 0.173995 0.008830 0.115092
v -0.089947 0.009299 0.035412
v -0.148472 0.009752 0.115009
v -0.051631 0.054807 0.092131
v -0.079619 0.009637 -0.076067
v 0.136117 0.009754 -0.084809
v 0.008382 0.071242 0.071700
v -0.102544 0.009676 -0.003899
v 0.106928 0.025183 -0.018637
v -0.003474 0.085592 -0.041240
v -0.020261 0.081309 -0.032947
v 0.128053 0.009271 0.095099
v 0.110682 0.009778 0.109087
v -0.076556 0.010336 0.092327
v -0.086401 0.010785 0.107128
v -0.001458 0.074304 0.082999
v -0.088727 0.009662 -0.021637
v 0.127472 0.011956 -0.032115
v 0.202075 0.008974 -0.083217
v 0.199083 0.009366 -0.021006
v 0.185432 0.008927 -0.067889
v 0.071399 0.055164 -0.088871
v 0.060372 0.073749 -0.033681
v 0.053485 0.072381 -0.076278
v 0.114723 0.023554 -0.071659
v -0.030959 0.026402 -0.079042
v -0.049561 0.047636 -0.045276
v -0.043668 0.021929 -0.066768
v -0.006246 0.063787 -0.076388
v -0.134643 0.009556 -0.082380
v -0.140190 0.009607 -0.020830
v -0.151034 0.009383 -0.068154
v -0.096909 0.009784 -0.061378
v -0.141494 0.009240 0.040376
v -0.135858 0.009129 0.099052
v -0.154522 0.008994 0.055288
v -0.100835 0.010876 0.053782
v 0.046879 0.047496 0.020941
v 0.056359 0.027908 0.082330
v 0.033052 0.055389 0.036834
v 0.108761 0.009823 0.042745
v 0.195833 0.009049 0.039223
v 0.190810 0.008823 0.100861
v 0.179077 0.008779 0.053317
v -0.058745 0.056379 0.008029
v -0.044862 0.057746 0.072566
v -0.065121 0.044832 0.029853
v -0.022439 0.079465 0.024662
v -0.032153 0.072972 0.037057
v -0.021887 0.072671 0.068448
v -0.038238 0.063107 0.052609
v -0.013314 0.070106 0.053676
v -0.065651 0.032798 0.052986
v -0.062592 0.039229 0.083501
v -0.067806 0.022166 0.074472
v -0.059217 0.045836 0.062066
v -0.068985 0.028700 -0.008878
v -0.072162 0.031667 0.021154
v -0.076085 0.017331 0.013240
v -0.066240 0.043473 -0.002186
v 0.224162 0.008726 0.072526
v 0.221676 0.008762 0.103419
v 0.207564 0.008839 0.086731
v 0.162366 0.009215 0.067277
v 0.159685 0.009052 0.098379
v 0.145463 0.008923 0.081197
v 0.176623 0.009126 0.084214
v 0.166203 0.009072 0.005302
v 0.164704 0.009085 0.035601
v 0.147857 0.009181 0.017153
v 0.181394 0.009078 0.022174
v 0.089866 0.009358 0.056998
v 0.092900 0.010690 0.089979
v 0.069820 0.014442 0.070383
v 0.110691 0.010539 0.076562
v 0.023480 0.062864 0.052359
v 0.039793 0.063110 0.078232
v 0.016782 0.067604 0.061624
v 0.041096 0.047202 0.069610
v 0.021920 0.084946 -0.007602
v 0.020331 0.074699 0.022094
v 0.004393 0.085083 0.003599
v 0.035802 0.069912 0.007550
v 0.047185 0.056752 0.101342
v 0.040242 0.061603 0.109940
v 0.045093 0.032250 0.114928
v 0.157178 0.008733 0.129301
v 0.140402 0.008736 0.141834
v 0.171554 0.008604 0.144612
v -0.112615 0.010700 0.069109
v -0.106429 0.009788 0.096100
v -0.124183 0.010487 0.084354
v -0.094248 0.011519 0.081287
v -0.167192 0.009421 0.070043
v -0.164533 0.009437 0.100552
v -0.151682 0.010001 0.084966
v -0.169216 0.008830 0.008578
v -0.168885 0.008912 0.039405
v -0.155249 0.009329 0.024655
v -0.161374 0.008742 0.130624
v -0.144648 0.008688 0.143143
v -0.053198 0.047461 0.108368
v -0.053117 0.034689 0.123365
v -0.043901 0.064670 0.116493
v -0.110593 0.009431 -0.049431
v -0.114341 0.012071 -0.018332
v -0.126156 0.010084 -0.034265
v -0.099120 0.011255 -0.032648
v -0.166762 0.009576 -0.053665
v -0.168350 0.009620 -0.022573
v -0.153368 0.010696 -0.037269
v -0.162275 0.008792 -0.116033
v -0.164547 0.008621 -0.084991
v -0.148147 0.008692 -0.099420
v -0.021882 0.061276 -0.067199
v -0.029315 0.069635 -0.047392
v -0.036585 0.055163 -0.057182
v -0.013626 0.075315 -0.055817
v -0.059152 0.017534 -0.052166
v -0.064125 0.023318 -0.032224
v -0.073829 0.010679 -0.037577
v -0.053984 0.031988 -0.049312
v -0.049560 0.013065 -0.106026
v -0.055810 0.010729 -0.074540
v -0.064671 0.013242 -0.090013
v -0.040632 0.009874 -0.091541
v 0.094558 0.040129 -0.062393
v 0.088089 0.041146 -0.035962
v 0.079527 0.061398 -0.047810
v 0.111556 0.028346 -0.047737
v 0.033860 0.081835 -0.062511
v 0.026956 0.087236 -0.034806
v 0.014537 0.086191 -0.050522
v 0.046708 0.081390 -0.047935
v 0.047596 0.042009 -0.109508
v 0.041260 0.065641 -0.089489
v 0.029853 0.054924 -0.100665
v 0.056806 0.051262 -0.099138
v 0.231476 0.008919 -0.050976
v 0.230029 0.009143 -0.019990
v 0.215409 0.009457 -0.036120
v 0.167843 0.011004 -0.053656
v 0.168878 0.008999 -0.025373
v 0.151442 0.010459 -0.043433
v 0.183566 0.009873 -0.037037
v 0.171246 0.009017 -0.114450
v 0.169861 0.009318 -0.083806
v 0.154101 0.009020 -0.099026
v 0.186762 0.008955 -0.098961
v 0.233602 0.009098 -0.112753
v 0.232569 0.008735 -0.081874
v 0.217770 0.009067 -0.097782
v 0.102884 0.012356 -0.110953
v 0.103053 0.031751 -0.085995
v 0.088505 0.033953 -0.099739
v 0.119078 0.011031 -0.096935
v -0.003396 0.023055 -0.099844
v -0.013996 0.047811 -0.086227
v -0.018066 0.027762 -0.092996
v 0.002636 0.044435 -0.095824
v -0.102160 0.009067 -0.109847
v -0.107664 0.009267 -0.079002
v -0.119086 0.009527 -0.095947
v -0.090593 0.008956 -0.092740
v -0.009819 0.074833 0.096008
v -0.018937 0.070722 0.107853
v 0.010417 0.070315 0.105787
v -0.098408 0.009848 0.122755
v -0.112220 0.008873 0.138588
v -0.078058 0.010729 0.132420
v -0.115311 0.009165 0.011207
v -0.115367 0.009966 0.042080
v -0.128668 0.009098 0.026002
v -0.101571 0.010742 0.025746
v 0.219167 0.008709 0.134311
v 0.202615 0.008646 0.147185
v 0.093925 0.010303 0.121236
v 0.075941 0.011728 0.131497
v 0.109461 0.008691 0.138084
v 0.087208 0.035288 -0.007160
v 0.084352 0.020185 0.021943
v 0.064763 0.039611 0.004564
v 0.104955 0.013417 0.007980
v 0.228148 0.009384 0.011016
v 0.226480 0.008877 0.041676
v 0.212498 0.009040 0.025019
v -0.035544 0.074779 -0.023375
v -0.037604 0.076114 0.006277
v -0.048671 0.066690 -0.010119
v -0.023936 0.082687 -0.005355
v -0.024016 0.081766 0.009742
v -0.049485 0.067729 0.005525
v -0.046206 0.064472 -0.024334
v 0.211254 0.009028 0.040394
v 0.213541 0.010336 0.009521
v 0.106748 0.009352 0.025196
v 0.066322 0.032443 0.021522
v 0.066862 0.048544 -0.010414
v 0.075744 0.009485 0.117340
v 0.203760 0.008685 0.133021
v -0.102064 0.011070 0.040288
v -0.127660 0.010896 0.041026
v -0.128867 0.009915 0.010574
v -0.114980 0.009300 0.125791
v -0.023688 0.071513 0.097574
v -0.093554 0.009524 -0.077121
v -0.119861 0.010058 -0.081057
v -0.116750 0.009241 -0.111608
v -0.001176 0.054849 -0.086835
v -0.022745 0.037211 -0.083561
v -0.016558 0.015942 -0.101728
v 0.118096 0.020266 -0.085148
v 0.086642 0.043759 -0.087096
v 0.089162 0.021811 -0.107115
v 0.217072 0.009086 -0.082335
v 0.218248 0.009071 -0.113159
v 0.186223 0.008895 -0.083469
v 0.152481 0.010779 -0.084048
v 0.155047 0.009563 -0.114303
v 0.184418 0.010962 -0.023515
v 0.149849 0.008924 -0.028177
v 0.152969 0.010292 -0.056716
v 0.214742 0.008831 -0.020811
v 0.216075 0.008862 -0.051591
v 0.055654 0.063006 -0.089798
v 0.025690 0.065471 -0.088921
v 0.034757 0.040304 -0.108326
v 0.043408 0.082431 -0.033772
v 0.011303 0.088702 -0.037560
v 0.018080 0.081588 -0.063363
v 0.108793 0.027042 -0.034079
v 0.075494 0.060510 -0.034165
v 0.081943 0.058831 -0.062254
v -0.042197 0.013709 -0.075240
v -0.067078 0.010458 -0.076871
v -0.062335 0.010884 -0.103889
v -0.055734 0.035143 -0.038686
v -0.074291 0.011367 -0.026271
v -0.072325 0.010305 -0.050792
v -0.017099 0.078970 -0.044999
v -0.040442 0.058251 -0.047133
v -0.032824 0.050731 -0.066128
v -0.149390 0.008720 -0.083654
v -0.154329 0.009947 -0.021414
v -0.100950 0.012381 -0.018189
v -0.127508 0.010629 -0.018489
v -0.124431 0.010396 -0.049764
v -0.059707 0.033083 0.113152
v -0.154762 0.010068 0.039799
v -0.150256 0.008923 0.099922
v -0.089453 0.009733 0.094034
v -0.121327 0.009367 0.098037
v -0.126344 0.009294 0.069287
v 0.141446 0.008796 0.128030
v 0.038253 0.069468 0.099982
v 0.034751 0.062520 0.022795
v 0.003637 0.080515 0.018635
v 0.006209 0.088656 -0.010246
v 0.047236 0.045779 0.083277
v 0.025221 0.069964 0.074601
v 0.009372 0.071329 0.047969
v 0.110966 0.009428 0.092867
v 0.072849 0.012604 0.085815
v 0.070202 0.021299 0.055421
v 0.180269 0.008823 0.037747
v 0.147676 0.009222 0.033029
v 0.148759 0.011101 0.001757
v 0.175328 0.008666 0.099611
v 0.144158 0.009335 0.096923
v 0.146455 0.008745 0.065011
v 0.206281 0.008655 0.102135
v 0.208811 0.008895 0.071317
v -0.066454 0.044226 0.013573
v -0.076944 0.018559 0.028760
v -0.074666 0.017048 0.000196
v -0.055458 0.048954 0.078297
v -0.067251 0.026184 0.088452
v -0.069894 0.018872 0.058981
v -0.007509 0.072395 0.069853
v -0.033383 0.065667 0.069044
v -0.044531 0.065296 0.037114
v -0.018296 0.074272 0.038775
v -0.062141 0.045456 0.046249
v -0.064201 0.042085 -0.016652
v 0.177967 0.008822 0.068909
v 0.182499 0.009468 0.006918
v 0.109827 0.010597 0.059923
v 0.035292 0.049196 0.054320
v 0.037794 0.077133 -0.006242
v 0.047603 0.036884 0.103598
v 0.172713 0.008615 0.130510
v -0.098216 0.009232 0.068345
v -0.153124 0.009233 0.070002
v -0.155203 0.009820 0.009663
v -0.146216 0.008941 0.129395
v -0.047811 0.060807 0.105246
v -0.097675 0.012726 -0.048024
v -0.152834 0.009563 -0.052139
v -0.146862 0.008844 -0.114859
v -0.010028 0.070455 -0.066535
v -0.049398 0.028227 -0.056390
v -0.035710 0.010393 -0.107056
v 0.114380 0.028981 -0.060358
v 0.050175 0.078176 -0.062200
v 0.058578 0.036842 -0.107589
v 0.184423 0.008985 -0.052722
v 0.187209 0.009105 -0.114194
v 0.121552 0.009262 -0.112997
v 0.007893 0.030395 -0.103545
v -0.087152 0.009307 -0.108644
v 0.005127 0.074041 0.096316
v -0.082422 0.009237 0.120762
v -0.101992 0.009740 0.009884
v 0.110240 0.009515 0.124490
v 0.106375 0.022183 -0.005323
v -0.022665 0.082662 -0.019713
v -0.007669 0.087356 -0.021666
v 0.000928 0.088608 -0.026118
v 0.025160 0.029279 -0.107639
v 0.019028 0.071875 0.091797
v -0.081360 0.012972 -0.008526
v 0.138589 0.010714 -0.014703
v 0.127115 0.011548 -0.009188
v 0.126590 0.009391 0.118856
v 0.024404 0.071497 0.086153
v 0.134960 0.008777 0.111790
v -0.089263 0.009504 -0.000096
v -0.065403 0.015035 0.109215
v -0.066717 0.022682 0.102254
v -0.073356 0.010049 -0.112439
v 0.138836 0.008877 -0.120459
v -0.004427 0.077409 0.035234
v -0.134613 0.009879 -0.003793
v 0.065007 0.064971 -0.020421
v 0.005381 0.074325 -0.070441
v -0.047682 0.055894 -0.035781
v 0.206161 0.010725 -0.005779
v 0.129224 0.008906 0.054306
v 0.063545 0.012771 0.099396
v 0.197306 0.008620 0.116980
v -0.085251 0.011020 0.057325
v -0.126127 0.009016 0.112398
v -0.035491 0.066467 0.084504
v -0.084427 0.009448 -0.055880
v 0.132471 0.014571 -0.061813
v 0.203016 0.008923 -0.120160
v 0.200812 0.008831 -0.059913
v 0.142904 0.011541 -0.069456
v 0.209255 0.008720 -0.067452
v 0.072712 0.022296 -0.107202
v 0.068585 0.068590 -0.069119
v 0.014377 0.073125 -0.076308
v 0.077691 0.059541 -0.075225
v -0.025975 0.010168 -0.113182
v -0.040060 0.036595 -0.067346
v -0.076490 0.012683 -0.062065
v -0.032884 0.038970 -0.072298
v -0.131422 0.008743 -0.119764
v -0.137086 0.008887 -0.059166
v -0.129108 0.010216 -0.066240
v -0.039728 0.065905 0.094102
v -0.132666 0.008971 0.120983
v -0.140865 0.010748 0.002351
v -0.140077 0.008915 0.063209
v -0.133855 0.010187 0.055708
v 0.188907 0.008648 0.124033
v 0.057960 0.020330 0.104499
v 0.054168 0.068099 -0.013804
v 0.050740 0.035361 0.046576
v -0.000629 0.080771 0.031881
v 0.059201 0.032442 0.038701
v 0.199098 0.009314 0.000298
v 0.193987 0.009047 0.062390
v 0.138616 0.009259 0.047589
v 0.202337 0.008734 0.055257
v -0.054707 0.051239 -0.028506
v -0.056466 0.056306 0.032435
v -0.078856 0.010417 0.046959
v -0.053170 0.062087 0.022656
v -0.009723 0.084737 0.006850
v -0.161967 0.008901 -0.006560
v 0.031426 0.083839 -0.020637
v 0.013872 0.055014 -0.092140
v -0.063287 0.032919 -0.024318
v 0.175661 0.009946 -0.009336
v 0.128868 0.009822 0.021155
v 0.045188 0.053062 0.094511
v 0.166277 0.008763 0.114476
v -0.091064 0.010013 0.027117
v -0.155602 0.009322 0.115012
v -0.055012 0.049133 0.094436
v -0.077555 0.010324 -0.083356
v 0.136907 0.011506 -0.091982
v 0.005477 0.070295 0.064328
v -0.108187 0.011254 -0.003969
v 0.096752 0.030044 -0.019756
v -0.001878 0.084154 -0.047105
v -0.026676 0.077312 -0.034823
v 0.235748 0.008625 -0.004274
v 0.128517 0.009115 0.086855
v 0.102081 0.009060 0.107759
v 0.226913 0.008628 0.119343
v -0.079081 0.010107 0.085460
v -0.094767 0.009159 0.109086
v -0.009077 0.074840 0.082584
v -0.088121 0.011989 -0.027278
v 0.128485 0.013108 -0.039468
v 0.202168 0.009673 -0.090765
v 0.199554 0.009013 -0.028822
v 0.177340 0.009407 -0.067847
v 0.238567 0.008643 -0.066036
v 0.072504 0.049867 -0.094870
v 0.061979 0.074028 -0.040488
v 0.045487 0.074560 -0.076305
v 0.106603 0.030594 -0.073123
v -0.027349 0.021524 -0.084014
v -0.047267 0.045646 -0.048881
v -0.047336 0.014509 -0.063642
v -0.012715 0.060342 -0.077024
v -0.133548 0.008877 -0.090375
v -0.140406 0.011228 -0.028059
v -0.158310 0.008861 -0.068583
v -0.103873 0.010646 -0.061823
v -0.141566 0.010487 0.032729
v -0.136949 0.010093 0.091954
v -0.161465 0.009792 0.055076
v -0.107500 0.011824 0.054465
v 0.047623 0.052885 0.013389
v 0.058672 0.030430 0.076980
v 0.028401 0.063259 0.037731
v 0.097928 0.009276 0.040769
v 0.196390 0.008821 0.031584
v 0.191439 0.008863 0.093187
v 0.171513 0.009248 0.052366
v 0.231813 0.008630 0.057579
v -0.058506 0.055923 -0.000095
v -0.046417 0.054804 0.064634
v -0.067701 0.038420 0.033166
v -0.029689 0.077940 0.023274
v -0.034539 0.074413 0.029511
v -0.024545 0.071539 0.060384
v -0.043459 0.058006 0.053542
v -0.021201 0.071643 0.053500
v -0.067721 0.032002 0.044817
v -0.063045 0.036804 0.076460
v -0.070635 0.013235 0.076383
v -0.061474 0.040632 0.065391
v -0.070069 0.029044 -0.015417
v -0.072233 0.031520 0.013205
v -0.082432 0.014390 0.018288
v -0.069532 0.037450 0.001307
v 0.224788 0.008738 0.064804
v 0.222285 0.008730 0.095699
v 0.199836 0.008714 0.086108
v 0.229432 0.008589 0.088523
v 0.163057 0.008722 0.059382
v 0.160450 0.008841 0.090681
v 0.137222 0.009371 0.080045
v 0.169023 0.008791 0.083579
v 0.166776 0.008803 -0.002503
v 0.165167 0.009871 0.027852
v 0.138532 0.010596 0.015485
v 0.173248 0.009104 0.021059
v 0.087811 0.010061 0.047820
v 0.093219 0.009498 0.082333
v 0.064551 0.023945 0.070260
v 0.102145 0.010963 0.075273
v 0.022031 0.065660 0.044883
v 0.036271 0.063314 0.071434
v 0.008771 0.070351 0.060205
v 0.036069 0.056839 0.067702
v 0.022756 0.086162 -0.014473
v 0.019983 0.077077 0.014551
v -0.002509 0.087356 0.001739
v 0.028392 0.076003 0.007787
v 0.046392 0.060329 0.098214
v 0.035013 0.065652 0.108425
v 0.043500 0.039349 0.109061
v 0.157872 0.008661 0.121481
v 0.132732 0.008694 0.141168
v 0.163822 0.008668 0.143929
v -0.113640 0.009535 0.062012
v -0.108000 0.010276 0.089727
v -0.131118 0.010593 0.084624
v -0.101712 0.009438 0.081557
v -0.167740 0.009375 0.062495
v -0.165344 0.009194 0.093005
v -0.158648 0.008930 0.085031
v -0.169070 0.009479 0.000807
v -0.168888 0.009735 0.031680
v -0.162306 0.009948 0.024577
v -0.162168 0.008687 0.122996
v -0.152361 0.008735 0.143933
v -0.056506 0.045676 0.102429
v -0.056020 0.026515 0.125562
v -0.046107 0.058761 0.117622
v -0.109654 0.011846 -0.056636
v -0.113828 0.009364 -0.024395
v -0.133310 0.009203 -0.034593
v -0.105575 0.009134 -0.032624
v -0.166277 0.008822 -0.061351
v -0.168138 0.009225 -0.030144
v -0.160212 0.009159 -0.037972
v -0.161759 0.009055 -0.122569
v -0.163956 0.008758 -0.092795
v -0.155808 0.008657 -0.099985
v -0.020046 0.058852 -0.072033
v -0.027499 0.067794 -0.052787
v -0.040957 0.049209 -0.054986
v -0.019949 0.070922 -0.057027
v -0.057026 0.013014 -0.054863
v -0.061034 0.021202 -0.035948
v -0.080590 0.011051 -0.035295
v -0.056655 0.026083 -0.046720
v -0.049080 0.012171 -0.113067
v -0.054854 0.010870 -0.081551
v -0.068168 0.010474 -0.090330
v -0.046652 0.011270 -0.090462
v 0.097905 0.040834 -0.068878
v 0.090161 0.042486 -0.043078
v 0.071710 0.068009 -0.047719
v 0.101651 0.034240 -0.048344
v 0.035666 0.079066 -0.069392
v 0.028538 0.086542 -0.041754
v 0.007076 0.084685 -0.051701
v 0.038466 0.083968 -0.048389
v 0.048792 0.035722 -0.112295
v 0.042959 0.061848 -0.096028
v 0.023320 0.052837 -0.099404
v 0.051288 0.055208 -0.101068
v 0.231730 0.009026 -0.058666
v 0.230327 0.008791 -0.027615
v 0.207835 0.009433 -0.036571
v 0.237294 0.008573 -0.035170
v 0.168262 0.010815 -0.060487
v 0.169609 0.009106 -0.033112
v 0.141148 0.010471 -0.045388
v 0.176884 0.011902 -0.038671
v 0.171619 0.008654 -0.120968
v 0.170239 0.009566 -0.091547
v 0.145188 0.009559 -0.098611
v 0.178635 0.009403 -0.098994
v 0.233742 0.009113 -0.119164
v 0.232778 0.008897 -0.089571
v 0.209936 0.008851 -0.097972
v 0.239610 0.008551 -0.097027
v 0.104084 0.009863 -0.116898
v 0.103617 0.027643 -0.092017
v 0.080468 0.038301 -0.098764
v 0.110639 0.016861 -0.096875
v -0.001677 0.017323 -0.104667
v -0.011065 0.042325 -0.089084
v -0.019810 0.021572 -0.091562
v -0.003036 0.040839 -0.093947
v -0.101106 0.008724 -0.116390
v -0.105632 0.009159 -0.086841
v -0.125844 0.010406 -0.097197
v -0.097611 0.009992 -0.093629
v -0.012967 0.074840 0.089133
v -0.026459 0.070051 0.109804
v 0.002815 0.071884 0.106568
v -0.100839 0.011022 0.116683
v -0.120525 0.008789 0.139826
v -0.086139 0.009351 0.133436
v -0.114826 0.009524 0.002776
v -0.115252 0.009775 0.033911
v -0.135632 0.009560 0.026216
v -0.108166 0.009562 0.025459
v 0.219762 0.008689 0.126558
v 0.194877 0.008631 0.146521
v 0.223993 0.008765 0.148511
v 0.093816 0.010655 0.113702
v 0.067114 0.013838 0.128962
v 0.101854 0.008827 0.136519
v 0.085943 0.035518 -0.013504
v 0.085604 0.024962 0.014834
v 0.056187 0.048684 0.004880
v 0.094549 0.021002 0.007079
v 0.228678 0.008839 0.003350
v 0.227053 0.008788 0.033870
v 0.204834 0.008986 0.024496
v 0.233748 0.008733 0.026544
v -0.034236 0.073786 -0.030149
v -0.037775 0.076338 -0.001547
v -0.053677 0.061227 -0.009501
v -0.030869 0.079619 -0.007448
v -0.009314 0.087141 -0.007745
v -0.174770 0.008717 -0.007128
v 0.016353 0.088351 -0.022313
v 0.018919 0.043297 -0.101169
v 0.025035 0.070710 0.102768
v -0.069568 0.022609 -0.014893
v 0.158021 0.008913 -0.011405
v 0.127973 0.010997 0.005292
v 0.125243 0.008865 0.133932
v 0.039148 0.067740 0.089482
v 0.150647 0.008872 0.113140
v -0.087727 0.009832 0.015580
v -0.061319 0.017149 0.122502
v -0.169203 0.008642 0.115675
v -0.062190 0.037257 0.098840
v -0.073921 0.009725 -0.099588
v 0.137555 0.010135 -0.106085
v -0.000651 0.071517 0.049488
v -0.121684 0.010864 -0.004252
v 0.078107 0.047646 -0.021092
v 0.001642 0.080223 -0.059065
v -0.038565 0.067525 -0.036947
v 0.221508 0.008881 -0.004734
v 0.128994 0.009725 0.070806
v 0.084914 0.009459 0.104138
v 0.212770 0.008668 0.118227
v -0.082039 0.010622 0.071602
v -0.110552 0.010520 0.110984
v -0.022641 0.072663 0.082186
v -0.086199 0.010659 -0.040711
v 0.131588 0.016330 -0.054360
v 0.202463 0.008867 -0.106054
v 0.200335 0.009361 -0.044475
v 0.160283 0.009571 -0.067924
v 0.224282 0.009260 -0.066672
v 0.073330 0.036603 -0.103383
v 0.065270 0.072619 -0.054925
v 0.029479 0.075404 -0.076051
v 0.092823 0.046934 -0.075438
v -0.027235 0.015024 -0.098938
v -0.043433 0.040781 -0.057410
v -0.064230 0.009576 -0.062865
v -0.022767 0.049949 -0.075384
v -0.132465 0.010039 -0.105750
v -0.139332 0.009015 -0.042934
v -0.172129 0.008740 -0.069858
v -0.115098 0.009704 -0.064875
v -0.035704 0.069483 0.106971
v -0.129770 0.009192 0.134995
v -0.142045 0.009222 0.018199
v -0.138865 0.010425 0.077741
v -0.174158 0.008721 0.054817
v -0.120122 0.009818 0.055367
v 0.187630 0.008724 0.139394
v 0.056346 0.017312 0.119027
v 0.050606 0.061257 -0.000173
v 0.054996 0.032018 0.063296
v 0.012491 0.070453 0.035043
v 0.076454 0.020302 0.038421
v 0.197697 0.008743 0.016085
v 0.192742 0.008694 0.077787
v 0.155380 0.008912 0.050074
v 0.217787 0.008706 0.056479
v -0.057874 0.054400 -0.015288
v -0.052687 0.054366 0.047613
v -0.071655 0.024714 0.040216
v -0.042466 0.071682 0.021339
v -0.008389 0.081984 0.021939
v -0.147680 0.010414 -0.005720
v 0.048488 0.076637 -0.019884
v 0.009066 0.066649 -0.082309
v -0.057605 0.044560 -0.032098
v 0.191883 0.009429 -0.008028
v 0.128989 0.008790 0.037636
v 0.051168 0.032870 0.097052
v 0.181740 0.008716 0.115693
v -0.088174 0.010919 0.043099
v -0.141184 0.009054 0.114716
v -0.046728 0.058795 0.089428
v -0.081810 0.011246 -0.068377
v 0.134432 0.009933 -0.076949
v 0.011324 0.071417 0.078077
v -0.095668 0.009510 -0.005562
v 0.115102 0.016628 -0.018046
v -0.004949 0.086267 -0.034940
v -0.013492 0.084524 -0.030747
v 0.127636 0.008952 0.103081
v 0.118798 0.008998 0.110125
v -0.073038 0.011162 0.097899
v -0.078473 0.011088 0.105334
v 0.006338 0.072891 0.083637
v -0.088858 0.009577 -0.013051
v 0.126965 0.011220 -0.024248
v 0.201695 0.009102 -0.075473
v 0.198878 0.010870 -0.013923
v 0.193373 0.009230 -0.067847
v 0.070626 0.060387 -0.082182
v 0.058165 0.072152 -0.027124
v 0.061587 0.069046 -0.076022
v 0.123356 0.017628 -0.070105
v -0.034323 0.030363 -0.074054
v -0.050168 0.048447 -0.039873
v -0.042000 0.028374 -0.069151
v 0.000608 0.067421 -0.076471
v -0.135452 0.009436 -0.074656
v -0.140897 0.009159 -0.012575
v -0.143705 0.008929 -0.067766
v -0.090184 0.011258 -0.061800
v -0.141244 0.010206 0.047912
v -0.134561 0.008961 0.106470
v -0.147480 0.008974 0.055109
v -0.093221 0.009446 0.052279
v 0.047177 0.042270 0.028984
v 0.055447 0.024806 0.089947
v 0.039734 0.046317 0.037090
v 0.118899 0.008950 0.044345
v 0.195272 0.008850 0.046898
v 0.190169 0.008666 0.108578
v 0.186925 0.008877 0.054103
v -0.058648 0.056649 0.016250
v -0.043146 0.059928 0.079601
v -0.062056 0.050933 0.026895
v -0.014732 0.079387 0.026085
v -0.028683 0.070565 0.043885
v -0.019138 0.073987 0.075485
v -0.031922 0.066569 0.051961
v -0.006125 0.071675 0.055643
v -0.064830 0.034064 0.061155
v -0.060562 0.040897 0.089919
v -0.066281 0.029175 0.072023
v -0.054631 0.049322 0.058616
v -0.071658 0.030742 -0.001761
v -0.071480 0.031793 0.028945
v -0.073291 0.024145 0.008989
v -0.061805 0.048884 -0.005437
v 0.223525 0.008660 0.080245
v 0.221048 0.008762 0.111118
v 0.215252 0.008776 0.087366
v 0.161718 0.008939 0.074979
v 0.159001 0.008779 0.106060
v 0.153296 0.009268 0.082042
v 0.184315 0.008815 0.084891
v 0.166004 0.010381 0.012564
v 0.164279 0.008855 0.043405
v 0.157460 0.009026 0.018630
v 0.189211 0.008950 0.023174
v 0.091414 0.010072 0.065453
v 0.093186 0.010746 0.097960
v 0.081107 0.009576 0.072621
v 0.120051 0.009168 0.077838
v 0.027564 0.062573 0.059543
v 0.042187 0.062972 0.084696
v 0.025046 0.067172 0.063792
v 0.049098 0.038483 0.070610
v 0.021015 0.082387 -0.000499
v 0.020847 0.071300 0.029358
v 0.012541 0.083324 0.005701
v 0.044175 0.065529 0.008111
v 0.044607 0.051198 0.101933
v 0.043418 0.056175 0.109088
v 0.049554 0.024601 0.121154
v 0.156558 0.008933 0.136845
v 0.148207 0.008746 0.142558
v 0.179355 0.008587 0.145257
v -0.110977 0.009361 0.075322
v -0.104681 0.009004 0.103378
v -0.117254 0.009232 0.083927
v -0.087756 0.012439 0.080043
v -0.166528 0.008853 0.077537
v -0.163660 0.009425 0.107892
v -0.172111 0.008653 0.085524
v -0.144824 0.009920 0.084891
v -0.169225 0.009370 0.016647
v -0.168702 0.009386 0.047296
v -0.174740 0.008852 0.024004
v -0.148428 0.010459 0.025031
v -0.160570 0.008846 0.138107
v -0.165806 0.008635 0.144409
v -0.136711 0.008618 0.142150
v -0.050101 0.049210 0.113954
v -0.050550 0.042715 0.121609
v -0.039251 0.068130 0.114651
v -0.112254 0.009044 -0.040933
v -0.114704 0.009532 -0.011964
v -0.119732 0.010354 -0.033678
v -0.093762 0.010195 -0.032810
v -0.167133 0.009033 -0.046173
v -0.168590 0.008958 -0.014902
v -0.174051 0.008775 -0.038506
v -0.146835 0.011207 -0.036351
v -0.162814 0.008796 -0.108336
v -0.165155 0.008730 -0.077089
v -0.169841 0.008627 -0.100990
v -0.140382 0.008720 -0.098921
v -0.023926 0.063746 -0.062270
v -0.031096 0.071269 -0.041889
v -0.031501 0.060640 -0.058017
v -0.007032 0.079222 -0.054475
v -0.058227 0.017107 -0.048931
v -0.064167 0.025295 -0.026541
v -0.066392 0.013186 -0.039545
v -0.049346 0.037438 -0.050545
v -0.051322 0.011442 -0.098232
v -0.055506 0.012811 -0.069441
v -0.060807 0.009915 -0.090661
v -0.031886 0.010268 -0.090933
v 0.093317 0.041791 -0.054497
v 0.086552 0.039423 -0.028745
v 0.086457 0.053350 -0.048147
v 0.119742 0.020660 -0.047215
v 0.032096 0.084103 -0.055700
v 0.025459 0.088012 -0.028094
v 0.022292 0.086627 -0.049623
v 0.055090 0.077761 -0.047653
v 0.046688 0.047760 -0.103776
v 0.039358 0.071115 -0.082861
v 0.036603 0.055549 -0.100298
v 0.065405 0.047664 -0.099289
v 0.231149 0.008807 -0.043201
v 0.229700 0.009102 -0.012348
v 0.223060 0.008827 -0.035650
v 0.168953 0.012185 -0.047222
v 0.168274 0.008967 -0.017921
v 0.160880 0.009163 -0.042134
v 0.191776 0.008804 -0.036780
v 0.170795 0.008942 -0.106660
v 0.169512 0.008738 -0.075906
v 0.162494 0.009891 -0.099220
v 0.194639 0.009589 -0.098673
v 0.233330 0.008683 -0.105096
v 0.232277 0.008643 -0.074032
v 0.225421 0.009041 -0.097506
v 0.101944 0.016534 -0.103467
v 0.102052 0.036300 -0.080717
v 0.095392 0.028384 -0.098881
v 0.128978 0.011432 -0.098469
v -0.006649 0.030208 -0.096104
v -0.016415 0.051996 -0.081902
v -0.013758 0.032067 -0.092473
v 0.009362 0.046862 -0.095918
v -0.103213 0.009854 -0.102208
v -0.109164 0.009927 -0.071065
v -0.111565 0.009048 -0.095244
v -0.083038 0.009040 -0.091920
v -0.007134 0.074276 0.101829
v -0.011525 0.071993 0.107133
v 0.018811 0.068511 0.105494
v -0.096469 0.009033 0.129388
v -0.103760 0.008751 0.137092
v -0.068226 0.010627 0.130756
v -0.115336 0.010568 0.018491
v -0.114642 0.012269 0.048543
v -0.121779 0.009597 0.025974
v -0.095080 0.010066 0.025121
v 0.218551 0.008751 0.142002
v 0.210380 0.008757 0.147924
v 0.093950 0.009688 0.128719
v 0.085016 0.010070 0.133517
v 0.117129 0.008711 0.139383
v 0.086960 0.032395 -0.000226
v 0.084617 0.016057 0.030198
v 0.075637 0.032529 0.005578
v 0.117229 0.009832 0.010288
v 0.227796 0.009564 0.018484
v 0.225951 0.008875 0.049356
v 0.220204 0.008945 0.025474
v -0.036626 0.075615 -0.016358
v -0.036935 0.075428 0.014310
v -0.043242 0.071809 -0.010049
v -0.017179 0.085207 -0.003014
v -0.024160 0.082285 0.002195
v -0.023288 0.080245 0.017266
v -0.031119 0.079523 0.007764
v -0.017095 0.083668 0.012132
v -0.049240 0.067342 -0.002514
v -0.049218 0.067767 0.013534
v -0.054333 0.062323 0.006344
v -0.043939 0.072297 0.005527
v -0.045297 0.063668 -0.031074
v -0.047571 0.065687 -0.017229
v -0.051145 0.058500 -0.023357
v -0.041233 0.070085 -0.024282
v 0.232950 0.008577 0.042171
v 0.211817 0.009211 0.032776
v 0.210633 0.008731 0.048119
v 0.203568 0.008808 0.039831
v 0.218909 0.009080 0.041036
v 0.213484 0.010554 0.002328
v 0.213258 0.009045 0.017092
v 0.206257 0.009156 0.008666
v 0.220744 0.010178 0.010394
v 0.105646 0.010767 0.016416
v 0.107907 0.009362 0.034012
v 0.094788 0.013033 0.022848
v 0.118258 0.009043 0.027483
v 0.065160 0.035661 0.012926
v 0.067650 0.029908 0.030370
v 0.055841 0.038899 0.020852
v 0.076484 0.027890 0.022248
v 0.069581 0.053370 -0.016411
v 0.065391 0.044043 -0.003048
v 0.059441 0.057643 -0.008480
v 0.076617 0.039960 -0.009894
v 0.075167 0.009592 0.109544
v 0.075916 0.010692 0.125066
v 0.065392 0.012084 0.114436
v 0.085564 0.009829 0.119306
v 0.204400 0.008770 0.125314
v 0.203139 0.008730 0.140663
v 0.196030 0.008659 0.132408
v 0.211483 0.008669 0.133652
v -0.101059 0.009955 0.033009
v -0.102153 0.009808 0.047170
v -0.108249 0.009519 0.041832
v -0.096470 0.009571 0.038161
v -0.128576 0.009350 0.034143
v -0.127079 0.009407 0.047901
v -0.134445 0.009269 0.040361
v -0.121370 0.011408 0.041619
v -0.128504 0.011190 0.003578
v -0.128612 0.010307 0.018225
v -0.134772 0.010898 0.010202
v -0.122301 0.010139 0.010857
v -0.116402 0.008921 0.118617
v -0.113531 0.008961 0.132676
v -0.123115 0.008887 0.127179
v -0.106735 0.009069 0.124121
v -0.026524 0.071091 0.090268
v -0.021464 0.072307 0.103220
v -0.030888 0.069402 0.099250
v -0.016807 0.073690 0.096469
v -0.092094 0.009513 -0.084868
v -0.095019 0.010282 -0.069303
v -0.100284 0.009911 -0.078098
v -0.086465 0.010114 -0.076317
v -0.119509 0.010874 -0.088549
v -0.121007 0.009426 -0.073206
v -0.127266 0.009092 -0.081839
v -0.114002 0.011308 -0.079925
v -0.115942 0.008716 -0.117962
v -0.117904 0.008899 -0.103929
v -0.124470 0.008849 -0.112381
v -0.109383 0.009526 -0.110727
v 0.000152 0.050605 -0.092492
v -0.003857 0.059932 -0.081665
v -0.007742 0.050553 -0.085712
v 0.004302 0.058867 -0.087761
v -0.019266 0.032578 -0.087651
v -0.025410 0.040906 -0.078722
v -0.027442 0.032022 -0.082114
v -0.017745 0.042819 -0.084530
v -0.015068 0.011354 -0.107205
v -0.015713 0.021640 -0.095486
v -0.020108 0.011814 -0.101132
v -0.010686 0.018880 -0.098642
v 0.117880 0.015380 -0.090079
v 0.116629 0.022163 -0.079227
v 0.111111 0.026432 -0.086162
v 0.125152 0.012301 -0.084330
v 0.087000 0.038118 -0.093369
v 0.086610 0.049372 -0.080935
v 0.078495 0.049152 -0.087680
v 0.094634 0.037488 -0.086082
v 0.089254 0.015831 -0.109537
v 0.088855 0.028472 -0.104455
v 0.081355 0.025784 -0.106905
v 0.096194 0.018112 -0.109858
v 0.239102 0.008583 -0.081621
v 0.217397 0.008841 -0.090076
v 0.217015 0.009560 -0.074688
v 0.209596 0.009643 -0.082793
v 0.224850 0.008711 -0.082092
v 0.218460 0.008841 -0.119537
v 0.218020 0.008964 -0.105580
v 0.210525 0.009231 -0.113444
v 0.226019 0.008975 -0.112952
v 0.186483 0.009241 -0.091284
v 0.185908 0.009095 -0.075587
v 0.178044 0.008921 -0.083639
v 0.194188 0.009114 -0.083356
v 0.153108 0.009543 -0.091169
v 0.151846 0.010434 -0.076790
v 0.144716 0.011665 -0.084557
v 0.161201 0.009019 -0.083902
v 0.155328 0.008828 -0.120847
v 0.154750 0.009677 -0.106793
v 0.146694 0.009058 -0.114238
v 0.163021 0.009054 -0.114339
v 0.184294 0.011752 -0.030251
v 0.184025 0.009601 -0.016440
v 0.177037 0.011031 -0.024409
v 0.191752 0.011123 -0.022008
v 0.150593 0.009689 -0.035875
v 0.149106 0.009394 -0.020418
v 0.139254 0.009411 -0.029986
v 0.159404 0.009055 -0.026702
v 0.151842 0.011846 -0.062056
v 0.152365 0.011384 -0.050652
v 0.143358 0.013408 -0.057600
v 0.160705 0.012601 -0.055190
v 0.236448 0.008700 -0.019625
v 0.215233 0.008957 -0.028592
v 0.214096 0.008890 -0.012916
v 0.206912 0.009564 -0.020930
v 0.222609 0.009096 -0.020467
v 0.216531 0.009128 -0.059417
v 0.215623 0.008770 -0.043672
v 0.208338 0.008720 -0.051798
v 0.223861 0.008642 -0.051330
v 0.056833 0.058317 -0.095848
v 0.054843 0.068194 -0.083120
v 0.048682 0.065867 -0.090379
v 0.063618 0.059288 -0.089159
v 0.027850 0.060250 -0.095228
v 0.023666 0.070387 -0.082475
v 0.018730 0.063755 -0.087914
v 0.033110 0.065486 -0.088995
v 0.036545 0.033362 -0.109830
v 0.032024 0.048102 -0.104665
v 0.029711 0.038290 -0.105972
v 0.041858 0.040265 -0.106951
v 0.044922 0.081936 -0.040742
v 0.041840 0.081814 -0.027035
v 0.035165 0.085480 -0.034233
v 0.051599 0.078101 -0.033671
v 0.012835 0.087646 -0.044060
v 0.009883 0.089090 -0.030913
v 0.003748 0.087650 -0.039325
v 0.019049 0.088475 -0.035908
v 0.019916 0.078384 -0.069732
v 0.016284 0.084123 -0.056920
v 0.010569 0.080031 -0.064020
v 0.025911 0.082275 -0.062920
v 0.109851 0.027610 -0.041190
v 0.107813 0.026200 -0.026515
v 0.098563 0.032878 -0.035183
v 0.117235 0.019195 -0.033399
v 0.077587 0.061314 -0.041060
v 0.073245 0.058972 -0.027354
v 0.068460 0.068115 -0.033729
v 0.082223 0.051994 -0.034735
v 0.083241 0.056568 -0.069686
v 0.080768 0.060344 -0.054744
v 0.074732 0.065384 -0.062240
v 0.087919 0.050064 -0.062391
v -0.041223 0.012155 -0.083076
v -0.044184 0.018175 -0.071859
v -0.049155 0.012609 -0.075871
v -0.035601 0.019465 -0.075878
v -0.066051 0.013152 -0.082664
v -0.068714 0.009488 -0.068768
v -0.073428 0.011243 -0.076032
v -0.061578 0.012287 -0.076230
v -0.062276 0.009609 -0.110860
v -0.063425 0.010325 -0.096262
v -0.068714 0.010065 -0.105177
v -0.054769 0.010631 -0.104417
v -0.054104 0.033253 -0.045189
v -0.059128 0.037253 -0.033842
v -0.060023 0.029522 -0.034764
v -0.052184 0.040983 -0.042690
v -0.075501 0.012383 -0.032417
v -0.073496 0.012399 -0.018129
v -0.081985 0.011139 -0.023203
v -0.067294 0.016134 -0.029643
v -0.071458 0.012572 -0.056270
v -0.072900 0.011570 -0.044661
v -0.078496 0.010826 -0.048779
v -0.066557 0.013492 -0.051970
v -0.015426 0.077371 -0.050479
v -0.018689 0.080207 -0.039122
v -0.023381 0.074550 -0.046451
v -0.010452 0.082592 -0.043168
v -0.038274 0.056387 -0.052243
v -0.042478 0.060632 -0.042624
v -0.045977 0.053571 -0.046885
v -0.034881 0.064132 -0.047532
v -0.030420 0.047737 -0.069813
v -0.034635 0.053185 -0.061687
v -0.036809 0.044560 -0.064621
v -0.027460 0.055832 -0.066567
v -0.148792 0.008809 -0.091556
v -0.150075 0.008903 -0.075764
v -0.156996 0.008607 -0.084371
v -0.141885 0.008898 -0.082926
v -0.171012 0.008592 -0.085490
v -0.168768 0.008880 -0.116438
v -0.153644 0.009175 -0.029578
v -0.154460 0.010228 -0.013950
v -0.161302 0.009939 -0.022007
v -0.147333 0.009116 -0.021174
v -0.174350 0.008870 -0.022954
v -0.172950 0.008812 -0.054203
v -0.099773 0.010256 -0.024848
v -0.101942 0.011547 -0.011787
v -0.107192 0.012323 -0.018029
v -0.095730 0.010203 -0.019810
v -0.127203 0.009173 -0.026039
v -0.127566 0.010806 -0.011470
v -0.133966 0.011090 -0.019530
v -0.121028 0.011792 -0.018519
v -0.123448 0.010343 -0.057823
v -0.125125 0.009765 -0.041888
v -0.130771 0.009227 -0.050403
v -0.118065 0.009145 -0.049238
v -0.062359 0.031740 0.107258
v -0.056422 0.034069 0.118448
v -0.061730 0.025617 0.114820
v -0.056973 0.040233 0.111096
v -0.167712 0.008606 0.131001
v -0.155147 0.009965 0.032328
v -0.154495 0.009028 0.047337
v -0.161794 0.009086 0.039437
v -0.148063 0.010183 0.040215
v -0.174846 0.008799 0.039402
v -0.175217 0.008811 0.008384
v -0.150873 0.009692 0.092348
v -0.149612 0.008944 0.107671
v -0.157608 0.008971 0.100387
v -0.143107 0.009509 0.099471
v -0.170381 0.008754 0.100650
v -0.173100 0.008739 0.070061
v -0.091567 0.009887 0.086900
v -0.087699 0.010209 0.100822
v -0.098351 0.009257 0.095218
v -0.083566 0.012895 0.093277
v -0.122755 0.010422 0.090976
v -0.119996 0.010247 0.104883
v -0.128573 0.009791 0.098646
v -0.114033 0.010119 0.097050
v -0.126765 0.010936 0.062754
v -0.125486 0.009084 0.077295
v -0.132970 0.010304 0.070233
v -0.119194 0.009389 0.068957
v 0.142080 0.008688 0.120245
v 0.140913 0.009085 0.135485
v 0.133556 0.009230 0.127273
v 0.149384 0.008690 0.128694
v 0.035539 0.071023 0.094199
v 0.039539 0.065952 0.104860
v 0.031001 0.071719 0.098934
v 0.043606 0.063926 0.101058
v 0.035190 0.066282 0.014933
v 0.034824 0.060018 0.030501
v 0.027065 0.068947 0.022800
v 0.042022 0.056806 0.022655
v 0.003921 0.082829 0.011048
v 0.004114 0.078838 0.026153
v -0.002555 0.084315 0.017068
v 0.012349 0.077879 0.020369
v 0.007416 0.089194 -0.017098
v 0.005113 0.087625 -0.003314
v -0.001226 0.088278 -0.012222
v 0.013915 0.087133 -0.008884
v 0.044205 0.046475 0.077095
v 0.049102 0.045081 0.088727
v 0.043306 0.055931 0.080922
v 0.053472 0.037530 0.083161
v 0.021451 0.068816 0.067781
v 0.028725 0.070548 0.081294
v 0.016951 0.068937 0.073163
v 0.032305 0.065673 0.076832
v 0.006681 0.074496 0.041421
v 0.012840 0.069006 0.054689
v 0.003924 0.075732 0.045657
v 0.017869 0.068595 0.049754
v 0.110799 0.009419 0.084605
v 0.111009 0.009016 0.101180
v 0.101658 0.009436 0.091460
v 0.119702 0.009034 0.094102
v 0.071129 0.012863 0.078356
v 0.073693 0.010273 0.093318
v 0.062083 0.017333 0.083342
v 0.083525 0.009575 0.088027
v 0.068551 0.023901 0.047045
v 0.069596 0.017751 0.062626
v 0.062127 0.027536 0.055402
v 0.077979 0.012484 0.055461
v 0.180945 0.008801 0.029984
v 0.179615 0.008749 0.045497
v 0.172506 0.009508 0.036787
v 0.188188 0.008978 0.038509
v 0.147701 0.009443 0.025102
v 0.147562 0.009789 0.040962
v 0.138636 0.009774 0.031167
v 0.156420 0.009548 0.034466
v 0.148686 0.011182 -0.005535
v 0.148392 0.010252 0.009298
v 0.139038 0.009121 0.000007
v 0.157411 0.010496 0.003538
v 0.175965 0.008754 0.091871
v 0.174696 0.008659 0.107408
v 0.167436 0.008716 0.098968
v 0.183122 0.008723 0.100244
v 0.144787 0.009395 0.089053
v 0.143502 0.008860 0.104669
v 0.136364 0.008976 0.096112
v 0.151926 0.008845 0.097698
v 0.146747 0.008973 0.056803
v 0.146052 0.008782 0.073197
v 0.137715 0.008921 0.063747
v 0.154640 0.009025 0.066256
v 0.228165 0.008657 0.103953
v 0.206929 0.008753 0.094413
v 0.205666 0.008627 0.109865
v 0.198533 0.008784 0.101499
v 0.214053 0.008642 0.102782
v 0.209426 0.008718 0.063611
v 0.208182 0.008710 0.079015
v 0.201115 0.008702 0.070678
v 0.216514 0.008740 0.071927
v -0.066610 0.043797 0.005269
v -0.066190 0.044621 0.021821
v -0.069304 0.037822 0.017250
v -0.062777 0.050215 0.010468
v -0.076899 0.017336 0.020650
v -0.075992 0.018587 0.036270
v -0.080984 0.010639 0.031757
v -0.073955 0.025023 0.025137
v -0.076689 0.016727 -0.006830
v -0.077259 0.018546 0.006696
v -0.079894 0.011215 0.004938
v -0.071747 0.022985 -0.004187
v -0.057011 0.046441 0.070432
v -0.053258 0.051456 0.085307
v -0.060012 0.044905 0.080889
v -0.049990 0.053008 0.075421
v -0.067793 0.024136 0.081690
v -0.065695 0.028074 0.094568
v -0.068676 0.018126 0.090199
v -0.064654 0.032563 0.086303
v -0.071880 0.018198 0.051251
v -0.067978 0.020117 0.066748
v -0.074777 0.010572 0.061677
v -0.067523 0.025888 0.056109
v -0.010398 0.070547 0.061971
v -0.004508 0.073759 0.076469
v -0.015488 0.072067 0.069441
v 0.000479 0.071475 0.070697
v -0.034884 0.062914 0.061213
v -0.031593 0.067978 0.076099
v -0.039641 0.062244 0.070405
v -0.026664 0.069042 0.068070
v -0.046746 0.066095 0.029286
v -0.041643 0.064367 0.044686
v -0.049928 0.060432 0.037855
v -0.037958 0.068732 0.036600
v -0.020921 0.077351 0.031948
v -0.015945 0.071976 0.046079
v -0.025696 0.074637 0.037792
v -0.010632 0.075612 0.040706
v -0.063243 0.044927 0.037991
v -0.060136 0.045096 0.053982
v -0.063891 0.039344 0.049608
v -0.058613 0.050563 0.042956
v -0.061881 0.040531 -0.022334
v -0.064151 0.042587 -0.009572
v -0.066022 0.034934 -0.013282
v -0.061209 0.047969 -0.019566
v 0.230666 0.008612 0.073040
v 0.178601 0.008972 0.061088
v 0.177281 0.009160 0.076590
v 0.170183 0.008769 0.068175
v 0.185641 0.009036 0.069452
v 0.183063 0.008912 -0.000707
v 0.181833 0.008919 0.014469
v 0.174615 0.009011 0.006376
v 0.190379 0.008871 0.007527
v 0.109361 0.010257 0.051404
v 0.110365 0.010709 0.068269
v 0.100539 0.010716 0.058573
v 0.119527 0.009014 0.061268
v 0.032822 0.050879 0.045547
v 0.038051 0.048061 0.061998
v 0.031043 0.057997 0.052967
v 0.043643 0.040734 0.054615
v 0.038494 0.078493 -0.013206
v 0.036623 0.073294 0.000211
v 0.029540 0.080854 -0.007121
v 0.044883 0.071289 -0.006682
v 0.050601 0.040969 0.100410
v 0.047350 0.034470 0.110705
v 0.045683 0.046995 0.102052
v 0.050816 0.026683 0.106368
v 0.173339 0.008680 0.122728
v 0.172095 0.008705 0.138135
v 0.164956 0.008629 0.129907
v 0.180508 0.008610 0.131145
v -0.099440 0.010206 0.060754
v -0.096559 0.010122 0.075534
v -0.105724 0.009666 0.069200
v -0.090855 0.010236 0.066698
v -0.153981 0.009990 0.062734
v -0.152454 0.009810 0.077520
v -0.160237 0.009374 0.070032
v -0.146476 0.010356 0.070346
v -0.155049 0.008931 0.001675
v -0.155195 0.010270 0.017237
v -0.162044 0.008970 0.008993
v -0.148429 0.009083 0.010046
v -0.147248 0.009577 0.122128
v -0.145414 0.008902 0.136818
v -0.153894 0.008784 0.130102
v -0.138790 0.009691 0.128751
v -0.049304 0.057397 0.098845
v -0.046009 0.063168 0.110955
v -0.051175 0.055003 0.106674
v -0.043360 0.065311 0.103169
v -0.097681 0.012515 -0.054579
v -0.097795 0.010844 -0.040627
v -0.103526 0.010838 -0.049225
v -0.092385 0.012326 -0.047231
v -0.152032 0.008877 -0.060300
v -0.153263 0.010597 -0.044394
v -0.159731 0.009443 -0.052796
v -0.145647 0.008854 -0.051572
v -0.146373 0.008845 -0.121319
v -0.147468 0.008870 -0.107294
v -0.154681 0.008936 -0.115465
v -0.139313 0.009578 -0.114111
v -0.008439 0.067779 -0.071795
v -0.011857 0.073098 -0.061193
v -0.016304 0.066336 -0.067277
v -0.003498 0.074535 -0.065739
v -0.046449 0.025595 -0.061247
v -0.051050 0.029894 -0.051597
v -0.052340 0.022213 -0.051760
v -0.045963 0.033338 -0.059862
v -0.036010 0.012215 -0.114489
v -0.038606 0.011786 -0.099555
v -0.043431 0.011147 -0.106615
v -0.031771 0.013217 -0.107346
v 0.115278 0.027218 -0.065056
v 0.112087 0.027473 -0.054718
v 0.104181 0.032899 -0.061838
v 0.123746 0.023823 -0.058946
v 0.051862 0.075647 -0.069319
v 0.048488 0.080258 -0.055151
v 0.041943 0.080472 -0.062305
v 0.058605 0.074989 -0.062127
v 0.057931 0.030204 -0.110665
v 0.056838 0.043601 -0.103212
v 0.051812 0.039914 -0.106917
v 0.064343 0.032144 -0.105156
v 0.237840 0.008627 -0.050692
v 0.184936 0.009386 -0.060311
v 0.183835 0.008982 -0.044811
v 0.175920 0.009995 -0.052868
v 0.192669 0.009125 -0.052439
v 0.187455 0.008778 -0.120727
v 0.186980 0.009403 -0.106617
v 0.179395 0.009111 -0.114420
v 0.195003 0.008852 -0.113996
v 0.239967 0.008775 -0.112520
v 0.122015 0.008755 -0.119690
v 0.120555 0.009404 -0.104913
v 0.112177 0.009389 -0.112213
v 0.130227 0.009091 -0.113354
v 0.010544 0.024175 -0.105359
v 0.005471 0.036938 -0.099287
v 0.001825 0.027172 -0.102676
v 0.014756 0.033330 -0.104102
v -0.085854 0.009134 -0.115228
v -0.088874 0.009180 -0.100765
v -0.094712 0.009170 -0.109122
v -0.079723 0.009555 -0.108110
v 0.001827 0.074495 0.089776
v 0.007811 0.073001 0.101612
v -0.002472 0.074856 0.095965
v 0.013534 0.072762 0.097006
v -0.084550 0.009192 0.113602
v -0.080011 0.010506 0.127040
v -0.090512 0.010830 0.122185
v -0.072726 0.009766 0.118455
v -0.102499 0.011557 0.003111
v -0.102287 0.009456 0.018225
v -0.108528 0.009401 0.010648
v -0.095491 0.011121 0.009449
v 0.225737 0.008729 0.134866
v 0.110445 0.009757 0.116765
v 0.109946 0.008979 0.131824
v 0.102184 0.009083 0.123129
v 0.118141 0.008887 0.125648
v 0.106726 0.024291 -0.011247
v 0.105217 0.017165 -0.000102
v 0.095991 0.027883 -0.006918
v 0.116694 0.015552 -0.004015
v 0.234700 0.008710 0.011372
v -0.021590 0.082129 -0.026542
v -0.023472 0.082872 -0.012618
v -0.029176 0.078900 -0.021741
v -0.015783 0.085409 -0.017236
v -0.016629 0.085575 -0.010228
v -0.030226 0.079471 -0.014749
v -0.028038 0.078289 -0.028567
v 0.234110 0.008783 0.018978
v 0.235320 0.008660 0.003598
v 0.116697 0.011817 0.001877
v 0.095590 0.025255 -0.000134
v 0.097249 0.030480 -0.012486
v 0.117691 0.009186 0.133043
v 0.102073 0.009550 0.130384
v 0.102308 0.009054 0.115432
v 0.225055 0.008941 0.142461
v 0.226297 0.008610 0.127099
v -0.094884 0.009198 0.017290
v -0.108722 0.010824 0.018392
v -0.108433 0.011388 0.002905
v -0.070094 0.009990 0.125131
v -0.088132 0.010584 0.128234
v -0.093058 0.009504 0.115889
v 0.016195 0.071683 0.101794
v 0.000228 0.074040 0.101676
v -0.005687 0.075215 0.089311
v -0.081280 0.008999 -0.100271
v -0.096245 0.009062 -0.101374
v -0.093517 0.008795 -0.115654
v 0.011912 0.040347 -0.100641
v -0.000861 0.034104 -0.098487
v 0.004302 0.020829 -0.105013
v 0.129654 0.010572 -0.105714
v 0.110615 0.011466 -0.103875
v 0.113205 0.008793 -0.118917
v 0.239870 0.008582 -0.104897
v 0.239616 0.008738 -0.118564
v 0.194743 0.009281 -0.106308
v 0.179055 0.008900 -0.106751
v 0.179626 0.008681 -0.120848
v 0.192373 0.008951 -0.044748
v 0.175729 0.010315 -0.045357
v 0.176612 0.009242 -0.060347
v 0.237575 0.008583 -0.042949
v 0.238171 0.008671 -0.058350
v 0.065006 0.040065 -0.102905
v 0.051857 0.047824 -0.105652
v 0.052351 0.032655 -0.108469
v 0.056879 0.076782 -0.055002
v 0.040302 0.082843 -0.055402
v 0.043717 0.077909 -0.069403
v 0.121966 0.022406 -0.054443
v 0.103305 0.034724 -0.054629
v 0.106845 0.033693 -0.067174
v -0.032240 0.010466 -0.100464
v -0.044812 0.009943 -0.098501
v -0.043720 0.010127 -0.113862
v -0.048079 0.035493 -0.055248
v -0.055619 0.024394 -0.050503
v -0.049503 0.018724 -0.056672
v -0.005205 0.076996 -0.060150
v -0.018201 0.068857 -0.062104
v -0.014528 0.063683 -0.072294
v -0.139691 0.009008 -0.106710
v -0.155216 0.008790 -0.107807
v -0.154223 0.008778 -0.122025
v -0.146632 0.009547 -0.043485
v -0.159968 0.010272 -0.045373
v -0.159122 0.009353 -0.060749
v -0.092693 0.012211 -0.040464
v -0.104423 0.009191 -0.040833
v -0.103768 0.012998 -0.055529
v -0.041444 0.067072 0.109086
v -0.048749 0.057308 0.112369
v -0.053777 0.052491 0.100641
v -0.137647 0.008846 0.135877
v -0.153113 0.008719 0.137586
v -0.154660 0.008831 0.122495
v -0.148691 0.010407 0.017765
v -0.162148 0.009072 0.016957
v -0.162195 0.009541 0.001257
v -0.145534 0.009310 0.077475
v -0.159450 0.009599 0.077535
v -0.160894 0.009127 0.062442
v -0.089180 0.010087 0.074086
v -0.103975 0.010960 0.075468
v -0.106540 0.009369 0.061289
v 0.179893 0.008685 0.138767
v 0.164320 0.008833 0.137498
v 0.165656 0.008758 0.122116
v 0.049079 0.024565 0.114503
v 0.046189 0.043113 0.107221
v 0.047993 0.051325 0.099672
v 0.044753 0.068717 0.000753
v 0.029024 0.078708 0.000164
v 0.030744 0.083398 -0.013598
v 0.046199 0.039362 0.062835
v 0.034356 0.057471 0.060294
v 0.027062 0.059181 0.044992
v 0.119926 0.009030 0.069576
v 0.101431 0.011101 0.066890
v 0.099534 0.009633 0.049830
v 0.189769 0.008705 0.015340
v 0.173897 0.009908 0.013732
v 0.175199 0.009385 -0.001551
v 0.184937 0.008744 0.077163
v 0.169614 0.009071 0.075865
v 0.170901 0.008763 0.060246
v 0.230058 0.008554 0.080767
v 0.231249 0.008582 0.065311
v -0.061953 0.048786 -0.013111
v -0.067801 0.036531 -0.005542
v -0.066370 0.034574 -0.019380
v -0.057395 0.050449 0.050778
v -0.063301 0.040205 0.057651
v -0.065637 0.038706 0.041369
v -0.008505 0.073596 0.048017
v -0.023322 0.073207 0.045539
v -0.027829 0.075531 0.030273
v -0.035522 0.067890 0.044209
v -0.046710 0.058873 0.045247
v -0.052372 0.061951 0.030589
v -0.024957 0.071195 0.075306
v -0.037381 0.063964 0.077305
v -0.041142 0.059433 0.062475
v 0.003300 0.072814 0.077053
v -0.012289 0.073819 0.076042
v -0.018734 0.070327 0.061727
v -0.066587 0.027466 0.064245
v -0.072447 0.011537 0.069144
v -0.077075 0.010376 0.054236
v -0.064042 0.035177 0.092571
v -0.068296 0.020343 0.096179
v -0.069375 0.015630 0.083501
v -0.048794 0.056154 0.082435
v -0.057770 0.046847 0.087632
v -0.061121 0.042566 0.073500
v -0.074652 0.024695 0.002294
v -0.080323 0.012743 0.012630
v -0.081620 0.010430 -0.003775
v -0.073752 0.024985 0.032683
v -0.079821 0.010538 0.039643
v -0.082932 0.010898 0.023194
v -0.062628 0.050643 0.018760
v -0.069065 0.038256 0.025279
v -0.069346 0.037574 0.008994
v 0.215881 0.008654 0.079637
v 0.200496 0.008838 0.078414
v 0.201705 0.008785 0.062988
v 0.213428 0.008668 0.110506
v 0.197916 0.008624 0.109207
v 0.199177 0.008698 0.093817
v 0.227546 0.008694 0.111642
v 0.228795 0.008622 0.096247
v 0.154045 0.009284 0.074153
v 0.137378 0.008928 0.072046
v 0.138250 0.009475 0.055590
v 0.151333 0.008917 0.105416
v 0.135683 0.009228 0.103924
v 0.136919 0.008838 0.088012
v 0.182440 0.008752 0.107997
v 0.166825 0.008609 0.106741
v 0.168247 0.008948 0.091319
v 0.157551 0.009480 0.010754
v 0.138615 0.009570 0.007934
v 0.138946 0.009950 -0.007713
v 0.155871 0.009518 0.042218
v 0.138736 0.008963 0.039402
v 0.138529 0.010422 0.023228
v 0.187567 0.008744 0.046278
v 0.172050 0.009431 0.044546
v 0.172851 0.008954 0.028986
v 0.079665 0.010357 0.063813
v 0.063929 0.026444 0.063170
v 0.061026 0.030510 0.047164
v 0.084606 0.009242 0.095927
v 0.062727 0.014898 0.091176
v 0.062613 0.020549 0.076117
v 0.119397 0.009455 0.102246
v 0.101684 0.009001 0.099673
v 0.102303 0.010756 0.083543
v 0.021364 0.067921 0.057016
v 0.006198 0.072916 0.052875
v 0.001612 0.078707 0.038975
v 0.035923 0.067054 0.083114
v 0.020512 0.069805 0.079652
v 0.013020 0.068145 0.066620
v 0.051353 0.035216 0.088844
v 0.044419 0.054578 0.087132
v 0.039507 0.056363 0.074999
v 0.012874 0.084968 -0.001898
v -0.002027 0.088494 -0.005305
v -0.000205 0.088655 -0.019255
v 0.012484 0.074050 0.027085
v -0.001918 0.082643 0.024742
v -0.002759 0.085966 0.009361
v 0.040141 0.051640 0.029221
v 0.027545 0.065688 0.030529
v 0.027766 0.072830 0.015313
v 0.042296 0.059341 0.104269
v 0.033235 0.069422 0.104010
v 0.027948 0.072178 0.092888
v 0.148766 0.008944 0.136203
v 0.133092 0.009090 0.134706
v 0.134256 0.008899 0.119625
v -0.118265 0.009662 0.076400
v -0.132495 0.009545 0.077652
v -0.133039 0.009531 0.063036
v -0.112541 0.009294 0.104290
v -0.127346 0.010213 0.105657
v -0.129872 0.009397 0.091239
v -0.081184 0.012647 0.099615
v -0.096380 0.009522 0.102236
v -0.100020 0.009792 0.088268
v -0.172701 0.008623 0.077700
v -0.169739 0.008754 0.108084
v -0.142202 0.008822 0.107162
v -0.156731 0.009744 0.107812
v -0.158141 0.008891 0.092699
v -0.175077 0.008864 0.016336
v -0.174629 0.008871 0.047170
v -0.147753 0.010242 0.047494
v -0.161778 0.008921 0.047452
v -0.162099 0.010096 0.031956
v -0.166864 0.008660 0.138461
v -0.053701 0.041684 0.116561
v -0.058997 0.026291 0.120580
v -0.064271 0.024483 0.108551
v -0.118974 0.010315 -0.041210
v -0.131967 0.009576 -0.042512
v -0.129770 0.009340 -0.058505
v -0.121494 0.009888 -0.012013
v -0.133840 0.009381 -0.012215
v -0.134309 0.009872 -0.026681
v -0.095849 0.011358 -0.012449
v -0.107755 0.009786 -0.012078
v -0.106530 0.009368 -0.023985
v -0.173515 0.008676 -0.046549
v -0.174618 0.008689 -0.015125
v -0.147783 0.010081 -0.013142
v -0.161452 0.009268 -0.014615
v -0.160900 0.008939 -0.029719
v -0.169323 0.008655 -0.108786
v -0.171561 0.008622 -0.077619
v -0.142750 0.009579 -0.075290
v -0.157627 0.008674 -0.076414
v -0.156388 0.008762 -0.092197
v -0.029777 0.058571 -0.062309
v -0.038597 0.046984 -0.059635
v -0.035597 0.042185 -0.068992
v -0.036771 0.065811 -0.042249
v -0.046836 0.054888 -0.041954
v -0.043869 0.051597 -0.051228
v -0.011994 0.083627 -0.037093
v -0.025043 0.075953 -0.040792
v -0.021648 0.072836 -0.051824
v -0.065453 0.011867 -0.047016
v -0.078867 0.009768 -0.041879
v -0.077041 0.010607 -0.056451
v -0.067416 0.018888 -0.022058
v -0.081347 0.010162 -0.015105
v -0.082103 0.010031 -0.029286
v -0.054968 0.042906 -0.037154
v -0.062647 0.031407 -0.030532
v -0.056785 0.027257 -0.040773
v -0.057778 0.012194 -0.097629
v -0.068338 0.011814 -0.097917
v -0.068208 0.011694 -0.111431
v -0.061210 0.010366 -0.070113
v -0.075702 0.009993 -0.068030
v -0.070336 0.010464 -0.082640
v -0.039440 0.024555 -0.072049
v -0.048618 0.011906 -0.070668
v -0.047979 0.010234 -0.082577
v 0.087043 0.051923 -0.054633
v 0.073225 0.067044 -0.054860
v 0.076584 0.063525 -0.069170
v 0.080188 0.050291 -0.027799
v 0.066722 0.066854 -0.026865
v 0.070024 0.068312 -0.040647
v 0.115913 0.017910 -0.025827
v 0.097414 0.031367 -0.027733
v 0.100285 0.034583 -0.042030
v 0.024090 0.084711 -0.056239
v 0.008790 0.082617 -0.057919
v 0.012471 0.076839 -0.070125
v 0.017728 0.088867 -0.029195
v 0.002290 0.088256 -0.032868
v 0.005332 0.086375 -0.045457
v 0.050089 0.077952 -0.026751
v 0.033148 0.084736 -0.027677
v 0.036721 0.084797 -0.041085
v 0.038303 0.047408 -0.102809
v 0.026513 0.046018 -0.102070
v 0.030784 0.032372 -0.110583
v 0.031229 0.070936 -0.082521
v 0.016497 0.068438 -0.081849
v 0.021376 0.057782 -0.093520
v 0.062770 0.064735 -0.082671
v 0.047142 0.070116 -0.083047
v 0.050175 0.061508 -0.096617
v 0.223468 0.008595 -0.043444
v 0.208004 0.009267 -0.044044
v 0.208823 0.008722 -0.059659
v 0.222161 0.008846 -0.012681
v 0.206233 0.009660 -0.013182
v 0.207502 0.008908 -0.028827
v 0.236047 0.008685 -0.012014
v 0.236904 0.008590 -0.027336
v 0.161480 0.010232 -0.049452
v 0.142104 0.012048 -0.052687
v 0.142500 0.010608 -0.062133
v 0.158769 0.009204 -0.019103
v 0.138720 0.009752 -0.022104
v 0.140087 0.009585 -0.037731
v 0.191776 0.011131 -0.015154
v 0.176277 0.010516 -0.017025
v 0.177659 0.010784 -0.031742
v 0.162741 0.009779 -0.106732
v 0.146016 0.008992 -0.106561
v 0.147096 0.008840 -0.120742
v 0.160622 0.008951 -0.076279
v 0.143933 0.011578 -0.076990
v 0.144964 0.011454 -0.091560
v 0.193833 0.008814 -0.075542
v 0.177828 0.008871 -0.075671
v 0.178266 0.009269 -0.091429
v 0.225680 0.008775 -0.105299
v 0.210289 0.008812 -0.105880
v 0.210692 0.008747 -0.119749
v 0.224476 0.008837 -0.074260
v 0.209564 0.008948 -0.075216
v 0.209669 0.009396 -0.090330
v 0.238900 0.008615 -0.073834
v 0.239307 0.008588 -0.089311
v 0.094641 0.022489 -0.103842
v 0.081161 0.032011 -0.103265
v 0.081011 0.019339 -0.107882
v 0.093945 0.042642 -0.080290
v 0.078241 0.054597 -0.081119
v 0.079930 0.044569 -0.094176
v 0.123762 0.014736 -0.077343
v 0.108725 0.028446 -0.080533
v 0.111162 0.022279 -0.091177
v -0.012662 0.026530 -0.096936
v -0.020976 0.018456 -0.097778
v -0.018972 0.012348 -0.109145
v -0.020761 0.046886 -0.080602
v -0.030413 0.035782 -0.077274
v -0.023771 0.027577 -0.086692
v 0.002499 0.063683 -0.082347
v -0.010492 0.055543 -0.080940
v -0.005892 0.046822 -0.091187
v -0.110259 0.009330 -0.103174
v -0.125448 0.009287 -0.104645
v -0.123602 0.008693 -0.118975
v -0.114866 0.011294 -0.072340
v -0.128328 0.009865 -0.073844
v -0.126105 0.009517 -0.089762
v -0.088107 0.009683 -0.068563
v -0.102013 0.009274 -0.070027
v -0.098819 0.010252 -0.085966
v -0.014192 0.073630 0.102202
v -0.028887 0.070973 0.105021
v -0.033190 0.067963 0.091901
v -0.105183 0.009127 0.131179
v -0.121732 0.009297 0.133980
v -0.124686 0.008730 0.119928
v -0.122083 0.009647 0.018339
v -0.135045 0.009196 0.018121
v -0.134759 0.011724 0.003229
v -0.120734 0.011624 0.048122
v -0.134421 0.009076 0.048247
v -0.135168 0.010771 0.033332
v -0.094898 0.010407 0.045411
v -0.108247 0.012012 0.048445
v -0.107948 0.009137 0.033607
v 0.210892 0.008731 0.141349
v 0.195394 0.008727 0.140024
v 0.196687 0.008645 0.124685
v 0.085342 0.009276 0.127016
v 0.066120 0.013149 0.122380
v 0.064745 0.011144 0.106937
v 0.075979 0.035958 -0.002573
v 0.058250 0.053698 -0.001320
v 0.062393 0.061759 -0.014769
v 0.076688 0.024468 0.030599
v 0.057228 0.035119 0.029739
v 0.055421 0.043553 0.012472
v 0.118640 0.009226 0.035957
v 0.096093 0.010356 0.031675
v 0.094358 0.016742 0.014665
v 0.220630 0.009936 0.017789
v 0.205533 0.008997 0.016617
v 0.206361 0.010722 0.001306
v 0.218391 0.008681 0.048710
v 0.202949 0.009005 0.047521
v 0.204217 0.009035 0.032171
v 0.232372 0.008622 0.049887
v 0.233442 0.008602 0.034308
v -0.042379 0.071144 -0.017240
v -0.052801 0.060029 -0.016559
v -0.049987 0.057560 -0.030133
v -0.043495 0.071990 0.013567
v -0.054001 0.062348 0.014418
v -0.054137 0.061931 -0.001759
v -0.016353 0.082325 0.019497
v -0.030569 0.078710 0.015649
v -0.031200 0.079646 0.000103
v -0.017420 0.084556 0.004540
v -0.043813 0.072256 -0.002456
v -0.040091 0.068968 -0.031069
v 0.219468 0.008809 0.033373
v 0.220943 0.009594 0.003030
v 0.117778 0.009047 0.018905
v 0.076226 0.030720 0.014077
v 0.078113 0.044983 -0.014669
v 0.085282 0.010128 0.111725
v 0.212111 0.008690 0.125932
v -0.096131 0.011701 0.031245
v -0.121722 0.009228 0.034343
v -0.122076 0.009472 0.002944
v -0.108398 0.009845 0.117277
v -0.019776 0.073346 0.089350
v -0.084660 0.009141 -0.083898
v -0.113107 0.009757 -0.087370
v -0.108577 0.008772 -0.117085
v 0.006459 0.053320 -0.092559
v -0.016144 0.038171 -0.089466
v -0.008561 0.012465 -0.102826
v 0.127458 0.010292 -0.091511
v 0.095082 0.032547 -0.092779
v 0.096616 0.012895 -0.113053
v 0.225193 0.009005 -0.089872
v 0.226273 0.008783 -0.119362
v 0.194506 0.008991 -0.091103
v 0.161986 0.008978 -0.091537
v 0.163426 0.008736 -0.120971
v 0.191302 0.009490 -0.028981
v 0.160068 0.009296 -0.034371
v 0.160330 0.012099 -0.061175
v 0.222849 0.009358 -0.028081
v 0.224114 0.008881 -0.059102
v 0.064957 0.054311 -0.095145
v 0.034892 0.061212 -0.095784
v 0.044367 0.034471 -0.110325
v 0.053496 0.078476 -0.040556
v 0.020581 0.087693 -0.042816
v 0.027669 0.079219 -0.069503
v 0.119018 0.020802 -0.040124
v 0.084294 0.053032 -0.041850
v 0.089287 0.047923 -0.070087
v -0.032755 0.014557 -0.081919
v -0.062490 0.010182 -0.082364
v -0.054132 0.009676 -0.111663
v -0.051780 0.039676 -0.047805
v -0.068063 0.016525 -0.034314
v -0.065617 0.010681 -0.054882
v -0.008826 0.081145 -0.048855
v -0.032960 0.062300 -0.053080
v -0.025568 0.053493 -0.071197
v -0.141166 0.008754 -0.090897
v -0.170440 0.008732 -0.093272
v -0.167824 0.008747 -0.122525
v -0.146603 0.009877 -0.029327
v -0.174216 0.008880 -0.030578
v -0.172590 0.008657 -0.061934
v -0.094534 0.012119 -0.026235
v -0.120393 0.009384 -0.025269
v -0.116425 0.009325 -0.057243
v -0.059785 0.038802 0.105054
v -0.168551 0.008684 0.123391
v -0.148161 0.009318 0.032524
v -0.174730 0.008840 0.031578
v -0.174954 0.008807 0.000536
v -0.143975 0.009620 0.092161
v -0.171249 0.008728 0.093163
v -0.173602 0.008735 0.062570
v -0.085859 0.012762 0.086254
v -0.115558 0.010517 0.090548
v -0.119994 0.010975 0.062396
v 0.150011 0.008689 0.120846
v 0.041866 0.066668 0.096013
v 0.043118 0.061371 0.015159
v 0.012345 0.080974 0.013187
v 0.015085 0.088592 -0.015486
v 0.052054 0.038072 0.077528
v 0.028384 0.065123 0.069841
v 0.013965 0.068442 0.043413
v 0.119896 0.009661 0.085881
v 0.082464 0.010713 0.080681
v 0.076441 0.015611 0.046767
v 0.188711 0.009158 0.030847
v 0.157037 0.008980 0.026634
v 0.157425 0.009595 -0.003664
v 0.183736 0.008927 0.092527
v 0.152527 0.008882 0.089892
v 0.155026 0.008992 0.058195
v 0.214651 0.008670 0.095042
v 0.217155 0.008612 0.064216
v -0.062941 0.049817 0.002290
v -0.074218 0.024983 0.017310
v -0.073064 0.023519 -0.010684
v -0.052227 0.050722 0.067256
v -0.066078 0.030730 0.079407
v -0.069712 0.025080 0.048147
v -0.002657 0.070032 0.063295
v -0.029310 0.068049 0.060243
v -0.040273 0.070162 0.028773
v -0.012895 0.076966 0.033207
v -0.060640 0.051032 0.035011
v -0.059320 0.046172 -0.026198
v 0.186324 0.008785 0.061811
v 0.191193 0.009304 -0.000181
v 0.119185 0.008929 0.052836
v 0.041599 0.043061 0.046037
v 0.046882 0.074624 -0.013012
v 0.053849 0.030585 0.102095
v 0.181117 0.008671 0.123376
v -0.091981 0.009550 0.059521
v -0.147257 0.009489 0.063150
v -0.147706 0.009176 0.001836
v -0.140031 0.009857 0.121730
v -0.044898 0.062253 0.096503
v -0.091937 0.010247 -0.054525
v -0.144610 0.008673 -0.059750
v -0.138853 0.009049 -0.120518
v -0.001613 0.071315 -0.070979
v -0.042875 0.030927 -0.064250
v -0.031131 0.013193 -0.115221
v 0.122752 0.020073 -0.062409
v 0.060155 0.072372 -0.069144
v 0.063999 0.025794 -0.108873
v 0.192933 0.008903 -0.060161
v 0.195279 0.008893 -0.120576
v 0.130559 0.008725 -0.120072
v 0.017565 0.026913 -0.106153
v -0.079068 0.010945 -0.114264
v 0.009946 0.072725 0.090645
v -0.075492 0.010673 0.111713
v -0.096064 0.009628 0.002741
v 0.118456 0.008899 0.117913
v 0.115012 0.015630 -0.010341
v -0.014784 0.085146 -0.024191
v -0.004096 0.077408 -0.027201
v 0.013870 0.061678 0.086062
v -0.088466 0.001669 -0.007535
v 0.124391 0.001398 -0.016716
v 0.126995 -0.000739 0.111004
v -0.061762 0.006186 0.100634
v -0.004705 0.071787 0.025419
v -0.141082 0.000798 -0.004127
v 0.050578 0.063046 -0.024388
v 0.010067 0.063182 -0.070611
v -0.045249 0.045269 -0.030241
v 0.199542 0.000953 -0.007485
v 0.129241 -0.001176 0.046083
v 0.047328 0.017459 0.098614
v 0.189470 -0.001353 0.116308
v -0.086241 0.001227 0.049874
v -0.133661 -0.000538 0.113633
v -0.035303 0.054446 0.088501
v -0.082682 0.002530 -0.062448
v 0.129727 0.001875 -0.067600
v 0.201041 -0.001192 -0.067835
v 0.064992 0.057167 -0.071470
v -0.031345 0.031164 -0.064107
v -0.135591 -0.000486 -0.067410
v -0.140258 -0.000760 0.054686
v 0.042932 0.030300 0.036034
v 0.194629 -0.001257 0.054728
v -0.050238 0.050359 0.023462
v -0.007790 0.076248 -0.001963
v -0.168553 -0.000692 -0.006579
v 0.021424 0.078097 -0.022611
v 0.019198 0.045371 -0.089726
v 0.027221 0.059707 0.100060
v -0.058575 0.026846 -0.015503
v 0.168108 -0.001174 -0.010426
v 0.128851 0.000069 0.012513
v 0.124880 -0.001323 0.139910
v 0.035402 0.058340 0.094088
v 0.158388 -0.001211 0.113737
v -0.087652 0.002676 0.021201
v -0.052201 0.011821 0.126060
v -0.162441 -0.001181 0.114822
v -0.050649 0.038530 0.095478
v -0.074260 -0.000785 -0.091044
v 0.136598 0.001719 -0.097937
v 0.002006 0.059818 0.055228
v -0.114214 0.001075 -0.004002
v 0.078795 0.029958 -0.023107
v 0.002563 0.073422 -0.049318
v -0.027125 0.065121 -0.032995
v 0.228967 -0.001104 -0.004536
v 0.128819 -0.000143 0.078811
v 0.093202 0.000740 0.106201
v 0.220371 -0.001275 0.118784
v -0.080213 0.000252 0.079423
v -0.103287 -0.000104 0.111407
v -0.014686 0.064851 0.082497
v -0.087712 -0.000282 -0.032987
v 0.125593 0.005394 -0.049385
v 0.201958 -0.000581 -0.097959
v 0.200275 -0.001099 -0.036938
v 0.168436 -0.000813 -0.066467
v 0.231670 -0.001234 -0.066155
v 0.069775 0.038436 -0.091598
v 0.058464 0.064943 -0.047933
v 0.037046 0.066747 -0.071131
v 0.092082 0.031574 -0.073622
v -0.017435 0.009164 -0.088109
v -0.038382 0.040081 -0.047594
v -0.052548 0.001348 -0.061580
v -0.012008 0.050053 -0.070025
v -0.131966 -0.000681 -0.098623
v -0.141163 0.000183 -0.034425
v -0.165561 -0.001141 -0.069113
v -0.108912 0.002069 -0.062512
v -0.031264 0.059996 0.111643
v -0.128519 -0.001209 0.140324
v -0.142301 0.000856 0.026106
v -0.137601 -0.000569 0.084810
v -0.167655 -0.000899 0.054841
v -0.113506 0.001668 0.053168
v 0.187173 -0.001406 0.145707
v 0.052365 0.009702 0.127438
v 0.042327 0.053206 0.002530
v 0.050105 0.023643 0.070902
v 0.017107 0.058292 0.033603
v 0.081674 0.003522 0.036498
v 0.197062 -0.001244 0.023995
v 0.192037 -0.001109 0.085581
v 0.163851 -0.001304 0.051111
v 0.225332 -0.001153 0.057007
v -0.049396 0.049347 -0.007135
v -0.044067 0.045698 0.054160
v -0.060464 0.027718 0.034519
v -0.031744 0.066849 0.020261
v -0.022638 0.061700 0.050971
v -0.055321 0.031858 0.068653
v -0.061954 0.027425 0.005237
v 0.222795 -0.001328 0.088018
v 0.160925 -0.001270 0.082697
v 0.165772 0.000217 0.019559
v 0.093081 -0.000736 0.073861
v 0.025954 0.056605 0.067703
v 0.016607 0.070729 0.003676
v 0.036513 0.043963 0.097546
v 0.156018 -0.001318 0.142891
v -0.109270 -0.001057 0.082997
v -0.165631 -0.001196 0.085284
v -0.168254 -0.000169 0.024572
v -0.159772 -0.001243 0.144385
v -0.038690 0.047303 0.115259
v -0.113845 -0.000383 -0.033132
v -0.167254 -0.001241 -0.038348
v -0.163326 -0.001213 -0.100534
v -0.020203 0.059297 -0.052982
v -0.051142 0.013992 -0.039356
v -0.052960 -0.000364 -0.090564
v 0.085629 0.037036 -0.049961
v 0.028630 0.075761 -0.047501
v 0.045793 0.050520 -0.090324
v 0.230504 -0.001284 -0.035277
v 0.171119 0.000281 -0.041797
v 0.170269 -0.000251 -0.098933
v 0.232742 -0.001287 -0.097129
v 0.097967 0.016430 -0.091041
v -0.005235 0.033474 -0.085268
v -0.103915 0.000140 -0.094469
v -0.004673 0.063166 0.103663
v -0.094506 -0.001191 0.134033
v -0.114907 -0.000746 0.025043
v 0.217983 -0.000932 0.148721
v 0.093659 -0.000936 0.134431
v 0.081489 0.020705 0.003365
v 0.227198 -0.000559 0.025582
v -0.032216 0.067712 -0.008321
v -0.006731 0.077784 -0.014507
v 0.008553 0.079146 -0.023941
v 0.024988 0.032428 -0.095612
v 0.022094 0.062198 0.096672
v -0.066120 0.011355 -0.005323
v 0.147916 -0.000083 -0.012217
v 0.125431 0.000323 -0.002965
v 0.125957 -0.000706 0.126415
v 0.029264 0.061981 0.089756
v 0.142753 -0.001197 0.112318
v -0.087608 0.000784 0.008150
v -0.055427 0.010462 0.113516
v -0.054745 0.026666 0.099100
v -0.072805 0.001680 -0.107070
v 0.138138 -0.000252 -0.113138
v -0.000640 0.065108 0.038229
v -0.127895 -0.000472 -0.002949
v 0.065160 0.051946 -0.025534
v 0.006036 0.069525 -0.059859
v -0.036367 0.056278 -0.033600
v 0.212600 -0.000378 -0.004191
v 0.129040 -0.000501 0.062708
v 0.073124 -0.000587 0.101104
v 0.205065 -0.001346 0.117676
v -0.083451 -0.000299 0.064522
v -0.117759 -0.000802 0.110686
v -0.024738 0.060721 0.083482
v -0.086976 -0.000321 -0.047028
v 0.128881 0.009641 -0.056885
v 0.202809 -0.000788 -0.113656
v 0.200394 -0.001019 -0.051800
v 0.150704 0.000377 -0.068106
v 0.217053 -0.000572 -0.067234
v 0.072130 0.025795 -0.096289
v 0.061933 0.062314 -0.060862
v 0.023037 0.066618 -0.070485
v 0.079294 0.046910 -0.073375
v -0.027706 0.000513 -0.102526
v -0.033349 0.034489 -0.057410
v -0.071534 0.002851 -0.061064
v -0.021874 0.040679 -0.067774
v -0.132378 -0.000825 -0.112655
v -0.137901 -0.000916 -0.050785
v -0.122213 0.000308 -0.065733
v -0.033987 0.058974 0.102485
v -0.131550 -0.000642 0.128151
v -0.140068 -0.000507 0.009217
v -0.139585 -0.000131 0.071172
v -0.126516 -0.000754 0.056539
v 0.188262 -0.001407 0.131823
v 0.049486 0.010303 0.108420
v 0.046154 0.059232 -0.011451
v 0.046946 0.025010 0.054603
v -0.001661 0.067859 0.032500
v 0.062957 0.019825 0.036378
v 0.198821 -0.001024 0.007610
v 0.193269 -0.001225 0.069897
v 0.147097 -0.000315 0.048584
v 0.209936 -0.001158 0.055810
v -0.048824 0.047083 -0.018718
v -0.048880 0.048885 0.037615
v -0.065828 0.013432 0.041585
v -0.042084 0.059711 0.019921
v -0.008130 0.073554 0.012570
v -0.153914 -0.000926 -0.006903
v 0.036292 0.071494 -0.022761
v 0.013255 0.054714 -0.079291
v -0.051939 0.036094 -0.025348
v 0.183502 -0.000996 -0.009409
v 0.129350 -0.001008 0.028775
v 0.038218 0.040464 0.097206
v 0.173987 -0.001169 0.115109
v -0.090104 -0.000699 0.035314
v -0.148508 -0.000246 0.115237
v -0.044041 0.048328 0.092760
v -0.078966 -0.000329 -0.075571
v 0.136069 -0.000246 -0.084713
v 0.006499 0.061645 0.073786
v -0.103357 -0.000290 -0.003752
v 0.101056 0.017174 -0.019808
v -0.000817 0.076239 -0.038906
v -0.016122 0.072503 -0.030640
v 0.127878 -0.000727 0.095075
v 0.110692 -0.000221 0.109221
v -0.074496 0.000578 0.093062
v -0.085385 0.000895 0.106056
v -0.002689 0.064440 0.084091
v -0.089182 -0.000238 -0.022975
v 0.123651 0.002838 -0.033620
v 0.202346 -0.001018 -0.083500
v 0.198149 -0.000539 -0.019996
v 0.185316 -0.001070 -0.067727
v 0.066307 0.048164 -0.083864
v 0.055286 0.065432 -0.035909
v 0.050503 0.063766 -0.072169
v 0.108207 0.016241 -0.069647
v -0.023776 0.024548 -0.072336
v -0.041062 0.044011 -0.041451
v -0.034948 0.019058 -0.062803
v -0.002690 0.057282 -0.069676
v -0.134430 -0.000434 -0.081989
v -0.139518 -0.000348 -0.021502
v -0.150974 -0.000617 -0.068190
v -0.097251 -0.000095 -0.059872
v -0.141772 -0.000754 0.040156
v -0.135615 -0.000859 0.098618
v -0.154516 -0.001003 0.055514
v -0.101925 0.000940 0.053463
v 0.039468 0.042009 0.017073
v 0.047755 0.023730 0.079413
v 0.025541 0.049876 0.033205
v 0.108486 -0.000172 0.042894
v 0.195807 -0.000951 0.039158
v 0.190781 -0.001176 0.100755
v 0.178857 -0.001219 0.053272
v -0.050586 0.050601 0.008235
v -0.038310 0.050260 0.073588
v -0.056405 0.040141 0.028432
v -0.020441 0.070068 0.021887
v -0.028119 0.064382 0.033905
v -0.019690 0.063001 0.069737
v -0.032650 0.055183 0.050162
v -0.012770 0.060266 0.051982
v -0.056245 0.029631 0.051762
v -0.053477 0.035145 0.083007
v -0.058157 0.019543 0.074525
v -0.051766 0.039237 0.061102
v -0.059964 0.024510 -0.007847
v -0.062814 0.028128 0.020887
v -0.067808 0.011721 0.013332
v -0.057381 0.039135 -0.000547
v 0.224087 -0.001274 0.072498
v 0.221665 -0.001237 0.103440
v 0.207551 -0.001161 0.086723
v 0.162195 -0.000782 0.067424
v 0.159611 -0.000947 0.098303
v 0.145492 -0.001076 0.081314
v 0.176585 -0.000873 0.084089
v 0.165759 -0.000903 0.005857
v 0.164679 -0.000913 0.035437
v 0.147245 -0.000798 0.016924
v 0.181210 -0.000919 0.022046
v 0.089138 -0.000611 0.056708
v 0.092961 0.000691 0.089834
v 0.063660 0.006731 0.068775
v 0.109770 0.000587 0.076227
v 0.016868 0.055603 0.054243
v 0.032578 0.057230 0.081887
v 0.015194 0.057739 0.061234
v 0.032965 0.042067 0.072348
v 0.018870 0.075904 -0.010590
v 0.016309 0.066304 0.018442
v 0.002359 0.075672 0.000899
v 0.030706 0.062295 0.003549
v 0.038980 0.055312 0.095811
v 0.032394 0.056106 0.107079
v 0.037290 0.027372 0.111017
v 0.157140 -0.001266 0.129442
v 0.140418 -0.001251 0.141331
v 0.171496 -0.001393 0.144428
v -0.112581 0.000701 0.069044
v -0.106877 -0.000181 0.095461
v -0.124366 0.000505 0.084909
v -0.092799 0.001626 0.081093
v -0.166667 -0.000564 0.069890
v -0.164167 -0.000554 0.100727
v -0.151262 0.000011 0.084836
v -0.168942 -0.001165 0.008468
v -0.168487 -0.001075 0.039099
v -0.154946 -0.000666 0.024542
v -0.161263 -0.001257 0.130644
v -0.144673 -0.001309 0.142893
v -0.044673 0.043263 0.105256
v -0.045144 0.030812 0.118740
v -0.036417 0.058220 0.114954
v -0.109406 -0.000415 -0.050713
v -0.114281 0.002075 -0.018075
v -0.125652 0.000099 -0.034475
v -0.097535 0.001383 -0.032551
v -0.166122 -0.000400 -0.053414
v -0.167803 -0.000365 -0.022612
v -0.152599 0.000740 -0.037804
v -0.162214 -0.001207 -0.116131
v -0.164521 -0.001379 -0.085031
v -0.148089 -0.001307 -0.099478
v -0.016060 0.055269 -0.061720
v -0.023454 0.062652 -0.043282
v -0.029426 0.050288 -0.052185
v -0.009427 0.067407 -0.051364
v -0.053962 0.010691 -0.047044
v -0.055424 0.019839 -0.028735
v -0.071124 0.001301 -0.035403
v -0.045707 0.028934 -0.044604
v -0.049386 0.003068 -0.105860
v -0.055303 0.000800 -0.073465
v -0.065323 0.003268 -0.089727
v -0.040275 -0.000093 -0.090822
v 0.087656 0.032962 -0.063388
v 0.080825 0.035041 -0.039116
v 0.072370 0.054504 -0.048931
v 0.105783 0.020286 -0.049044
v 0.032768 0.072441 -0.059260
v 0.024906 0.077451 -0.034591
v 0.015295 0.076606 -0.047775
v 0.043231 0.072018 -0.047643
v 0.047521 0.037610 -0.100528
v 0.041649 0.057441 -0.083779
v 0.031677 0.049777 -0.092288
v 0.052895 0.046705 -0.091142
v 0.231403 -0.001080 -0.051109
v 0.229702 -0.000851 -0.019972
v 0.215170 -0.000539 -0.036004
v 0.166692 0.001073 -0.053466
v 0.169907 -0.000948 -0.025379
v 0.151026 0.000538 -0.044614
v 0.182035 0.000053 -0.035925
v 0.171125 -0.000977 -0.114120
v 0.169869 -0.000677 -0.084131
v 0.153993 -0.000977 -0.098849
v 0.186844 -0.001044 -0.099001
v 0.233461 -0.000900 -0.112910
v 0.232409 -0.001263 -0.081985
v 0.217760 -0.000932 -0.097693
v 0.099452 0.003841 -0.106988
v 0.097560 0.024504 -0.081837
v 0.084074 0.027342 -0.093685
v 0.116419 0.001889 -0.093877
v 0.000748 0.019847 -0.091328
v -0.009461 0.043283 -0.078551
v -0.011923 0.024367 -0.085873
v 0.005712 0.040869 -0.087002
v -0.102388 -0.000916 -0.109325
v -0.108578 -0.000689 -0.078787
v -0.119588 -0.000438 -0.095273
v -0.091160 -0.001026 -0.092520
v -0.009036 0.064894 0.095237
v -0.018009 0.061354 0.104481
v 0.008758 0.061670 0.101043
v -0.097902 -0.000109 0.121982
v -0.112349 -0.001117 0.138170
v -0.077873 0.000731 0.132379
v -0.115021 -0.000823 0.011584
v -0.116033 0.000160 0.043919
v -0.128856 -0.000899 0.025898
v -0.101068 0.000760 0.026051
v 0.219205 -0.001291 0.134395
v 0.202664 -0.001353 0.147098
v 0.093627 0.000316 0.120839
v 0.073674 0.002089 0.132892
v 0.109455 -0.001284 0.137385
v 0.082705 0.027022 -0.010535
v 0.078526 0.012865 0.018409
v 0.059020 0.032472 0.000560
v 0.101171 0.004738 0.004762
v 0.227238 -0.000570 0.011278
v 0.226242 -0.001120 0.041669
v 0.212606 -0.000959 0.024909
v -0.030011 0.066683 -0.021419
v -0.032667 0.067438 0.005683
v -0.041552 0.059828 -0.008625
v -0.020159 0.073428 -0.005459
v -0.020832 0.072374 0.008453
v -0.042557 0.060518 0.005595
v -0.038801 0.058147 -0.022063
v 0.211267 -0.000970 0.040214
v 0.213901 0.000366 0.008841
v 0.105315 -0.000486 0.024131
v 0.061871 0.023910 0.018809
v 0.060752 0.043018 -0.016081
v 0.074501 -0.000419 0.117937
v 0.203771 -0.001315 0.133029
v -0.101764 0.001081 0.040634
v -0.126703 0.000943 0.041193
v -0.129479 -0.000040 0.009853
v -0.114793 -0.000698 0.125735
v -0.020834 0.061929 0.097580
v -0.093640 -0.000474 -0.076963
v -0.118728 0.000122 -0.081061
v -0.116542 -0.000751 -0.111273
v 0.003333 0.049152 -0.079964
v -0.016594 0.033807 -0.076450
v -0.014967 0.008924 -0.094785
v 0.111356 0.013345 -0.082568
v 0.081156 0.037165 -0.081955
v 0.087948 0.017226 -0.098312
v 0.216686 -0.000906 -0.082217
v 0.218164 -0.000928 -0.113078
v 0.186233 -0.001104 -0.083609
v 0.150934 0.000901 -0.083857
v 0.155141 -0.000422 -0.113764
v 0.184286 0.000973 -0.023966
v 0.149675 -0.001074 -0.028273
v 0.153044 0.000303 -0.057177
v 0.214545 -0.001167 -0.020813
v 0.215973 -0.001137 -0.051669
v 0.051976 0.055280 -0.084622
v 0.027497 0.058165 -0.082337
v 0.035808 0.036310 -0.099219
v 0.039611 0.073237 -0.034792
v 0.011636 0.078780 -0.036358
v 0.019080 0.072601 -0.059094
v 0.103182 0.019068 -0.036297
v 0.068214 0.054382 -0.037240
v 0.074412 0.052262 -0.061917
v -0.038153 0.006165 -0.070070
v -0.066560 0.000549 -0.078107
v -0.062361 0.000917 -0.103080
v -0.047162 0.032931 -0.034036
v -0.070322 0.002189 -0.026320
v -0.070855 0.000421 -0.051163
v -0.012761 0.070599 -0.041668
v -0.034091 0.052206 -0.042325
v -0.026030 0.046230 -0.060333
v -0.149158 -0.001275 -0.083485
v -0.154328 -0.000044 -0.021008
v -0.101028 0.002400 -0.017576
v -0.127262 0.000643 -0.018017
v -0.124294 0.000397 -0.049750
v -0.051143 0.029364 0.109571
v -0.154283 0.000085 0.039455
v -0.150122 -0.001073 0.099677
v -0.087038 0.000053 0.093357
v -0.121194 -0.000631 0.097886
v -0.126451 -0.000664 0.068377
v 0.141202 -0.001199 0.128214
v 0.033313 0.061115 0.097570
v 0.028705 0.055495 0.019041
v 0.000076 0.071543 0.016025
v 0.005561 0.078765 -0.011569
v 0.038492 0.041262 0.085048
v 0.022827 0.060583 0.077106
v 0.004480 0.062621 0.047497
v 0.110844 -0.000561 0.092440
v 0.069862 0.003185 0.084280
v 0.063237 0.014274 0.053962
v 0.180019 -0.001174 0.037721
v 0.147533 -0.000777 0.033005
v 0.149008 0.001110 0.001445
v 0.175359 -0.001333 0.099499
v 0.144079 -0.000664 0.096812
v 0.146490 -0.001254 0.064920
v 0.206242 -0.001344 0.102078
v 0.208765 -0.001105 0.071325
v -0.057585 0.039609 0.013608
v -0.068127 0.013881 0.028152
v -0.065794 0.012575 0.001327
v -0.048576 0.041737 0.079038
v -0.057643 0.023456 0.087974
v -0.061088 0.014442 0.057299
v -0.008072 0.062704 0.072253
v -0.028148 0.057228 0.070217
v -0.039180 0.057391 0.034136
v -0.017412 0.064761 0.035814
v -0.053583 0.040514 0.044726
v -0.054909 0.038930 -0.014731
v 0.177993 -0.001177 0.069016
v 0.182256 -0.000529 0.006887
v 0.108968 0.000643 0.060320
v 0.027210 0.043592 0.056133
v 0.033089 0.069137 -0.009974
v 0.039444 0.034034 0.098569
v 0.172667 -0.001385 0.130530
v -0.098133 -0.000759 0.068743
v -0.152755 -0.000760 0.069972
v -0.155001 -0.000163 0.010205
v -0.145763 -0.001037 0.128911
v -0.039890 0.054705 0.105396
v -0.096998 0.002778 -0.048793
v -0.153360 -0.000393 -0.051360
v -0.146576 -0.001152 -0.114814
v -0.005972 0.062934 -0.061341
v -0.041126 0.026865 -0.050939
v -0.033988 0.000556 -0.107570
v 0.109243 0.020420 -0.060915
v 0.047021 0.068958 -0.059947
v 0.055747 0.033108 -0.098756
v 0.183918 -0.001002 -0.052700
v 0.187211 -0.000889 -0.113860
v 0.121480 -0.000694 -0.112065
v 0.010467 0.027271 -0.094401
v -0.086667 -0.000680 -0.108820
v 0.003692 0.064151 0.095957
v -0.082573 -0.000742 0.121389
v -0.102015 -0.000217 0.008954
v 0.110083 -0.000483 0.124356
v 0.101522 0.014367 -0.009242
v -0.018625 0.073578 -0.018633
v -0.005525 0.077610 -0.021023
v 0.002216 0.078710 -0.025514
v 0.028493 0.025997 -0.098801
v 0.018523 0.061907 0.092414
v -0.077789 0.003739 -0.007118
v 0.137983 0.000741 -0.014297
v 0.124762 0.001846 -0.009777
v 0.126588 -0.000609 0.118916
v 0.024086 0.061593 0.087498
v 0.134693 -0.001219 0.111707
v -0.088457 -0.000456 -0.000480
v -0.057781 0.009084 0.106669
v -0.057508 0.019737 0.099702
v -0.072792 0.000066 -0.112320
v 0.138871 -0.001086 -0.119606
v -0.002099 0.068642 0.031027
v -0.134787 -0.000055 -0.002655
v 0.059090 0.058376 -0.025055
v 0.008104 0.066530 -0.064800
v -0.039757 0.050918 -0.032256
v 0.205611 0.000745 -0.005479
v 0.129393 -0.001091 0.054480
v 0.057866 0.004572 0.098667
v 0.197319 -0.001379 0.117008
v -0.084766 0.001043 0.056874
v -0.126124 -0.000953 0.111617
v -0.030300 0.057980 0.085511
v -0.084249 -0.000462 -0.057209
v 0.128719 0.006574 -0.057127
v 0.203074 -0.001068 -0.119762
v 0.200608 -0.001167 -0.059886
v 0.142406 0.001578 -0.068763
v 0.209595 -0.001272 -0.067627
v 0.072157 0.019712 -0.097557
v 0.063801 0.060197 -0.066535
v 0.016365 0.065302 -0.070404
v 0.072182 0.052153 -0.071343
v -0.028122 0.000407 -0.113495
v -0.032358 0.032955 -0.062110
v -0.076080 0.002700 -0.061648
v -0.026514 0.035599 -0.065365
v -0.131844 -0.001233 -0.119227
v -0.136554 -0.001095 -0.059408
v -0.128547 0.000232 -0.066289
v -0.034801 0.057397 0.095929
v -0.133166 -0.001015 0.121125
v -0.139712 0.000822 0.001964
v -0.139840 -0.001071 0.063671
v -0.133603 0.000191 0.055856
v 0.188893 -0.001352 0.124004
v 0.050232 0.014300 0.102521
v 0.048270 0.061503 -0.018462
v 0.045259 0.027086 0.045359
v -0.002357 0.071396 0.028861
v 0.054455 0.023833 0.036868
v 0.199941 -0.000602 -0.000684
v 0.193909 -0.000952 0.062413
v 0.139005 -0.000733 0.047650
v 0.202301 -0.001265 0.055213
v -0.047035 0.045785 -0.025133
v -0.049163 0.049705 0.030678
v -0.074734 0.001368 0.045903
v -0.045995 0.055224 0.021468
v -0.008269 0.074973 0.005257
v -0.161937 -0.001098 -0.006586
v 0.027557 0.074839 -0.022639
v 0.016591 0.049119 -0.084533
v -0.054350 0.030551 -0.020507
v 0.175853 -0.000040 -0.009813
v 0.129493 -0.000143 0.020594
v 0.035575 0.051224 0.096564
v 0.166272 -0.001237 0.114508
v -0.091253 0.000131 0.025596
v -0.155244 -0.000665 0.114664
v -0.046715 0.043555 0.094238
v -0.076676 0.000389 -0.082641
v 0.136923 0.001508 -0.092159
v 0.004487 0.060369 0.065024
v -0.107982 0.001271 -0.003425
v 0.091992 0.021329 -0.020941
v 0.000732 0.075053 -0.043886
v -0.021714 0.069084 -0.032051
v 0.235318 -0.001365 -0.004390
v 0.128326 -0.000879 0.086566
v 0.101393 -0.000914 0.107928
v 0.226787 -0.001371 0.119282
v -0.078281 0.000183 0.086388
v -0.094625 -0.000838 0.109268
v -0.009288 0.064884 0.083490
v -0.088651 0.002004 -0.027215
v 0.124261 0.004209 -0.041190
v 0.202262 -0.000326 -0.090850
v 0.199208 -0.000965 -0.028266
v 0.177143 -0.000579 -0.067368
v 0.238326 -0.001353 -0.065904
v 0.067933 0.043466 -0.088696
v 0.056860 0.065503 -0.041544
v 0.043819 0.065804 -0.071773
v 0.099699 0.023528 -0.071571
v -0.020330 0.018414 -0.077607
v -0.039447 0.042473 -0.043515
v -0.040286 0.008064 -0.060685
v -0.008456 0.054423 -0.070182
v -0.132964 -0.001106 -0.090425
v -0.140409 0.001231 -0.028281
v -0.158115 -0.001134 -0.068338
v -0.104833 0.000881 -0.059894
v -0.141381 0.000506 0.032150
v -0.136877 0.000100 0.091608
v -0.161453 -0.000206 0.055284
v -0.108184 0.001926 0.053220
v 0.039892 0.048268 0.009042
v 0.050347 0.025086 0.075516
v 0.021808 0.056528 0.034382
v 0.096974 -0.000657 0.040119
v 0.196321 -0.001179 0.031651
v 0.191361 -0.001136 0.093155
v 0.171572 -0.000749 0.052174
v 0.231492 -0.001364 0.057498
v -0.050213 0.050426 0.000903
v -0.040097 0.047056 0.064775
v -0.058775 0.034304 0.031325
v -0.026714 0.068631 0.021156
v -0.030264 0.065851 0.026609
v -0.021653 0.061967 0.060284
v -0.037637 0.050153 0.051436
v -0.021325 0.061688 0.052560
v -0.058594 0.028392 0.042902
v -0.053805 0.032983 0.076325
v -0.063616 0.006116 0.076587
v -0.052807 0.035677 0.064827
v -0.060827 0.026139 -0.012943
v -0.062754 0.028376 0.013703
v -0.077731 0.005566 0.018465
v -0.060306 0.033749 0.002394
v 0.224729 -0.001262 0.064763
v 0.222229 -0.001270 0.095713
v 0.199806 -0.001285 0.086095
v 0.229284 -0.001410 0.088556
v 0.162992 -0.001277 0.059484
v 0.160373 -0.001158 0.090699
v 0.136852 -0.000622 0.079993
v 0.169183 -0.001207 0.083471
v 0.166652 -0.001194 -0.002302
v 0.165143 -0.000127 0.027643
v 0.138231 0.000601 0.015420
v 0.172530 -0.000859 0.020599
v 0.085414 0.000423 0.046653
v 0.093483 -0.000497 0.082511
v 0.056814 0.017854 0.068523
v 0.102568 0.000979 0.074878
v 0.016562 0.057331 0.044036
v 0.029523 0.056773 0.074850
v 0.007357 0.060509 0.059140
v 0.027432 0.053359 0.071348
v 0.019847 0.076825 -0.016560
v 0.015999 0.068493 0.011318
v -0.002372 0.077577 -0.000348
v 0.023577 0.068002 0.004211
v 0.037056 0.056801 0.098830
v 0.032234 0.058021 0.102591
v 0.040660 0.034146 0.101008
v 0.157872 -0.001338 0.121412
v 0.132871 -0.001291 0.140655
v 0.163749 -0.001328 0.143657
v -0.113860 -0.000437 0.061306
v -0.108263 0.000290 0.090181
v -0.130934 0.000596 0.084755
v -0.100867 -0.000513 0.081042
v -0.167208 -0.000610 0.062497
v -0.165119 -0.000802 0.093209
v -0.157978 -0.001044 0.084774
v -0.168682 -0.000513 0.000699
v -0.168088 -0.000223 0.031244
v -0.162276 -0.000046 0.024920
v -0.161972 -0.001310 0.122861
v -0.152375 -0.001264 0.143827
v -0.047946 0.040939 0.100360
v -0.047720 0.022595 0.121595
v -0.037275 0.055433 0.114316
v -0.107895 0.002022 -0.057263
v -0.114074 -0.000451 -0.022498
v -0.133621 -0.000786 -0.034246
v -0.104477 -0.000804 -0.032474
v -0.165906 -0.001164 -0.060990
v -0.167843 -0.000762 -0.029719
v -0.159203 -0.000772 -0.038562
v -0.161715 -0.000945 -0.122652
v -0.163927 -0.001242 -0.092859
v -0.155817 -0.001343 -0.100010
v -0.014244 0.053434 -0.065952
v -0.021643 0.060916 -0.048497
v -0.033693 0.045336 -0.049310
v -0.014980 0.063589 -0.052387
v -0.053496 0.005742 -0.048977
v -0.053188 0.016982 -0.031406
v -0.079615 0.001128 -0.034543
v -0.047618 0.023122 -0.043626
v -0.048907 0.002278 -0.111621
v -0.054523 0.000947 -0.080356
v -0.065355 0.000903 -0.089636
v -0.046238 0.001281 -0.090290
v 0.091114 0.033594 -0.070080
v 0.082878 0.036533 -0.046472
v 0.065571 0.060150 -0.048459
v 0.095595 0.026387 -0.049629
v 0.034874 0.069965 -0.065325
v 0.026729 0.076737 -0.040994
v 0.008892 0.075418 -0.048412
v 0.035986 0.074309 -0.047643
v 0.046338 0.032103 -0.103302
v 0.043450 0.054838 -0.088914
v 0.026807 0.048138 -0.091295
v 0.049702 0.050203 -0.092558
v 0.231530 -0.000972 -0.058725
v 0.229930 -0.001199 -0.027429
v 0.207909 -0.000566 -0.036701
v 0.237025 -0.001423 -0.035186
v 0.166880 0.000988 -0.059255
v 0.170914 -0.000795 -0.033638
v 0.139792 0.000734 -0.047219
v 0.176739 0.001905 -0.038517
v 0.171621 -0.001330 -0.120403
v 0.170233 -0.000427 -0.091907
v 0.143991 -0.000320 -0.097624
v 0.178413 -0.000592 -0.098802
v 0.233617 -0.000886 -0.119076
v 0.232517 -0.001099 -0.089619
v 0.209693 -0.001141 -0.097679
v 0.239332 -0.001445 -0.096966
v 0.102029 0.000636 -0.113640
v 0.098603 0.020888 -0.086610
v 0.076450 0.032316 -0.091835
v 0.105848 0.009895 -0.091536
v 0.002851 0.013435 -0.096644
v -0.006563 0.038327 -0.081100
v -0.012889 0.016912 -0.086049
v 0.000980 0.037622 -0.085373
v -0.101279 -0.001252 -0.115723
v -0.105466 -0.000839 -0.086765
v -0.125646 0.000411 -0.096990
v -0.098122 0.000008 -0.093393
v -0.011747 0.064919 0.088838
v -0.025720 0.060292 0.107750
v 0.001417 0.062666 0.102954
v -0.100866 0.001022 0.116685
v -0.120654 -0.001191 0.139213
v -0.085360 -0.000519 0.132033
v -0.114154 -0.000394 0.001694
v -0.115627 -0.000206 0.034406
v -0.136348 -0.000395 0.026827
v -0.107814 -0.000412 0.024835
v 0.219732 -0.001311 0.126567
v 0.194909 -0.001368 0.146367
v 0.223901 -0.001234 0.148609
v 0.093322 0.000668 0.113601
v 0.063736 0.004556 0.130519
v 0.101690 -0.001127 0.135571
v 0.080280 0.027522 -0.015501
v 0.080143 0.017503 0.011021
v 0.049205 0.043312 0.000150
v 0.088872 0.013811 0.003074
v 0.228042 -0.001134 0.003696
v 0.226837 -0.001208 0.033681
v 0.205032 -0.001012 0.024564
v 0.232849 -0.001220 0.026192
v -0.028599 0.065903 -0.027685
v -0.032705 0.067720 -0.001399
v -0.045879 0.055118 -0.008142
v -0.026556 0.070604 -0.007095
v -0.007360 0.077350 -0.008308
v -0.173897 -0.001242 -0.006903
v 0.015300 0.078426 -0.022926
v 0.021498 0.039924 -0.092115
v 0.024666 0.061947 0.097965
v -0.060922 0.021535 -0.009986
v 0.157292 -0.001054 -0.011045
v 0.127139 0.001054 0.004629
v 0.125300 -0.001128 0.133569
v 0.032952 0.060231 0.091766
v 0.150636 -0.001127 0.113019
v -0.085132 0.000314 0.017218
v -0.053475 0.011372 0.120246
v -0.168820 -0.001346 0.115371
v -0.053168 0.033242 0.097262
v -0.072425 -0.000142 -0.100222
v 0.136839 0.000219 -0.105015
v 0.000185 0.062060 0.046347
v -0.121644 0.000865 -0.004391
v 0.070582 0.042135 -0.024697
v 0.004391 0.071570 -0.054874
v -0.032271 0.060612 -0.033398
v 0.221037 -0.001098 -0.004292
v 0.128928 -0.000272 0.070992
v 0.085568 -0.000518 0.104315
v 0.212800 -0.001332 0.118249
v -0.081312 0.000684 0.072453
v -0.110165 0.000530 0.111199
v -0.019027 0.063339 0.082213
v -0.087252 0.000718 -0.040971
v 0.127694 0.008058 -0.058410
v 0.202248 -0.001130 -0.105939
v 0.200461 -0.000638 -0.044427
v 0.159425 -0.000250 -0.066247
v 0.223896 -0.000732 -0.066678
v 0.071353 0.032456 -0.094501
v 0.060194 0.064014 -0.054484
v 0.029827 0.066957 -0.070710
v 0.085630 0.040081 -0.074298
v -0.023382 0.006295 -0.095942
v -0.035970 0.036919 -0.051989
v -0.064477 -0.000387 -0.062047
v -0.016457 0.045437 -0.069074
v -0.132240 0.000043 -0.105586
v -0.139684 -0.000956 -0.042260
v -0.171936 -0.001258 -0.069801
v -0.114021 -0.000238 -0.064957
v -0.032903 0.059889 0.107314
v -0.129781 -0.000798 0.134551
v -0.142389 -0.000759 0.018725
v -0.138668 0.000429 0.077535
v -0.173366 -0.001246 0.054705
v -0.118958 -0.000101 0.054876
v 0.187660 -0.001276 0.139375
v 0.050310 0.009371 0.119731
v 0.043466 0.055610 -0.004310
v 0.048907 0.024093 0.063652
v 0.008342 0.061686 0.032606
v 0.070247 0.013058 0.035422
v 0.197844 -0.001255 0.016023
v 0.192702 -0.001306 0.077787
v 0.154955 -0.001073 0.049726
v 0.217821 -0.001293 0.056436
v -0.049947 0.048550 -0.013577
v -0.047206 0.046502 0.044764
v -0.062860 0.020518 0.037972
v -0.036991 0.063511 0.019537
v -0.006879 0.072404 0.019503
v -0.146948 0.000443 -0.005919
v 0.043492 0.068631 -0.023191
v 0.011437 0.059714 -0.075506
v -0.049332 0.040694 -0.028023
v 0.192893 -0.000473 -0.008987
v 0.129098 -0.001208 0.037475
v 0.041768 0.029670 0.098233
v 0.181679 -0.001284 0.115663
v -0.087627 0.000944 0.043547
v -0.141344 -0.000933 0.115204
v -0.040148 0.051390 0.090796
v -0.081316 0.001417 -0.066602
v 0.133137 0.000075 -0.075882
v 0.009505 0.061719 0.079696
v -0.095778 -0.000458 -0.006355
v 0.109340 0.008524 -0.019107
v -0.002384 0.076748 -0.033264
v -0.010249 0.075237 -0.028947
v 0.127531 -0.001047 0.103033
v 0.118555 -0.000999 0.110123
v -0.068824 0.002116 0.097254
v -0.077153 0.001211 0.104499
v 0.004581 0.063102 0.084671
v -0.088340 -0.000340 -0.011873
v 0.123797 0.001760 -0.024932
v 0.201749 -0.000896 -0.075660
v 0.198387 0.000889 -0.013567
v 0.193248 -0.000769 -0.067823
v 0.065656 0.053226 -0.077283
v 0.052944 0.064219 -0.030254
v 0.057664 0.060761 -0.072026
v 0.117514 0.009806 -0.067940
v -0.027731 0.028352 -0.066808
v -0.041827 0.044251 -0.036292
v -0.034158 0.025939 -0.063444
v 0.004103 0.060380 -0.070291
v -0.135117 -0.000557 -0.074456
v -0.140924 -0.000833 -0.012187
v -0.143546 -0.001063 -0.068126
v -0.089705 0.001270 -0.061638
v -0.141610 0.000214 0.047817
v -0.134049 -0.001024 0.106302
v -0.147367 -0.001020 0.054792
v -0.092736 -0.000537 0.051969
v 0.040634 0.035431 0.025760
v 0.046814 0.020078 0.088184
v 0.032656 0.039824 0.034308
v 0.118380 -0.001036 0.044429
v 0.195316 -0.001149 0.046775
v 0.190130 -0.001333 0.108490
v 0.186934 -0.001123 0.054184
v -0.050668 0.050630 0.015928
v -0.036954 0.052144 0.080634
v -0.053819 0.045368 0.025808
v -0.013299 0.070065 0.022760
v -0.024478 0.061991 0.040916
v -0.017241 0.064245 0.076705
v -0.026675 0.058283 0.050013
v -0.006201 0.061798 0.054083
v -0.055349 0.030911 0.060736
v -0.051809 0.036120 0.089175
v -0.056632 0.026551 0.072081
v -0.048482 0.041584 0.057104
v -0.062336 0.027842 0.000402
v -0.062310 0.028035 0.027612
v -0.063993 0.020483 0.008636
v -0.053261 0.043832 -0.004226
v 0.223431 -0.001339 0.080222
v 0.221044 -0.001238 0.111105
v 0.215184 -0.001224 0.087383
v 0.161541 -0.001058 0.074852
v 0.158871 -0.001220 0.105976
v 0.153172 -0.000730 0.081984
v 0.184180 -0.001184 0.084900
v 0.165938 0.000383 0.012730
v 0.164363 -0.001141 0.043139
v 0.157949 -0.000956 0.018300
v 0.189074 -0.001048 0.023300
v 0.091735 0.000084 0.065074
v 0.093060 0.000748 0.097882
v 0.079039 -0.000201 0.072287
v 0.119765 -0.000828 0.077748
v 0.021300 0.055618 0.063062
v 0.033974 0.057883 0.087272
v 0.021245 0.058119 0.065684
v 0.042058 0.031650 0.072544
v 0.017767 0.073512 -0.003769
v 0.016937 0.062948 0.025491
v 0.009997 0.074111 0.002763
v 0.038034 0.058884 0.003854
v 0.036731 0.049520 0.096005
v 0.033696 0.054700 0.107270
v 0.041800 0.018290 0.121364
v 0.156504 -0.001067 0.136812
v 0.148174 -0.001246 0.142162
v 0.179371 -0.001411 0.145094
v -0.110549 -0.000600 0.074555
v -0.104954 -0.000990 0.103573
v -0.117699 -0.000725 0.084736
v -0.087723 0.002469 0.080805
v -0.165997 -0.001128 0.077208
v -0.163117 -0.000558 0.107674
v -0.171706 -0.001338 0.085628
v -0.144834 -0.000080 0.084895
v -0.168865 -0.000613 0.017101
v -0.168394 -0.000608 0.047424
v -0.173345 -0.001050 0.024091
v -0.148001 0.000469 0.024857
v -0.160483 -0.001153 0.138089
v -0.165559 -0.001361 0.144280
v -0.136651 -0.001371 0.141697
v -0.041527 0.045508 0.110377
v -0.042483 0.038400 0.117574
v -0.034600 0.059285 0.114290
v -0.112631 -0.000949 -0.040938
v -0.114559 -0.000426 -0.012867
v -0.119965 0.000363 -0.034002
v -0.093877 0.000201 -0.032473
v -0.166357 -0.000933 -0.046443
v -0.168088 -0.001026 -0.015190
v -0.173801 -0.001220 -0.038369
v -0.147000 0.001211 -0.036166
v -0.162740 -0.001203 -0.108419
v -0.165117 -0.001269 -0.076947
v -0.169656 -0.001371 -0.100964
v -0.139958 -0.001267 -0.099170
v -0.018351 0.057483 -0.056822
v -0.025335 0.064034 -0.038085
v -0.025103 0.054600 -0.053265
v -0.003555 0.070821 -0.050313
v -0.050667 0.010828 -0.047087
v -0.054923 0.022912 -0.023563
v -0.061557 0.005049 -0.036319
v -0.041567 0.034357 -0.045068
v -0.051582 0.001499 -0.099258
v -0.053927 0.002937 -0.069427
v -0.062812 0.000137 -0.091271
v -0.028226 0.001130 -0.089173
v 0.085855 0.035144 -0.054145
v 0.079513 0.033009 -0.031798
v 0.078384 0.047644 -0.049651
v 0.114025 0.012688 -0.049156
v 0.030758 0.074466 -0.053389
v 0.023079 0.078324 -0.028788
v 0.021704 0.076852 -0.047599
v 0.050893 0.068685 -0.047621
v 0.047998 0.042941 -0.095113
v 0.039285 0.062958 -0.077077
v 0.036251 0.050423 -0.091719
v 0.063022 0.042821 -0.090870
v 0.231077 -0.001192 -0.043248
v 0.229498 -0.000895 -0.012484
v 0.222785 -0.001166 -0.035386
v 0.169062 0.002202 -0.047800
v 0.169174 -0.000990 -0.018105
v 0.161100 -0.000762 -0.043334
v 0.191060 -0.001153 -0.036204
v 0.170453 -0.001043 -0.106243
v 0.169456 -0.001261 -0.075822
v 0.162605 -0.000106 -0.099394
v 0.194761 -0.000410 -0.098658
v 0.233140 -0.001313 -0.105257
v 0.232073 -0.001354 -0.073933
v 0.225264 -0.000958 -0.097423
v 0.096961 0.009363 -0.098594
v 0.095455 0.029161 -0.078370
v 0.089931 0.022290 -0.093135
v 0.129097 0.001483 -0.097473
v -0.002911 0.027179 -0.087337
v -0.011288 0.046767 -0.075094
v -0.009019 0.028422 -0.084458
v 0.012012 0.042541 -0.087298
v -0.103261 -0.000138 -0.101814
v -0.110115 -0.000013 -0.070524
v -0.111528 -0.000946 -0.094904
v -0.082765 -0.000952 -0.091652
v -0.006866 0.064532 0.099599
v -0.010639 0.062691 0.103571
v 0.018197 0.060652 0.099341
v -0.095845 -0.000894 0.128359
v -0.103869 -0.001237 0.136634
v -0.064719 0.001263 0.130647
v -0.115037 0.000573 0.018409
v -0.114405 0.002292 0.049179
v -0.121602 -0.000392 0.025548
v -0.094345 0.000124 0.025906
v 0.218620 -0.001248 0.142157
v 0.210515 -0.001242 0.148044
v 0.093769 -0.000302 0.128311
v 0.083935 0.000152 0.134192
v 0.117156 -0.001273 0.138823
v 0.082726 0.024312 -0.004316
v 0.079126 0.008175 0.027420
v 0.071781 0.023996 0.002069
v 0.116311 0.000050 0.008431
v 0.227071 -0.000407 0.018259
v 0.225813 -0.001124 0.049285
v 0.220389 -0.001042 0.025022
v -0.031239 0.067323 -0.014872
v -0.032175 0.066678 0.013433
v -0.036887 0.064186 -0.008824
v -0.014629 0.075564 -0.003721
v -0.020685 0.072922 0.001690
v -0.020603 0.070803 0.015360
v -0.027147 0.070388 0.006892
v -0.015281 0.073975 0.010471
v -0.042187 0.060295 -0.001754
v -0.042482 0.060408 0.012850
v -0.046587 0.056002 0.006528
v -0.038146 0.064150 0.005281
v -0.037855 0.057647 -0.028183
v -0.040350 0.059145 -0.014980
v -0.043542 0.052574 -0.020697
v -0.034655 0.062872 -0.022113
v 0.232547 -0.001415 0.042177
v 0.211784 -0.000789 0.032762
v 0.210578 -0.001268 0.047982
v 0.203611 -0.001191 0.039751
v 0.218824 -0.000919 0.040924
v 0.213009 0.000566 0.002497
v 0.213794 -0.000921 0.016470
v 0.207062 -0.000773 0.007793
v 0.220257 0.000190 0.010347
v 0.102998 0.001364 0.014277
v 0.107361 -0.000619 0.033736
v 0.090865 0.004262 0.020078
v 0.118113 -0.000952 0.027215
v 0.060191 0.027569 0.009794
v 0.062906 0.021419 0.028038
v 0.050113 0.031363 0.017629
v 0.071320 0.019924 0.019106
v 0.063503 0.048279 -0.022504
v 0.059075 0.037824 -0.007677
v 0.052617 0.052450 -0.013624
v 0.072025 0.032557 -0.014804
v 0.074251 -0.000363 0.109759
v 0.073927 0.000961 0.126231
v 0.061449 0.002905 0.114870
v 0.085846 -0.000164 0.119064
v 0.204422 -0.001229 0.125332
v 0.203163 -0.001269 0.140656
v 0.196077 -0.001341 0.132445
v 0.211480 -0.001331 0.133669
v -0.100043 0.000007 0.032946
v -0.103094 -0.000134 0.047684
v -0.108219 -0.000377 0.043272
v -0.096932 -0.000417 0.037998
v -0.128760 -0.000616 0.034940
v -0.125772 -0.000477 0.047125
v -0.134201 -0.000711 0.039772
v -0.121082 0.001476 0.042745
v -0.129380 0.001230 0.003733
v -0.128574 0.000322 0.017678
v -0.134255 0.000987 0.008979
v -0.122853 0.000155 0.010917
v -0.115826 -0.001055 0.118233
v -0.113605 -0.001035 0.132426
v -0.123136 -0.001110 0.127427
v -0.106340 -0.000894 0.123366
v -0.022861 0.061786 0.090156
v -0.019781 0.062559 0.101756
v -0.028051 0.059868 0.100278
v -0.014694 0.063937 0.095830
v -0.092663 -0.000468 -0.084623
v -0.094733 0.000297 -0.068842
v -0.100050 -0.000086 -0.078108
v -0.086128 0.000135 -0.075759
v -0.119313 0.000881 -0.088216
v -0.120110 -0.000533 -0.073099
v -0.126746 -0.000894 -0.081812
v -0.114496 0.001324 -0.079655
v -0.115784 -0.001252 -0.117179
v -0.118041 -0.001097 -0.103682
v -0.124692 -0.001139 -0.111933
v -0.109335 -0.000463 -0.110251
v 0.003963 0.045742 -0.084630
v 0.000301 0.054127 -0.074664
v -0.003730 0.044938 -0.078476
v 0.007180 0.052757 -0.080387
v -0.013009 0.029435 -0.080512
v -0.019022 0.037055 -0.072062
v -0.020691 0.029517 -0.075176
v -0.011740 0.039480 -0.077264
v -0.014120 0.002878 -0.101984
v -0.011352 0.016829 -0.087881
v -0.018121 0.003531 -0.095894
v -0.008565 0.014058 -0.090142
v 0.112502 0.007956 -0.086085
v 0.109940 0.014753 -0.078641
v 0.104972 0.019235 -0.082921
v 0.120593 0.003527 -0.082833
v 0.081661 0.031279 -0.088397
v 0.081191 0.042796 -0.075703
v 0.072997 0.042384 -0.082785
v 0.089398 0.030697 -0.080938
v 0.090418 0.012056 -0.100351
v 0.085561 0.023083 -0.096703
v 0.080788 0.022543 -0.097462
v 0.093620 0.011359 -0.102947
v 0.238861 -0.001414 -0.081701
v 0.217146 -0.001155 -0.090002
v 0.216917 -0.000440 -0.074639
v 0.209573 -0.000356 -0.082914
v 0.224596 -0.001286 -0.082080
v 0.218376 -0.001148 -0.119096
v 0.217999 -0.001036 -0.105635
v 0.210477 -0.000769 -0.113366
v 0.226029 -0.001025 -0.112986
v 0.186460 -0.000757 -0.091457
v 0.185894 -0.000905 -0.075481
v 0.177926 -0.001074 -0.083926
v 0.194288 -0.000884 -0.083526
v 0.151991 -0.000365 -0.090415
v 0.150407 0.000540 -0.076993
v 0.144685 0.001666 -0.084595
v 0.160560 -0.000961 -0.083940
v 0.155285 -0.001143 -0.120085
v 0.155042 -0.000319 -0.106735
v 0.146605 -0.000932 -0.113802
v 0.162710 -0.000925 -0.113780
v 0.183302 0.001824 -0.029576
v 0.184279 -0.000329 -0.017586
v 0.178181 0.001104 -0.024803
v 0.191012 0.001163 -0.021524
v 0.150412 -0.000284 -0.036576
v 0.148624 -0.000582 -0.019941
v 0.138132 -0.000517 -0.030400
v 0.159308 -0.000944 -0.026801
v 0.151737 0.001905 -0.060972
v 0.151883 0.001471 -0.051870
v 0.140802 0.003779 -0.056741
v 0.160836 0.002621 -0.055803
v 0.235859 -0.001282 -0.019522
v 0.215215 -0.001041 -0.028737
v 0.213442 -0.001083 -0.012579
v 0.206399 -0.000410 -0.020439
v 0.222718 -0.000903 -0.020585
v 0.216666 -0.000867 -0.059690
v 0.215279 -0.001218 -0.043342
v 0.208243 -0.001278 -0.051596
v 0.223880 -0.001356 -0.051515
v 0.052895 0.051972 -0.089197
v 0.051695 0.060092 -0.078176
v 0.047171 0.057562 -0.085018
v 0.059539 0.051894 -0.083802
v 0.030069 0.053394 -0.088295
v 0.025097 0.062707 -0.076232
v 0.021628 0.057370 -0.080784
v 0.033691 0.057561 -0.082924
v 0.037521 0.029633 -0.100603
v 0.033389 0.044291 -0.095521
v 0.033317 0.035048 -0.097227
v 0.043151 0.035812 -0.098091
v 0.041272 0.072629 -0.040982
v 0.038171 0.072754 -0.029144
v 0.032270 0.075923 -0.034764
v 0.047055 0.069343 -0.035301
v 0.013352 0.077860 -0.042073
v 0.010092 0.079099 -0.030542
v 0.005374 0.077949 -0.037525
v 0.018122 0.078547 -0.035148
v 0.021023 0.069762 -0.064789
v 0.017176 0.074813 -0.053380
v 0.012410 0.071382 -0.059351
v 0.025875 0.073018 -0.059138
v 0.104143 0.019634 -0.043139
v 0.102166 0.018170 -0.028420
v 0.093305 0.024776 -0.037774
v 0.111280 0.011474 -0.035617
v 0.070427 0.054746 -0.043428
v 0.065870 0.053158 -0.030790
v 0.062154 0.060810 -0.036353
v 0.074249 0.046915 -0.037995
v 0.075937 0.049761 -0.069127
v 0.073450 0.053531 -0.054610
v 0.068529 0.057570 -0.061558
v 0.079811 0.044217 -0.062616
v -0.039297 0.002825 -0.080035
v -0.037141 0.013159 -0.066837
v -0.046874 0.003203 -0.073357
v -0.029837 0.015316 -0.068838
v -0.065945 0.003157 -0.082934
v -0.069157 -0.000494 -0.068366
v -0.073058 0.001260 -0.076473
v -0.061437 0.002289 -0.076345
v -0.062747 -0.000358 -0.110213
v -0.063479 0.000351 -0.095549
v -0.068970 0.000069 -0.105141
v -0.053033 0.000844 -0.103318
v -0.045079 0.030100 -0.042258
v -0.050698 0.034951 -0.028980
v -0.051656 0.027557 -0.029653
v -0.043462 0.037807 -0.038969
v -0.072236 0.002971 -0.031550
v -0.067988 0.004338 -0.015967
v -0.081085 0.001192 -0.023703
v -0.059919 0.009427 -0.028844
v -0.071564 0.002590 -0.056854
v -0.071197 0.001720 -0.044402
v -0.077421 0.000884 -0.048772
v -0.063567 0.004108 -0.050236
v -0.011156 0.069270 -0.046461
v -0.014435 0.071601 -0.036323
v -0.018266 0.066828 -0.042682
v -0.006961 0.073661 -0.040332
v -0.031582 0.050783 -0.047364
v -0.035599 0.054556 -0.038655
v -0.038488 0.048698 -0.042394
v -0.028523 0.057873 -0.043015
v -0.024048 0.043492 -0.063382
v -0.027522 0.048682 -0.056292
v -0.029179 0.040452 -0.059631
v -0.021427 0.050456 -0.060677
v -0.148739 -0.001190 -0.091523
v -0.149737 -0.001087 -0.075477
v -0.156926 -0.001393 -0.084384
v -0.141534 -0.001087 -0.082522
v -0.170936 -0.001407 -0.085529
v -0.168656 -0.001118 -0.116550
v -0.153048 -0.000797 -0.030034
v -0.154058 0.000239 -0.014186
v -0.160982 -0.000054 -0.021783
v -0.147256 -0.000883 -0.021268
v -0.173473 -0.001091 -0.023065
v -0.172151 -0.001155 -0.054077
v -0.098822 0.000347 -0.023903
v -0.102128 0.001649 -0.013201
v -0.106440 0.002361 -0.017574
v -0.096926 0.000285 -0.020237
v -0.127119 -0.000794 -0.025239
v -0.127013 0.000847 -0.012179
v -0.133629 0.001097 -0.019688
v -0.120795 0.001805 -0.018055
v -0.123494 0.000346 -0.058079
v -0.124673 -0.000223 -0.041733
v -0.129879 -0.000732 -0.050290
v -0.118422 -0.000846 -0.049452
v -0.053346 0.028276 0.104657
v -0.048287 0.030201 0.114107
v -0.052715 0.022928 0.111431
v -0.048726 0.035615 0.107831
v -0.167531 -0.001392 0.131025
v -0.155115 -0.000035 0.032354
v -0.153951 -0.000947 0.046889
v -0.161392 -0.000888 0.038835
v -0.148033 0.000183 0.040293
v -0.174155 -0.001177 0.039294
v -0.174704 -0.001176 0.008363
v -0.150387 -0.000286 0.091885
v -0.149865 -0.001048 0.107959
v -0.157776 -0.001025 0.100606
v -0.142991 -0.000473 0.098878
v -0.169336 -0.001191 0.100628
v -0.172164 -0.001213 0.069796
v -0.089451 0.000212 0.085519
v -0.085743 0.000419 0.100254
v -0.098303 -0.000739 0.094916
v -0.082827 0.002923 0.093403
v -0.122612 0.000430 0.090625
v -0.120034 0.000249 0.104669
v -0.128173 -0.000201 0.098632
v -0.114199 0.000141 0.096402
v -0.126472 0.000941 0.062682
v -0.125828 -0.000896 0.077823
v -0.133077 0.000305 0.070217
v -0.118952 -0.000570 0.068090
v 0.141940 -0.001311 0.120275
v 0.140804 -0.000914 0.135340
v 0.133321 -0.000767 0.127289
v 0.149321 -0.001308 0.128884
v 0.031719 0.061792 0.094642
v 0.033634 0.059356 0.100210
v 0.029572 0.062024 0.096946
v 0.035934 0.058736 0.097290
v 0.029823 0.058978 0.010709
v 0.027843 0.053908 0.026770
v 0.021222 0.061509 0.019555
v 0.034671 0.051394 0.018573
v 0.001311 0.073581 0.008281
v -0.000570 0.070399 0.023537
v -0.003721 0.074622 0.014908
v 0.009574 0.068938 0.016853
v 0.007279 0.079207 -0.017590
v 0.003671 0.077976 -0.005508
v -0.000383 0.078317 -0.012492
v 0.011964 0.077632 -0.011319
v 0.036089 0.041704 0.080466
v 0.039829 0.041431 0.087900
v 0.034295 0.053166 0.084262
v 0.044708 0.032871 0.081943
v 0.019622 0.059097 0.069260
v 0.026159 0.061305 0.084120
v 0.016077 0.059096 0.074707
v 0.027847 0.057287 0.079964
v 0.000754 0.066460 0.040887
v 0.009829 0.059519 0.053722
v 0.002973 0.066351 0.042329
v 0.013364 0.059674 0.050087
v 0.110257 -0.000549 0.084008
v 0.111069 -0.000983 0.101247
v 0.101044 -0.000537 0.091053
v 0.119623 -0.000965 0.093953
v 0.066698 0.003957 0.077331
v 0.071546 0.000619 0.091841
v 0.055446 0.010257 0.080918
v 0.082921 -0.000388 0.087415
v 0.062049 0.016602 0.044937
v 0.062569 0.010861 0.060855
v 0.056226 0.019537 0.054302
v 0.073126 0.003856 0.054045
v 0.180904 -0.001198 0.029975
v 0.179251 -0.001244 0.045399
v 0.172255 -0.000488 0.036755
v 0.188288 -0.001021 0.038381
v 0.147090 -0.000538 0.025041
v 0.147654 -0.000211 0.040945
v 0.138840 -0.000208 0.030606
v 0.156305 -0.000451 0.034526
v 0.148465 0.001192 -0.005155
v 0.148398 0.000272 0.008672
v 0.139320 -0.000870 -0.000300
v 0.156510 0.000537 0.003543
v 0.175978 -0.001244 0.091695
v 0.174730 -0.001341 0.107471
v 0.167290 -0.001282 0.098821
v 0.183198 -0.001276 0.100146
v 0.144769 -0.000604 0.089052
v 0.143416 -0.001138 0.104463
v 0.136424 -0.001023 0.096127
v 0.151744 -0.001152 0.097599
v 0.146602 -0.001020 0.056464
v 0.146149 -0.001216 0.073376
v 0.137368 -0.001072 0.063660
v 0.154757 -0.000973 0.066366
v 0.228015 -0.001342 0.103975
v 0.206913 -0.001246 0.094342
v 0.205666 -0.001373 0.109843
v 0.198462 -0.001216 0.101417
v 0.214108 -0.001358 0.102770
v 0.209370 -0.001281 0.063624
v 0.208140 -0.001289 0.079002
v 0.201108 -0.001298 0.070636
v 0.216455 -0.001260 0.071922
v -0.057799 0.039082 0.005626
v -0.057363 0.039945 0.021352
v -0.060197 0.033692 0.017182
v -0.054327 0.044870 0.010604
v -0.068710 0.011613 0.020216
v -0.067290 0.013918 0.034693
v -0.075675 0.002185 0.031175
v -0.064569 0.021584 0.024861
v -0.068887 0.010491 -0.006339
v -0.068314 0.014189 0.007699
v -0.074181 0.003082 0.006034
v -0.062517 0.019320 -0.003018
v -0.049952 0.039360 0.070596
v -0.045989 0.044615 0.085890
v -0.051799 0.039202 0.080808
v -0.043339 0.045617 0.076476
v -0.058098 0.021688 0.081573
v -0.056228 0.025030 0.093519
v -0.059897 0.013363 0.089704
v -0.055333 0.028963 0.085924
v -0.063446 0.013278 0.049091
v -0.058640 0.016608 0.066045
v -0.069901 0.001890 0.060757
v -0.058187 0.022606 0.054677
v -0.010376 0.060571 0.062663
v -0.005367 0.063982 0.078387
v -0.016012 0.062364 0.071801
v -0.000451 0.061752 0.072839
v -0.029285 0.054629 0.061181
v -0.026705 0.059317 0.077143
v -0.033750 0.054248 0.071572
v -0.021257 0.060638 0.068421
v -0.041180 0.058164 0.026813
v -0.036176 0.056669 0.041394
v -0.044047 0.052982 0.034708
v -0.033033 0.060555 0.033619
v -0.019569 0.067981 0.028729
v -0.015278 0.062358 0.043424
v -0.023716 0.065303 0.034799
v -0.009818 0.066172 0.037511
v -0.054581 0.040223 0.036310
v -0.052123 0.039305 0.052478
v -0.054744 0.035517 0.048310
v -0.051018 0.044362 0.040992
v -0.052834 0.037811 -0.019056
v -0.054959 0.038984 -0.007982
v -0.056901 0.031006 -0.012109
v -0.052600 0.043683 -0.016826
v 0.230482 -0.001386 0.072991
v 0.178597 -0.001028 0.061053
v 0.177216 -0.000840 0.076650
v 0.170118 -0.001230 0.068331
v 0.185566 -0.000964 0.069406
v 0.182943 -0.001087 -0.000790
v 0.181421 -0.001071 0.014330
v 0.174462 -0.000978 0.006818
v 0.190275 -0.001125 0.007238
v 0.108850 0.000281 0.051872
v 0.109337 0.000763 0.068348
v 0.100905 0.000734 0.059051
v 0.118899 -0.000963 0.061530
v 0.024888 0.044819 0.044981
v 0.029819 0.042836 0.064218
v 0.023458 0.051916 0.055308
v 0.036876 0.033383 0.055020
v 0.034111 0.070050 -0.016289
v 0.031693 0.065517 -0.003690
v 0.025445 0.072358 -0.010445
v 0.039248 0.064127 -0.010798
v 0.041379 0.037977 0.097961
v 0.039450 0.030228 0.106278
v 0.038231 0.044977 0.095695
v 0.043176 0.022085 0.101841
v 0.173309 -0.001319 0.122617
v 0.172033 -0.001294 0.138116
v 0.164879 -0.001370 0.129975
v 0.180497 -0.001390 0.131166
v -0.099755 0.000237 0.060034
v -0.096024 0.000181 0.076483
v -0.105905 -0.000320 0.069697
v -0.090467 0.000244 0.066737
v -0.153833 -0.000007 0.062951
v -0.152174 -0.000186 0.077573
v -0.160005 -0.000624 0.070028
v -0.146358 0.000358 0.070516
v -0.154898 -0.001067 0.001725
v -0.154640 0.000288 0.017471
v -0.161647 -0.001022 0.009049
v -0.148500 -0.000909 0.010436
v -0.146833 -0.000410 0.121831
v -0.145277 -0.001092 0.136507
v -0.153684 -0.001213 0.129954
v -0.138759 -0.000301 0.128334
v -0.041580 0.051086 0.099555
v -0.038231 0.056972 0.109901
v -0.042375 0.050641 0.104794
v -0.037174 0.057531 0.104264
v -0.098388 0.002604 -0.053458
v -0.096065 0.001041 -0.041574
v -0.101640 0.001201 -0.051115
v -0.094066 0.002476 -0.046843
v -0.152361 -0.001116 -0.060202
v -0.153317 0.000618 -0.043748
v -0.159510 -0.000536 -0.052193
v -0.146142 -0.001120 -0.051067
v -0.146103 -0.001147 -0.121036
v -0.147266 -0.001125 -0.107513
v -0.154684 -0.001064 -0.115498
v -0.139074 -0.000416 -0.113854
v -0.004776 0.060681 -0.065779
v -0.007699 0.065374 -0.056391
v -0.011299 0.059473 -0.062001
v -0.000051 0.066705 -0.060562
v -0.037942 0.024177 -0.056185
v -0.043366 0.027711 -0.045582
v -0.045440 0.019353 -0.045112
v -0.037999 0.030498 -0.054523
v -0.033530 0.002561 -0.115299
v -0.038237 0.001803 -0.099991
v -0.044420 0.001199 -0.106816
v -0.031968 0.003227 -0.107749
v 0.109222 0.019804 -0.062167
v 0.106912 0.019103 -0.056499
v 0.098837 0.024553 -0.063170
v 0.118362 0.015420 -0.058307
v 0.048810 0.066628 -0.066261
v 0.045126 0.070927 -0.053874
v 0.039800 0.071099 -0.059557
v 0.054655 0.065990 -0.060282
v 0.054645 0.026615 -0.101929
v 0.053167 0.039495 -0.094866
v 0.048073 0.036171 -0.098431
v 0.061297 0.028645 -0.096298
v 0.237392 -0.001362 -0.050808
v 0.184678 -0.000610 -0.060233
v 0.182707 -0.000938 -0.044239
v 0.174499 0.000110 -0.052348
v 0.192636 -0.000875 -0.052405
v 0.187430 -0.001214 -0.120331
v 0.187085 -0.000595 -0.106494
v 0.179511 -0.000885 -0.114145
v 0.194966 -0.001145 -0.113762
v 0.239530 -0.001213 -0.112717
v 0.121958 -0.001219 -0.118966
v 0.119987 -0.000403 -0.103045
v 0.110627 -0.000340 -0.110500
v 0.130522 -0.000857 -0.112378
v 0.012524 0.021967 -0.095809
v 0.008669 0.033071 -0.090638
v 0.005698 0.024172 -0.093959
v 0.017002 0.030264 -0.094852
v -0.084921 -0.000820 -0.115384
v -0.088977 -0.000819 -0.100851
v -0.094702 -0.000825 -0.108814
v -0.078508 -0.000355 -0.108665
v 0.000353 0.064621 0.090339
v 0.006254 0.063518 0.098847
v -0.003008 0.064892 0.095313
v 0.012318 0.062845 0.096590
v -0.084268 -0.000785 0.112989
v -0.079984 0.000514 0.127436
v -0.090577 0.000834 0.122464
v -0.069865 0.000204 0.117841
v -0.103164 0.001579 0.003014
v -0.102498 -0.000539 0.018465
v -0.108149 -0.000587 0.010317
v -0.095448 0.001132 0.008984
v 0.225784 -0.001270 0.134999
v 0.110359 -0.000242 0.116652
v 0.109842 -0.001011 0.131405
v 0.101784 -0.000908 0.123009
v 0.118031 -0.001112 0.125529
v 0.100980 0.016272 -0.012882
v 0.101119 0.009418 -0.004917
v 0.090916 0.020047 -0.010501
v 0.112739 0.006757 -0.006659
v 0.233808 -0.001248 0.011589
v -0.017475 0.073163 -0.024910
v -0.019537 0.073692 -0.012129
v -0.024356 0.070274 -0.020211
v -0.012717 0.075913 -0.016593
v -0.013725 0.076006 -0.010293
v -0.025644 0.070638 -0.013762
v -0.023086 0.069847 -0.026517
v 0.232968 -0.001151 0.018938
v 0.234824 -0.001326 0.003745
v 0.114531 0.002579 -0.001279
v 0.090108 0.018115 -0.004490
v 0.092437 0.021857 -0.014061
v 0.117672 -0.000808 0.132697
v 0.101806 -0.000432 0.129856
v 0.101850 -0.000935 0.115341
v 0.225087 -0.001058 0.142600
v 0.226206 -0.001390 0.127120
v -0.093869 -0.000742 0.017701
v -0.108717 0.000826 0.018568
v -0.107894 0.001441 0.002034
v -0.066903 0.000513 0.125047
v -0.087661 0.000619 0.127553
v -0.093489 -0.000476 0.116345
v 0.015128 0.062490 0.098007
v -0.000733 0.064349 0.099407
v -0.006002 0.065221 0.089478
v -0.080595 -0.000964 -0.100783
v -0.096700 -0.000922 -0.101065
v -0.093337 -0.001190 -0.115142
v 0.014698 0.036559 -0.091816
v 0.003233 0.030845 -0.089966
v 0.007794 0.017981 -0.096087
v 0.130082 0.000682 -0.104299
v 0.107320 0.002699 -0.100371
v 0.112493 -0.001095 -0.117604
v 0.239615 -0.001412 -0.105104
v 0.239046 -0.001245 -0.118537
v 0.194653 -0.000716 -0.106065
v 0.179093 -0.001098 -0.106571
v 0.179683 -0.001300 -0.120248
v 0.192352 -0.001049 -0.044732
v 0.174371 0.000425 -0.044773
v 0.175856 -0.000718 -0.059873
v 0.237238 -0.001410 -0.043046
v 0.237736 -0.001320 -0.058321
v 0.062778 0.036032 -0.094030
v 0.049265 0.043216 -0.097164
v 0.050116 0.029279 -0.099326
v 0.052777 0.067700 -0.054179
v 0.037989 0.073281 -0.053608
v 0.041809 0.068733 -0.065917
v 0.117216 0.014374 -0.058038
v 0.097465 0.026610 -0.054798
v 0.100713 0.025817 -0.066572
v -0.030270 0.000667 -0.100780
v -0.045303 -0.000019 -0.099216
v -0.044788 0.000188 -0.113578
v -0.040111 0.032393 -0.050063
v -0.047664 0.021584 -0.045135
v -0.042298 0.014956 -0.050851
v -0.001622 0.068831 -0.055624
v -0.013262 0.061796 -0.057030
v -0.009772 0.057245 -0.066300
v -0.139135 -0.000973 -0.106949
v -0.155191 -0.001209 -0.107920
v -0.154277 -0.001222 -0.122009
v -0.147515 -0.000356 -0.042423
v -0.159097 0.000310 -0.045362
v -0.159046 -0.000641 -0.060415
v -0.093578 0.002305 -0.041513
v -0.102758 -0.000657 -0.041326
v -0.103322 0.003009 -0.055375
v -0.036202 0.058557 0.109207
v -0.039838 0.053756 0.109545
v -0.045226 0.047378 0.099778
v -0.137542 -0.001138 0.135312
v -0.153082 -0.001281 0.137519
v -0.154183 -0.001150 0.122109
v -0.148875 0.000424 0.018311
v -0.161746 -0.000912 0.017355
v -0.162259 -0.000458 0.001307
v -0.145300 -0.000686 0.077361
v -0.158947 -0.000387 0.077375
v -0.160738 -0.000871 0.062400
v -0.088859 0.000182 0.075418
v -0.103563 0.000969 0.075348
v -0.106791 -0.000561 0.060138
v 0.179895 -0.001315 0.138746
v 0.164219 -0.001167 0.137471
v 0.165657 -0.001241 0.122028
v 0.040806 0.019122 0.113114
v 0.039408 0.038889 0.101207
v 0.038072 0.050101 0.099390
v 0.038814 0.061664 -0.003118
v 0.024638 0.070485 -0.003462
v 0.026741 0.074589 -0.016122
v 0.039300 0.032249 0.064180
v 0.026284 0.052549 0.063551
v 0.019512 0.052714 0.043913
v 0.119453 -0.000958 0.069695
v 0.101893 0.001112 0.066849
v 0.099573 -0.000365 0.050003
v 0.189588 -0.001293 0.015260
v 0.173301 -0.000073 0.013833
v 0.175309 -0.000613 -0.001716
v 0.184742 -0.001254 0.077143
v 0.169690 -0.000929 0.075849
v 0.170934 -0.001237 0.060189
v 0.229904 -0.001445 0.080730
v 0.231006 -0.001415 0.065247
v -0.053259 0.043955 -0.012080
v -0.058656 0.033360 -0.003030
v -0.057427 0.031350 -0.016277
v -0.050656 0.043409 0.048538
v -0.054268 0.036003 0.056795
v -0.056565 0.034878 0.039625
v -0.008009 0.064030 0.045146
v -0.022093 0.063542 0.043285
v -0.025390 0.066280 0.027362
v -0.030990 0.059512 0.041165
v -0.041081 0.051339 0.041846
v -0.045763 0.054731 0.028542
v -0.020438 0.062300 0.075989
v -0.031647 0.055813 0.078132
v -0.035159 0.051424 0.062729
v 0.001848 0.063049 0.078645
v -0.012543 0.064000 0.077919
v -0.019630 0.060431 0.062848
v -0.056923 0.024917 0.063902
v -0.066573 0.003445 0.068997
v -0.072935 0.001376 0.052872
v -0.054813 0.031412 0.091764
v -0.059243 0.016455 0.094469
v -0.061242 0.009813 0.083607
v -0.042153 0.048780 0.083670
v -0.049709 0.040953 0.087111
v -0.052646 0.037261 0.073690
v -0.065217 0.021677 0.003659
v -0.074480 0.004807 0.014324
v -0.078073 0.001191 -0.005208
v -0.064753 0.020911 0.031134
v -0.074740 0.001943 0.039107
v -0.079570 0.001847 0.020596
v -0.054215 0.045244 0.018501
v -0.060018 0.034091 0.024385
v -0.060109 0.033752 0.009253
v 0.215811 -0.001345 0.079625
v 0.200511 -0.001162 0.078429
v 0.201635 -0.001215 0.062985
v 0.213500 -0.001332 0.110514
v 0.197885 -0.001375 0.109123
v 0.199107 -0.001302 0.093793
v 0.227419 -0.001305 0.111610
v 0.228637 -0.001376 0.096285
v 0.154125 -0.000715 0.074183
v 0.136826 -0.001054 0.072252
v 0.138292 -0.000524 0.055442
v 0.151272 -0.001082 0.105291
v 0.135607 -0.000770 0.103767
v 0.136901 -0.001161 0.087876
v 0.182438 -0.001248 0.107993
v 0.166732 -0.001391 0.106733
v 0.168224 -0.001051 0.091270
v 0.157529 -0.000503 0.010181
v 0.138491 -0.000428 0.008093
v 0.138948 -0.000038 -0.008188
v 0.155444 -0.000471 0.041995
v 0.139156 -0.001028 0.039313
v 0.138407 0.000432 0.022798
v 0.187637 -0.001255 0.046194
v 0.171998 -0.000567 0.044387
v 0.172322 -0.001032 0.028861
v 0.076475 0.000973 0.062490
v 0.057080 0.019225 0.062180
v 0.055865 0.022142 0.045340
v 0.085023 -0.000737 0.095427
v 0.056836 0.007030 0.089339
v 0.055032 0.014597 0.073451
v 0.119267 -0.000544 0.102283
v 0.100832 -0.000962 0.099636
v 0.102262 0.000767 0.083092
v 0.017163 0.058938 0.058295
v 0.005293 0.063299 0.050290
v 0.000154 0.069277 0.035984
v 0.030719 0.059175 0.086406
v 0.020070 0.059926 0.081135
v 0.011376 0.058348 0.067765
v 0.042178 0.031770 0.086861
v 0.034883 0.051851 0.088409
v 0.030890 0.053712 0.079325
v 0.010555 0.075696 -0.004836
v -0.001410 0.078583 -0.006480
v 0.000891 0.078716 -0.019182
v 0.009373 0.065406 0.023135
v -0.003722 0.073038 0.022622
v -0.003322 0.076225 0.007168
v 0.032706 0.046336 0.025150
v 0.021641 0.058255 0.027386
v 0.022426 0.065187 0.011699
v 0.033894 0.056765 0.099497
v 0.031420 0.060982 0.098964
v 0.027260 0.062205 0.093149
v 0.148702 -0.001056 0.136167
v 0.133124 -0.000905 0.134381
v 0.133866 -0.001093 0.119743
v -0.118205 -0.000336 0.076234
v -0.132876 -0.000444 0.077903
v -0.132406 -0.000448 0.063174
v -0.112739 -0.000703 0.104413
v -0.126975 0.000225 0.105348
v -0.129559 -0.000578 0.090623
v -0.080358 0.002683 0.099481
v -0.095897 -0.000466 0.102312
v -0.099780 -0.000197 0.087884
v -0.172171 -0.001359 0.077424
v -0.168850 -0.001201 0.107754
v -0.142217 -0.001178 0.107222
v -0.156804 -0.000255 0.107942
v -0.157856 -0.001104 0.092617
v -0.174269 -0.001098 0.016635
v -0.174000 -0.001109 0.047181
v -0.147448 0.000262 0.046945
v -0.161716 -0.001078 0.047536
v -0.161897 0.000103 0.031642
v -0.166610 -0.001337 0.138441
v -0.045615 0.037224 0.112723
v -0.050427 0.022820 0.116773
v -0.055030 0.022041 0.105614
v -0.119527 0.000335 -0.040920
v -0.131461 -0.000409 -0.042339
v -0.128802 -0.000610 -0.058761
v -0.121414 -0.000080 -0.012800
v -0.133193 -0.000590 -0.012612
v -0.134916 -0.000094 -0.026134
v -0.096874 0.001419 -0.012842
v -0.107175 -0.000120 -0.013314
v -0.105858 -0.000384 -0.021876
v -0.172927 -0.001303 -0.046792
v -0.173831 -0.001279 -0.015259
v -0.147922 0.000090 -0.012736
v -0.160958 -0.000706 -0.015135
v -0.160548 -0.001050 -0.029404
v -0.169182 -0.001344 -0.108861
v -0.171432 -0.001376 -0.077487
v -0.142418 -0.000414 -0.075150
v -0.157483 -0.001322 -0.076174
v -0.156367 -0.001238 -0.092233
v -0.023789 0.052904 -0.056650
v -0.030962 0.043282 -0.054345
v -0.028727 0.038130 -0.062963
v -0.030569 0.059196 -0.038035
v -0.038828 0.049800 -0.038795
v -0.036820 0.047257 -0.045617
v -0.008599 0.074492 -0.034851
v -0.020012 0.067972 -0.037477
v -0.016587 0.065324 -0.047588
v -0.061195 0.002819 -0.047007
v -0.078063 -0.000195 -0.041587
v -0.075813 0.000841 -0.058216
v -0.058706 0.014770 -0.019380
v -0.079020 0.000589 -0.013391
v -0.081472 0.000054 -0.029031
v -0.046833 0.039790 -0.032244
v -0.053673 0.029106 -0.026768
v -0.047783 0.024491 -0.037410
v -0.057492 0.002210 -0.098125
v -0.067409 0.001859 -0.097738
v -0.068629 0.001704 -0.111598
v -0.059950 0.000472 -0.070829
v -0.076065 0.000153 -0.066285
v -0.068052 0.000736 -0.082260
v -0.032989 0.021920 -0.064877
v -0.044352 0.003043 -0.068869
v -0.046809 0.000405 -0.081158
v 0.078845 0.046206 -0.054302
v 0.067061 0.059172 -0.054684
v 0.070543 0.055804 -0.067201
v 0.072313 0.045196 -0.031266
v 0.060579 0.059723 -0.030241
v 0.063765 0.060678 -0.042246
v 0.109937 0.010068 -0.027496
v 0.092496 0.022955 -0.029982
v 0.094599 0.026747 -0.044534
v 0.023780 0.075163 -0.053285
v 0.010627 0.073591 -0.054026
v 0.014433 0.068567 -0.064861
v 0.016920 0.078899 -0.029257
v 0.003804 0.078427 -0.031820
v 0.007019 0.076893 -0.042765
v 0.045236 0.069570 -0.029239
v 0.029798 0.075459 -0.029326
v 0.034042 0.075170 -0.040721
v 0.037734 0.042591 -0.094064
v 0.029919 0.043162 -0.093112
v 0.034145 0.028638 -0.101937
v 0.031631 0.062966 -0.076494
v 0.018683 0.061291 -0.075205
v 0.024899 0.051681 -0.086424
v 0.058755 0.057058 -0.077678
v 0.045717 0.061734 -0.077782
v 0.048558 0.054628 -0.089543
v 0.223366 -0.001404 -0.043326
v 0.207873 -0.000727 -0.043736
v 0.209006 -0.001276 -0.059713
v 0.222186 -0.001154 -0.012683
v 0.205213 -0.000261 -0.012457
v 0.207491 -0.001092 -0.028823
v 0.235451 -0.001296 -0.012147
v 0.236520 -0.001401 -0.027175
v 0.162019 0.000351 -0.050891
v 0.140029 0.002587 -0.055172
v 0.140912 0.001071 -0.059578
v 0.158514 -0.000793 -0.019048
v 0.137808 -0.000199 -0.021706
v 0.138849 -0.000275 -0.038851
v 0.192249 0.001160 -0.015744
v 0.176847 0.000555 -0.017693
v 0.178664 0.000836 -0.031872
v 0.162533 -0.000214 -0.106427
v 0.145480 -0.000989 -0.106253
v 0.147073 -0.001131 -0.119981
v 0.159753 -0.001011 -0.076281
v 0.143991 0.001579 -0.076815
v 0.144115 0.001511 -0.090926
v 0.193828 -0.001186 -0.075527
v 0.177843 -0.001129 -0.075547
v 0.177984 -0.000724 -0.091676
v 0.225535 -0.001224 -0.105348
v 0.210248 -0.001187 -0.105980
v 0.210598 -0.001235 -0.119169
v 0.223998 -0.001149 -0.074035
v 0.209844 -0.001044 -0.075480
v 0.209360 -0.000598 -0.090154
v 0.238776 -0.001384 -0.073811
v 0.238953 -0.001406 -0.089304
v 0.089758 0.016442 -0.097550
v 0.079174 0.027008 -0.094838
v 0.081112 0.017005 -0.098159
v 0.087628 0.035949 -0.076379
v 0.073122 0.047780 -0.075892
v 0.074645 0.038126 -0.088648
v 0.118028 0.006623 -0.076198
v 0.102039 0.021050 -0.079760
v 0.105618 0.016014 -0.085700
v -0.009247 0.023042 -0.088208
v -0.016449 0.011389 -0.092342
v -0.016246 0.002831 -0.107736
v -0.014226 0.042928 -0.074150
v -0.023587 0.032805 -0.070601
v -0.017014 0.025135 -0.079737
v 0.005997 0.057161 -0.075622
v -0.006765 0.049777 -0.073670
v -0.001398 0.042403 -0.083423
v -0.109864 -0.000662 -0.103055
v -0.125842 -0.000691 -0.104118
v -0.123634 -0.001295 -0.118499
v -0.114547 0.001300 -0.072384
v -0.128145 -0.000125 -0.073426
v -0.125254 -0.000445 -0.089969
v -0.087209 -0.000201 -0.067337
v -0.102356 -0.000700 -0.069394
v -0.098869 0.000252 -0.086040
v -0.012840 0.063967 0.100010
v -0.027231 0.061115 0.104756
v -0.029229 0.058824 0.092781
v -0.105183 -0.000864 0.130747
v -0.121826 -0.000699 0.133728
v -0.124770 -0.001270 0.119910
v -0.122112 -0.000349 0.018045
v -0.134842 -0.000796 0.017796
v -0.134708 0.001726 0.003382
v -0.119487 0.001716 0.047599
v -0.134423 -0.000924 0.048258
v -0.135633 0.000783 0.033233
v -0.094665 0.000411 0.045532
v -0.109019 0.002110 0.049614
v -0.107301 -0.000840 0.033800
v 0.210964 -0.001268 0.141443
v 0.195421 -0.001273 0.139999
v 0.196742 -0.001355 0.124698
v 0.084781 -0.000704 0.127289
v 0.062434 0.003962 0.123794
v 0.060161 0.002270 0.106446
v 0.072174 0.027823 -0.006972
v 0.051098 0.048482 -0.005971
v 0.056328 0.056254 -0.020503
v 0.070656 0.016998 0.027804
v 0.052237 0.026777 0.027393
v 0.048913 0.037143 0.008402
v 0.118325 -0.000769 0.035996
v 0.093645 0.000802 0.030025
v 0.089285 0.008910 0.011070
v 0.220745 -0.000046 0.017203
v 0.205922 -0.000992 0.016357
v 0.206814 0.000754 0.000648
v 0.218428 -0.001318 0.048556
v 0.202931 -0.000995 0.047416
v 0.204386 -0.000964 0.032173
v 0.231978 -0.001370 0.049866
v 0.232927 -0.001382 0.034057
v -0.035872 0.063788 -0.015358
v -0.045244 0.053899 -0.014255
v -0.042222 0.052106 -0.026978
v -0.037967 0.063692 0.012803
v -0.046454 0.055809 0.013881
v -0.046269 0.055821 -0.000889
v -0.014722 0.072764 0.017064
v -0.027012 0.069446 0.014418
v -0.027091 0.070530 -0.000028
v -0.015339 0.074834 0.003463
v -0.037682 0.064371 -0.001957
v -0.033608 0.061855 -0.028353
v 0.219370 -0.001190 0.033323
v 0.220080 -0.000351 0.003629
v 0.117469 -0.000908 0.018010
v 0.071907 0.022253 0.010972
v 0.071869 0.038600 -0.019171
v 0.085896 0.000147 0.111774
v 0.212100 -0.001310 0.125934
v -0.096711 0.001736 0.030644
v -0.121763 -0.000715 0.035404
v -0.122545 -0.000504 0.002440
v -0.107677 -0.000107 0.116613
v -0.016982 0.063757 0.088849
v -0.084390 -0.000839 -0.083333
v -0.113862 -0.000198 -0.086791
v -0.108740 -0.001186 -0.116187
v 0.008823 0.047825 -0.084545
v -0.010643 0.034617 -0.081910
v -0.007589 0.006365 -0.094961
v 0.125744 0.000490 -0.090521
v 0.089775 0.025548 -0.088000
v 0.095305 0.006014 -0.105917
v 0.225099 -0.000993 -0.089974
v 0.226370 -0.001213 -0.119127
v 0.194740 -0.001003 -0.091335
v 0.161942 -0.001021 -0.091626
v 0.163216 -0.001241 -0.120332
v 0.189902 -0.000357 -0.027944
v 0.159968 -0.000691 -0.034862
v 0.159914 0.002184 -0.059939
v 0.222720 -0.000641 -0.028028
v 0.223991 -0.001115 -0.059371
v 0.061437 0.047966 -0.088264
v 0.035411 0.053973 -0.088905
v 0.047035 0.031170 -0.101270
v 0.049234 0.069460 -0.041293
v 0.019739 0.077806 -0.041574
v 0.027861 0.070332 -0.064924
v 0.113059 0.013016 -0.042092
v 0.076385 0.047791 -0.045007
v 0.081736 0.041510 -0.071444
v -0.027676 0.007809 -0.076566
v -0.064877 0.000471 -0.082268
v -0.051412 0.000181 -0.110102
v -0.043399 0.036376 -0.043462
v -0.061944 0.009234 -0.031248
v -0.065266 0.001263 -0.051539
v -0.005385 0.072494 -0.045205
v -0.026365 0.056117 -0.048806
v -0.019505 0.048695 -0.064854
v -0.140917 -0.001241 -0.090765
v -0.170343 -0.001267 -0.093329
v -0.167646 -0.001251 -0.122606
v -0.145941 -0.000064 -0.030182
v -0.173667 -0.001100 -0.030255
v -0.172140 -0.001329 -0.061660
v -0.094720 0.002122 -0.026411
v -0.120218 -0.000549 -0.024122
v -0.115701 -0.000633 -0.057789
v -0.051155 0.034414 0.102553
v -0.168436 -0.001315 0.123350
v -0.147813 -0.000673 0.032269
v -0.173513 -0.001080 0.031274
v -0.174127 -0.001158 0.000441
v -0.143909 -0.000373 0.091792
v -0.170518 -0.001244 0.093330
v -0.172625 -0.001217 0.062621
v -0.085633 0.002769 0.085981
v -0.115724 0.000523 0.090855
v -0.119827 0.000982 0.062072
v 0.149997 -0.001310 0.120775
v 0.034716 0.059694 0.096498
v 0.036502 0.055417 0.010602
v 0.009735 0.071846 0.010046
v 0.013529 0.078797 -0.016763
v 0.044331 0.031855 0.078830
v 0.024314 0.056187 0.071737
v 0.009282 0.059610 0.043171
v 0.119750 -0.000333 0.085581
v 0.080937 0.000832 0.080859
v 0.070526 0.007814 0.044712
v 0.188699 -0.000841 0.030862
v 0.157335 -0.001016 0.026648
v 0.156231 -0.000307 -0.002951
v 0.183768 -0.001072 0.092414
v 0.152273 -0.001115 0.089853
v 0.154886 -0.001007 0.058160
v 0.214639 -0.001329 0.094982
v 0.217135 -0.001388 0.064215
v -0.054533 0.044473 0.003147
v -0.064670 0.022067 0.017870
v -0.063877 0.020313 -0.008379
v -0.045944 0.042943 0.067254
v -0.056609 0.027517 0.079291
v -0.060734 0.021218 0.046032
v -0.003329 0.060099 0.064229
v -0.023417 0.059989 0.059680
v -0.034919 0.062209 0.025929
v -0.011667 0.067735 0.029563
v -0.052574 0.045359 0.033351
v -0.050842 0.042050 -0.022863
v 0.186330 -0.001215 0.061874
v 0.191587 -0.000680 -0.000583
v 0.118523 -0.001046 0.053092
v 0.034857 0.035726 0.045177
v 0.041652 0.067048 -0.016918
v 0.045153 0.026386 0.099499
v 0.181080 -0.001328 0.123295
v -0.091633 -0.000438 0.059172
v -0.147466 -0.000492 0.063725
v -0.146765 -0.000766 0.001313
v -0.140180 -0.000141 0.121805
v -0.038255 0.054956 0.098124
v -0.093387 0.000363 -0.054084
v -0.144668 -0.001326 -0.059824
v -0.138840 -0.000935 -0.119957
v 0.001624 0.063954 -0.065034
v -0.034541 0.028445 -0.059312
v -0.031786 0.003256 -0.116122
v 0.117306 0.013061 -0.057809
v 0.056297 0.063603 -0.066278
v 0.060562 0.022183 -0.100205
v 0.192739 -0.001095 -0.060167
v 0.195354 -0.001104 -0.120370
v 0.130796 -0.001240 -0.119273
v 0.019546 0.024450 -0.096666
v -0.077826 0.001026 -0.114534
v 0.008373 0.062882 0.091453
v -0.073209 0.001000 0.110604
v -0.096273 -0.000351 0.003353
v 0.118237 -0.001099 0.117838
v 0.109645 0.007216 -0.010970
v -0.011615 0.075735 -0.023007
vn -0.0367 -0.9964 -0.0768
vn -0.1039 -0.6654 0.7393
vn -0.6866 -0.7267 0.0213
vn -0.1943 -0.7882 -0.5839
vn 0.5776 -0.6708 -0.4653
vn 0.5416 -0.6584 0.5227
vn -0.3915 0.6098 0.6891
vn -0.6853 0.6457 -0.3369
vn 0.3433 0.5135 -0.7864
vn 0.8294 0.4628 0.3130
vn 0.3369 0.5094 0.7918
vn 0.0910 0.9657 0.2433
vn -0.3331 -0.9421 -0.0381
vn -0.0726 -0.9950 -0.0686
vn 0.0311 -0.9966 -0.0762
vn -0.0059 -0.9944 -0.1053
vn -0.0157 -0.9985 0.0529
vn -0.0584 -0.9314 0.3593
vn -0.3025 -0.7711 0.5602
vn -0.4434 -0.8179 0.3666
vn -0.5820 -0.7928 0.1808
vn 0.3845 -0.7119 0.5877
vn 0.2146 -0.7575 0.6165
vn 0.0477 -0.7171 0.6954
vn -0.0796 -0.9934 -0.0831
vn 0.0270 -0.9985 0.0473
vn 0.2640 -0.9236 0.2779
vn -0.1141 -0.9329 -0.3417
vn -0.0414 -0.9937 -0.1042
vn -0.0128 -0.9999 -0.0060
vn -0.5689 -0.8025 -0.1796
vn -0.4335 -0.8416 -0.3223
vn -0.2882 -0.8333 -0.4718
vn 0.2531 -0.9355 -0.2466
vn 0.0034 -0.9950 -0.0997
vn -0.0915 -0.9951 -0.0377
vn -0.0289 -0.8335 -0.5518
vn 0.1545 -0.8327 -0.5317
vn 0.3955 -0.7561 -0.5213
vn 0.6040 -0.7723 -0.1969
vn 0.5921 -0.8035 0.0618
vn 0.5616 -0.7656 0.3137
vn 0.2534 0.4039 0.8790
vn 0.1466 0.1964 0.9695
vn 0.0068 -0.2455 0.9694
vn 0.6087 -0.2646 0.7480
vn 0.5297 0.1554 0.8338
vn 0.4390 0.3987 0.8051
vn -0.6332 0.4544 0.6265
vn -0.8835 0.1706 0.4363
vn -0.9286 -0.3025 0.2149
vn -0.2787 -0.2470 0.9281
vn -0.3576 0.2537 0.8987
vn -0.3494 0.4856 0.8013
vn -0.6788 0.4248 -0.5991
vn -0.5958 -0.0563 -0.8012
vn -0.3568 -0.5313 -0.7684
vn -0.9495 -0.3074 -0.0621
vn -0.9575 0.1804 -0.2250
vn -0.8108 0.4910 -0.3186
vn 0.4376 0.3801 -0.8148
vn 0.5635 0.1760 -0.8071
vn 0.6607 -0.2532 -0.7067
vn -0.1388 -0.5255 -0.8394
vn 0.0348 -0.0235 -0.9991
vn 0.2153 0.3691 -0.9041
vn 0.8451 0.3580 0.3971
vn 0.8625 0.1168 0.4925
vn 0.7691 -0.2994 0.5647
vn 0.8620 -0.3076 -0.4030
vn 0.9806 0.0763 -0.1804
vn 0.9458 0.3121 0.0893
vn 0.1116 0.5384 0.8352
vn -0.0960 0.5363 0.8386
vn -0.2390 0.5755 0.7821
vn -0.7420 0.3158 0.5914
vn -0.8209 0.5645 -0.0861
vn -0.6899 0.7134 -0.1229
vn -0.4923 0.6761 -0.5482
vn -0.2282 0.6705 -0.7060
vn 0.0823 0.6171 -0.7826
vn 0.4560 0.5800 -0.6750
vn 0.6171 0.5405 -0.5718
vn 0.9894 0.1396 -0.0399
vn 0.7181 0.4981 0.4861
vn 0.5993 0.5236 0.6055
vn 0.4677 0.5314 0.7063
vn -0.1419 0.8871 0.4392
vn -0.0343 0.7901 0.6120
vn -0.1839 0.4118 0.8925
vn 0.3051 0.6197 0.7231
vn 0.2417 0.7469 0.6194
vn 0.1786 0.8372 0.5170
vn -0.1686 0.9819 0.0863
vn -0.4640 0.8833 -0.0668
vn -0.5756 0.7847 -0.2301
vn 0.1861 0.9806 -0.0612
vn 0.2737 0.8984 -0.3436
vn 0.3133 0.7193 -0.6201
vn 0.3529 0.9039 0.2417
vn 0.3526 0.7949 0.4937
vn 0.7233 0.3146 0.6147
vn 0.4015 0.7619 0.5083
vn 0.4456 0.6303 0.6357
vn 0.5936 0.6232 0.5092
vn 0.1374 0.9897 -0.0403
vn 0.3851 0.7756 -0.5001
vn -0.0897 0.9694 -0.2285
vn 0.0068 0.8373 -0.5467
vn -0.3191 0.8495 -0.4202
vn -0.2076 0.9708 0.1202
vn -0.5995 0.7907 -0.1244
vn -0.0237 0.7745 0.6321
vn -0.2128 0.6256 0.7506
vn 0.0769 0.6623 0.7453
vn 0.5737 0.4304 0.6968
vn 0.6974 0.1527 0.7002
vn 0.7111 0.4221 0.5624
vn 0.8489 0.3894 -0.3573
vn 0.7780 0.1347 -0.6137
vn 0.5744 0.4191 -0.7032
vn -0.1244 0.3856 -0.9142
vn -0.2968 -0.0502 -0.9536
vn -0.4174 0.3894 -0.8210
vn -0.8077 0.5862 -0.0635
vn -0.9663 0.2445 0.0807
vn -0.7985 0.5497 0.2454
vn -0.1573 0.5261 0.8357
vn -0.0618 0.2363 0.9697
vn 0.0303 0.4658 0.8844
vn 0.9752 0.0590 0.2132
vn 0.8768 -0.3721 0.3045
vn 0.9270 -0.3738 -0.0296
vn 0.3587 0.0541 -0.9319
vn 0.4614 -0.3676 -0.8075
vn 0.1407 -0.5138 -0.8463
vn -0.8402 0.0887 -0.5349
vn -0.6182 -0.5223 -0.5874
vn -0.8243 -0.4232 -0.3760
vn -0.6281 0.1718 0.7589
vn -0.7678 -0.3785 0.5170
vn -0.5502 -0.3450 0.7604
vn 0.3592 0.1676 0.9181
vn 0.2041 -0.2789 0.9384
vn 0.4395 -0.2838 0.8522
vn 0.2118 -0.9737 0.0837
vn -0.0309 -0.9983 -0.0501
vn 0.2149 -0.9726 -0.0883
vn 0.0914 -0.9642 -0.2489
vn -0.0326 -0.9976 -0.0613
vn -0.0037 -0.9623 -0.2720
vn -0.1622 -0.9622 -0.2186
vn -0.0262 -0.9976 -0.0639
vn -0.2202 -0.9659 -0.1364
vn 0.1236 -0.9572 0.2619
vn 0.0402 -0.9599 0.2776
vn -0.0065 -0.9998 0.0166
vn -0.2203 -0.9743 0.0462
vn -0.0229 -0.9984 -0.0514
vn -0.1364 -0.9762 0.1684
vn 0.9685 0.0059 -0.2491
vn 0.5901 0.4024 -0.6999
vn 0.5923 0.3241 -0.7376
vn -0.2093 0.9670 0.1454
vn -0.3007 0.2869 0.9096
vn 0.3602 -0.4788 0.8006
vn 0.9005 0.3961 -0.1793
vn 0.6503 0.5853 0.4843
vn 0.5177 0.7944 -0.3178
vn 0.0358 0.9906 0.1323
vn -0.3258 0.5437 0.7735
vn 0.1664 -0.1899 0.9676
vn 0.8567 -0.2887 0.4274
vn -0.2776 -0.4411 0.8535
vn 0.3663 0.9028 0.2251
vn 0.1054 0.9914 0.0780
vn -0.7301 0.6762 -0.0981
vn -0.7939 0.5626 -0.2308
vn -0.7204 -0.0910 0.6876
vn 0.3095 0.0481 0.9497
vn -0.2032 0.5351 0.8200
vn 0.6305 0.6337 0.4482
vn 0.0947 0.9739 0.2062
vn -0.5303 0.8110 0.2472
vn -0.7446 0.3247 0.5833
vn -0.3948 -0.2272 0.8902
vn -0.0631 -0.9976 -0.0277
vn 0.6210 -0.7174 0.3157
vn -0.2696 -0.8346 0.4804
vn -0.4724 -0.8593 -0.1960
vn -0.0618 -0.8548 -0.5152
vn 0.6444 -0.7366 0.2053
vn 0.3926 0.6460 0.6547
vn -0.8012 0.5548 0.2241
vn -0.5258 0.4086 -0.7460
vn 0.6688 0.4734 -0.5732
vn 0.7428 0.3106 0.5931
vn -0.0316 0.9995 -0.0098
vn -0.1142 -0.9792 0.1678
vn -0.0475 -0.9989 0.0018
vn -0.0475 -0.9981 -0.0389
vn -0.1398 -0.9874 -0.0745
vn -0.0606 -0.9981 -0.0147
vn 0.2610 -0.9504 0.1691
vn 0.4723 -0.8079 0.3525
vn 0.2266 -0.8690 0.4398
vn -0.0411 -0.8745 0.4833
vn 0.5484 -0.7611 0.3464
vn 0.5993 -0.7452 0.2925
vn 0.6743 -0.6714 0.3074
vn -0.1310 -0.9908 -0.0331
vn -0.0531 -0.9983 -0.0224
vn 0.2355 -0.9695 0.0686
vn -0.1951 -0.9774 -0.0812
vn -0.0168 -0.9998 -0.0076
vn 0.0189 -0.9998 0.0085
vn -0.3361 -0.8956 0.2915
vn -0.3687 -0.9184 0.1438
vn -0.4471 -0.8935 -0.0418
vn -0.0435 -0.9855 -0.1638
vn -0.0340 -0.9993 -0.0132
vn -0.0430 -0.9990 0.0135
vn -0.3480 -0.9177 -0.1917
vn -0.2466 -0.9334 -0.2607
vn -0.1728 -0.9102 -0.3765
vn 0.1446 -0.9200 -0.3644
vn 0.2721 -0.9122 -0.3064
vn 0.4955 -0.8618 -0.1084
vn 0.8264 0.2109 0.5221
vn 0.9034 0.1027 0.4163
vn 0.8836 -0.2625 0.3876
vn 0.8268 -0.3569 0.4347
vn 0.8330 -0.0531 0.5507
vn 0.7703 0.1659 0.6158
vn 0.2147 0.4347 0.8746
vn -0.0305 0.0609 0.9977
vn -0.2370 -0.4669 0.8520
vn 0.8218 -0.3446 0.4537
vn 0.7990 0.0992 0.5930
vn 0.6274 0.3904 0.6737
vn -0.9374 0.3350 0.0954
vn -0.9965 -0.0542 -0.0636
vn -0.8199 -0.5343 -0.2058
vn -0.5470 -0.5059 0.6670
vn -0.7532 -0.0342 0.6569
vn -0.8154 0.3531 0.4588
vn -0.4561 0.2981 -0.8385
vn -0.3587 -0.1004 -0.9280
vn -0.2141 -0.5464 -0.8097
vn -0.7173 -0.6032 -0.3487
vn -0.8410 -0.1397 -0.5227
vn -0.7115 0.2223 -0.6666
vn 0.8776 0.1764 -0.4458
vn 0.9713 -0.1097 -0.2110
vn 0.8943 -0.4442 0.0547
vn 0.1548 -0.5569 -0.8161
vn 0.4048 -0.1240 -0.9060
vn 0.5691 0.2123 -0.7944
vn 0.7983 0.3575 0.4847
vn 0.7369 0.5389 0.4081
vn 0.6233 0.6428 0.4452
vn 0.0378 0.7174 0.6956
vn -0.3279 0.7097 0.6236
vn -0.6051 0.6504 0.4592
vn -0.8544 0.5163 -0.0582
vn -0.8349 0.4467 -0.3215
vn -0.7218 0.4188 -0.5510
vn -0.3270 0.5061 -0.7980
vn -0.0956 0.5579 -0.8244
vn 0.3121 0.5581 -0.7689
vn 0.8302 0.5229 -0.1931
vn 0.8572 0.4408 0.2662
vn 0.7388 0.3310 0.5871
vn 0.0469 0.9799 0.1940
vn 0.1759 0.9173 0.3574
vn 0.3110 0.8253 0.4714
vn 0.6639 0.5238 0.5337
vn 0.4934 0.7877 0.3688
vn 0.2629 0.9493 0.1723
vn -0.2365 0.9716 -0.0102
vn -0.4722 0.8786 0.0713
vn -0.6867 0.7074 0.1675
vn -0.1915 0.9452 -0.2645
vn -0.3544 0.7875 -0.5043
vn -0.4732 0.5543 -0.6847
vn 0.1215 0.9859 -0.1153
vn 0.2943 0.9292 -0.2235
vn 0.5034 0.7672 -0.3974
vn 0.3877 0.9126 0.1296
vn 0.6217 0.6661 0.4121
vn 0.6021 0.7984 -0.0029
vn -0.0300 0.9021 -0.4305
vn 0.1372 0.7890 -0.5989
vn -0.2210 0.6791 -0.7000
vn -0.4584 0.8562 -0.2384
vn -0.6519 0.6217 -0.4342
vn -0.7431 0.6504 -0.1574
vn -0.1507 0.9569 0.2481
vn -0.3919 0.8416 0.3716
vn -0.0403 0.8791 0.4749
vn 0.3663 0.8659 0.3407
vn 0.4850 0.7801 0.3953
vn 0.6247 0.6469 0.4374
vn 0.8715 0.1320 0.4723
vn 0.9538 -0.0745 0.2909
vn 0.9828 0.1799 0.0418
vn 0.1410 0.3124 -0.9394
vn -0.0606 -0.0558 -0.9966
vn -0.2372 0.3368 -0.9112
vn -0.8610 0.2511 -0.4422
vn -0.9314 -0.0744 -0.3562
vn -0.9176 0.3349 -0.2140
vn -0.5694 0.4308 0.7001
vn -0.4636 0.0380 0.8852
vn -0.2208 0.4663 0.8566
vn 0.8255 0.3769 0.4200
vn 0.9206 0.1047 0.3763
vn 0.8652 0.3058 0.3974
vn 0.7327 -0.1611 -0.6612
vn 0.7272 -0.5529 -0.4068
vn 0.4450 -0.6302 -0.6362
vn -0.6294 -0.1344 -0.7654
vn -0.3898 -0.6297 -0.6720
vn -0.6159 -0.6264 -0.4778
vn -0.9376 -0.0897 0.3359
vn -0.7919 -0.5978 0.1243
vn -0.6834 -0.5969 0.4203
vn 0.4646 0.0769 0.8822
vn 0.1929 -0.4739 0.8592
vn 0.6093 -0.4137 0.6764
vn 0.8246 0.0207 0.5654
vn 0.8700 -0.2675 0.4143
vn 0.7740 -0.3593 0.5213
vn 0.0793 -0.9936 -0.0805
vn -0.0663 -0.9976 -0.0191
vn 0.0271 -0.9933 -0.1127
vn -0.0747 -0.9937 -0.0840
vn -0.0060 -0.9999 0.0105
vn -0.0918 -0.9940 -0.0590
vn -0.1241 -0.9922 0.0071
vn -0.0075 -1.0000 -0.0059
vn -0.1096 -0.9921 0.0613
vn 0.1631 -0.9825 0.0897
vn 0.2377 -0.9673 0.0890
vn -0.0838 -0.9958 -0.0376
vn -0.0095 -0.9891 0.1467
vn -0.0818 -0.9964 -0.0240
vn 0.1213 -0.9826 0.1410
vn -0.3194 0.4936 -0.8089
vn -0.1402 0.8640 -0.4835
vn 0.0425 0.9979 -0.0483
vn 0.1905 0.8780 0.4391
vn 0.2307 0.5130 0.8268
vn 0.1310 0.0363 0.9907
vn 0.0102 -0.4593 0.8882
vn -0.0588 -0.8323 0.5511
vn -0.1942 -0.9794 0.0557
vn -0.3570 -0.8169 -0.4530
vn -0.4413 -0.4580 -0.7717
vn -0.4328 -0.0087 -0.9014
vn -0.1557 0.4865 -0.8597
vn -0.0060 0.8495 -0.5275
vn 0.1219 0.9894 -0.0788
vn 0.2013 0.8838 0.4224
vn 0.1884 0.5371 0.8222
vn 0.0888 0.0610 0.9942
vn -0.0281 -0.4379 0.8986
vn -0.1158 -0.8175 0.5641
vn -0.2117 -0.9752 0.0648
vn -0.2970 -0.8369 -0.4599
vn -0.3190 -0.4893 -0.8117
vn -0.2758 -0.0260 -0.9609
vn 0.1424 0.4139 -0.8991
vn 0.2359 0.7919 -0.5632
vn 0.2665 0.9577 -0.1088
vn 0.2250 0.8871 0.4029
vn 0.1073 0.5708 0.8141
vn -0.0507 0.1004 0.9937
vn -0.1859 -0.3986 0.8981
vn -0.2554 -0.7887 0.5592
vn -0.2643 -0.9626 0.0593
vn -0.2121 -0.8551 -0.4731
vn -0.1125 -0.5252 -0.8435
vn 0.0111 -0.0882 -0.9960
vn 0.3740 0.3376 -0.8638
vn 0.4156 0.7333 -0.5381
vn 0.3539 0.9306 -0.0938
vn 0.1931 0.8974 0.3966
vn -0.0359 0.6186 0.7849
vn -0.2632 0.1705 0.9496
vn -0.4128 -0.3244 0.8511
vn -0.4408 -0.7291 0.5236
vn -0.3520 -0.9348 0.0481
vn -0.1724 -0.8733 -0.4556
vn 0.0362 -0.5783 -0.8150
vn 0.2271 -0.1578 -0.9610
vn 0.5516 0.2638 -0.7913
vn 0.5514 0.6765 -0.4881
vn 0.4094 0.9095 -0.0716
vn 0.1509 0.9144 0.3758
vn -0.1639 0.6721 0.7221
vn -0.4425 0.2447 0.8628
vn -0.5978 -0.2487 0.7621
vn -0.5880 -0.6694 0.4541
vn -0.4231 -0.9059 0.0190
vn -0.1470 -0.8894 -0.4329
vn 0.1482 -0.6330 -0.7599
vn 0.3964 -0.2255 -0.8900
vn 0.6811 0.1973 -0.7051
vn 0.6497 0.6253 -0.4322
vn 0.4458 0.8934 -0.0553
vn 0.1111 0.9346 0.3379
vn -0.2691 0.7237 0.6355
vn -0.5836 0.3121 0.7496
vn -0.7394 -0.1811 0.6485
vn -0.6972 -0.6166 0.3657
vn -0.4748 -0.8798 -0.0221
vn -0.1317 -0.9002 -0.4150
vn 0.2295 -0.6789 -0.6974
vn 0.5232 -0.2858 -0.8029
vn 0.7734 0.1381 -0.6187
vn 0.7192 0.5827 -0.3785
vn 0.4668 0.8829 -0.0506
vn 0.0744 0.9562 0.2832
vn -0.3557 0.7702 0.5295
vn -0.6971 0.3729 0.6124
vn -0.8515 -0.1203 0.5104
vn -0.7809 -0.5685 0.2589
vn -0.5126 -0.8555 -0.0736
vn -0.1183 -0.9084 -0.4010
vn 0.2919 -0.7177 -0.6322
vn 0.6148 -0.3404 -0.7114
vn 0.8452 0.0820 -0.5281
vn 0.7730 0.5459 -0.3233
vn 0.4815 0.8748 -0.0528
vn 0.0411 0.9758 0.2147
vn -0.4268 0.8101 0.4021
vn -0.7844 0.4227 0.4538
vn -0.9311 -0.0709 0.3577
vn -0.8361 -0.5292 0.1445
vn -0.5338 -0.8361 -0.1264
vn -0.1026 -0.9170 -0.3854
vn 0.3393 -0.7549 -0.5613
vn 0.6834 -0.3952 -0.6139
vn 0.9077 0.0266 -0.4187
vn 0.8220 0.5120 -0.2492
vn 0.4997 0.8651 -0.0443
vn 0.0195 0.9892 0.1454
vn -0.4766 0.8376 0.2669
vn -0.8425 0.4572 0.2849
vn -0.9801 -0.0333 0.1958
vn -0.8668 -0.4979 0.0283
vn -0.5410 -0.8233 -0.1718
vn -0.0836 -0.9310 -0.3553
vn 0.3798 -0.7965 -0.4704
vn 0.7381 -0.4566 -0.4967
vn 0.9620 -0.0275 -0.2716
vn 0.8639 0.4814 -0.1478
vn 0.5178 0.8553 -0.0178
vn 0.0099 0.9961 0.0881
vn -0.5037 0.8528 0.1379
vn -0.8701 0.4783 0.1192
vn -0.9991 -0.0089 0.0405
vn -0.8746 -0.4790 -0.0751
vn -0.5392 -0.8180 -0.2004
vn -0.0677 -0.9501 -0.3045
vn 0.4092 -0.8407 -0.3547
vn 0.7812 -0.5198 -0.3457
vn 0.9930 -0.0733 -0.0928
vn 0.8889 0.4577 -0.0165
vn 0.5275 0.8488 0.0349
vn 0.0064 0.9988 0.0484
vn -0.5105 0.8596 0.0215
vn -0.8717 0.4889 -0.0341
vn -0.9949 0.0043 -0.1007
vn -0.8694 -0.4658 -0.1650
vn -0.5364 -0.8166 -0.2130
vn -0.0624 -0.9708 -0.2316
vn 0.4206 -0.8818 -0.2136
vn 0.8027 -0.5729 -0.1658
vn 0.9900 -0.1028 0.0970
vn 0.8876 0.4438 0.1238
vn 0.5240 0.8464 0.0948
vn 0.0059 0.9998 0.0176
vn -0.5012 0.8614 -0.0823
vn -0.8527 0.4932 -0.1723
vn -0.9732 0.0119 -0.2297
vn -0.8550 -0.4574 -0.2444
vn -0.5339 -0.8173 -0.2167
vn -0.0711 -0.9859 -0.1512
vn 0.4084 -0.9106 -0.0640
vn 0.7939 -0.6075 0.0246
vn 0.9623 -0.1101 0.2486
vn 0.8640 0.4448 0.2359
vn 0.5079 0.8503 0.1381
vn 0.0069 0.9999 -0.0142
vn -0.4804 0.8598 -0.1732
vn -0.8191 0.4941 -0.2913
vn -0.9395 0.0178 -0.3420
vn -0.8333 -0.4508 -0.3200
vn -0.5311 -0.8143 -0.2340
vn -0.0864 -0.9913 -0.0996
vn 0.3814 -0.9231 0.0480
vn 0.7638 -0.6217 0.1734
vn 0.9308 -0.1024 0.3509
vn 0.8326 0.4573 0.3125
vn 0.4893 0.8557 0.1685
vn 0.0109 0.9992 -0.0379
vn -0.4548 0.8580 -0.2388
vn -0.7819 0.4948 -0.3791
vn -0.9030 0.0218 -0.4291
vn -0.8077 -0.4458 -0.3858
vn -0.5224 -0.8112 -0.2627
vn -0.0934 -0.9925 -0.0792
vn 0.3597 -0.9260 0.1148
vn 0.7333 -0.6236 0.2707
vn 0.8949 -0.0911 0.4369
vn 0.7987 0.4717 0.3737
vn 0.4724 0.8599 0.1934
vn 0.0177 0.9985 -0.0525
vn -0.4269 0.8573 -0.2877
vn -0.7441 0.4953 -0.4482
vn -0.8658 0.0230 -0.4999
vn -0.7797 -0.4446 -0.4409
vn -0.5096 -0.8110 -0.2872
vn -0.0956 -0.9935 -0.0624
vn 0.3413 -0.9246 0.1693
vn 0.7016 -0.6200 0.3512
vn 0.8529 -0.0779 0.5163
vn 0.7622 0.4854 0.4283
vn 0.4542 0.8650 0.2134
vn 0.0280 0.9973 -0.0683
vn -0.3943 0.8555 -0.3357
vn -0.7000 0.4949 -0.5148
vn -0.8223 0.0233 -0.5686
vn -0.7474 -0.4441 -0.4941
vn -0.4957 -0.8112 -0.3103
vn -0.1022 -0.9937 -0.0463
vn 0.3185 -0.9221 0.2198
vn 0.6659 -0.6125 0.4260
vn 0.8073 -0.0636 0.5867
vn 0.7236 0.4982 0.4777
vn 0.4349 0.8702 0.2314
vn 0.0370 0.9961 -0.0800
vn -0.3611 0.8537 -0.3752
vn -0.6531 0.4939 -0.5740
vn -0.7756 0.0227 -0.6309
vn -0.7131 -0.4447 -0.5419
vn -0.4827 -0.8109 -0.3309
vn -0.1143 -0.9929 -0.0331
vn 0.2891 -0.9196 0.2662
vn 0.6251 -0.6047 0.4936
vn 0.7648 -0.0503 0.6423
vn 0.6870 0.5106 0.5171
vn 0.4142 0.8759 0.2474
vn 0.0412 0.9953 -0.0875
vn -0.3332 0.8523 -0.4032
vn -0.6129 0.4935 -0.6171
vn -0.7345 0.0231 -0.6782
vn -0.6817 -0.4439 -0.5815
vn -0.4698 -0.8095 -0.3522
vn -0.1261 -0.9916 -0.0278
vn 0.2600 -0.9179 0.2998
vn 0.5854 -0.5992 0.5461
vn 0.7369 -0.0421 0.6747
vn 0.6607 0.5231 0.5383
vn 0.3948 0.8829 0.2541
vn 0.0391 0.9951 -0.0912
vn -0.3172 0.8509 -0.4187
vn -0.5848 0.4941 -0.6433
vn -0.7038 0.0254 -0.7100
vn -0.6581 -0.4402 -0.6108
vn -0.4606 -0.8061 -0.3715
vn -0.1341 -0.9905 -0.0318
vn 0.2386 -0.9187 0.3146
vn 0.5579 -0.5977 0.5758
vn 0.7262 -0.0370 0.6865
vn 0.6440 0.5349 0.5469
vn 0.3794 0.8896 0.2543
vn 0.0305 0.9950 -0.0953
vn -0.3156 0.8498 -0.4222
vn -0.5752 0.4965 -0.6501
vn -0.6909 0.0309 -0.7223
vn -0.6459 -0.4343 -0.6278
vn -0.4533 -0.8016 -0.3899
vn -0.1350 -0.9897 -0.0467
vn 0.2314 -0.9228 0.3080
vn 0.5506 -0.5995 0.5809
vn 0.7420 -0.0339 0.6695
vn 0.6475 0.5441 0.5336
vn 0.3708 0.8951 0.2477
vn 0.0141 0.9954 -0.0949
vn -0.3296 0.8492 -0.4127
vn -0.5864 0.4997 -0.6375
vn -0.6989 0.0382 -0.7142
vn -0.6498 -0.4259 -0.6296
vn -0.4518 -0.7957 -0.4035
vn -0.1279 -0.9893 -0.0702
vn 0.2423 -0.9284 0.2815
vn 0.5674 -0.6044 0.5592
vn 0.7830 -0.0327 0.6211
vn 0.6699 0.5505 0.4982
vn 0.3707 0.8998 0.2302
vn -0.0037 0.9957 -0.0925
vn -0.3569 0.8484 -0.3909
vn -0.6168 0.5030 -0.6054
vn -0.7269 0.0462 -0.6852
vn -0.6696 -0.4169 -0.6147
vn -0.4581 -0.7890 -0.4095
vn -0.1170 -0.9881 -0.0995
vn 0.2722 -0.9332 0.2345
vn 0.6097 -0.6106 0.5055
vn 0.8322 -0.0315 0.5536
vn 0.6994 0.5553 0.4500
vn 0.3725 0.9039 0.2103
vn -0.0251 0.9963 -0.0820
vn -0.3948 0.8470 -0.3561
vn -0.6620 0.5043 -0.5544
vn -0.7714 0.0519 -0.6343
vn -0.7047 -0.4091 -0.5797
vn -0.4753 -0.7836 -0.4001
vn -0.1121 -0.9861 -0.1228
vn 0.3020 -0.9359 0.1812
vn 0.6580 -0.6145 0.4352
vn 0.8757 -0.0319 0.4819
vn 0.7305 0.5567 0.3955
vn 0.3785 0.9069 0.1852
vn -0.0461 0.9965 -0.0700
vn -0.4370 0.8436 -0.3119
vn -0.7132 0.5016 -0.4896
vn -0.8224 0.0529 -0.5665
vn -0.7468 -0.4059 -0.5268
vn -0.4994 -0.7797 -0.3777
vn -0.1113 -0.9840 -0.1392
vn 0.3269 -0.9360 0.1307
vn 0.6994 -0.6145 0.3650
vn 0.8907 -0.0382 0.4530
vn 0.7424 0.5526 0.3789
vn 0.3695 0.9090 0.1930
vn -0.0813 0.9962 -0.0324
vn -0.4881 0.8381 -0.2434
vn -0.7735 0.4924 -0.3990
vn -0.8834 0.0458 -0.4664
vn -0.8015 -0.4092 -0.4361
vn -0.5424 -0.7803 -0.3112
vn -0.1378 -0.9850 -0.1039
vn 0.3196 -0.9382 0.1326
vn 0.7094 -0.6153 0.3437
vn 0.8871 -0.0514 0.4587
vn 0.7447 0.5419 0.3895
vn 0.3554 0.9087 0.2191
vn -0.1182 0.9929 0.0155
vn -0.5411 0.8246 -0.1651
vn -0.8305 0.4742 -0.2922
vn -0.9377 0.0325 -0.3460
vn -0.8534 -0.4139 -0.3169
vn -0.5916 -0.7789 -0.2082
vn -0.1831 -0.9825 -0.0325
vn 0.2891 -0.9416 0.1730
vn 0.6963 -0.6197 0.3622
vn 0.8889 -0.0649 0.4535
vn 0.7546 0.5284 0.3891
vn 0.3509 0.9059 0.2370
vn -0.1416 0.9880 0.0621
vn -0.5770 0.8118 -0.0900
vn -0.8671 0.4601 -0.1907
vn -0.9736 0.0222 -0.2273
vn -0.8872 -0.4183 -0.1948
vn -0.6244 -0.7750 -0.0978
vn -0.2176 -0.9747 0.0519
vn 0.2618 -0.9385 0.2251
vn 0.6847 -0.6221 0.3796
vn 0.9071 -0.0802 0.4132
vn 0.7801 0.5175 0.3517
vn 0.3616 0.9060 0.2203
vn -0.1519 0.9850 0.0814
vn -0.5960 0.8025 -0.0282
vn -0.8885 0.4491 -0.0938
vn -0.9940 0.0143 -0.1083
vn -0.9046 -0.4198 -0.0736
vn -0.6385 -0.7696 0.0057
vn -0.2308 -0.9652 0.1231
vn 0.2480 -0.9347 0.2546
vn 0.6848 -0.6295 0.3671
vn 0.9304 -0.0906 0.3552
vn 0.8104 0.5036 0.2995
vn 0.3873 0.9014 0.1938
vn -0.1433 0.9857 0.0890
vn -0.6007 0.7993 0.0186
vn -0.8975 0.4408 -0.0103
vn -1.0000 0.0075 -0.0039
vn -0.9071 -0.4198 0.0321
vn -0.6370 -0.7651 0.0938
vn -0.2254 -0.9587 0.1736
vn 0.2581 -0.9303 0.2607
vn 0.7006 -0.6306 0.3339
vn 0.9387 -0.0885 0.3331
vn 0.8252 0.4863 0.2873
vn 0.4153 0.8830 0.2186
vn -0.1107 0.9807 0.1611
vn -0.5775 0.8058 0.1315
vn -0.8842 0.4487 0.1298
vn -0.9886 0.0124 0.1498
vn -0.8896 -0.4179 0.1843
vn -0.6086 -0.7603 0.2271
vn -0.1907 -0.9427 0.2736
vn 0.2882 -0.9035 0.3174
vn 0.7149 -0.6103 0.3412
vn 0.9449 -0.0816 0.3171
vn 0.8346 0.4726 0.2829
vn 0.4407 0.8597 0.2580
vn -0.0688 0.9637 0.2579
vn -0.5268 0.8021 0.2813
vn -0.8324 0.4555 0.3156
vn -0.9368 0.0216 0.3492
vn -0.8326 -0.4080 0.3746
vn -0.5459 -0.7434 0.3863
vn -0.1312 -0.9136 0.3848
vn 0.3265 -0.8685 0.3731
vn 0.7298 -0.5877 0.3493
vn 0.9559 -0.0734 0.2845
vn 0.8442 0.4653 0.2659
vn 0.4635 0.8391 0.2847
vn -0.0274 0.9411 0.3369
vn -0.4694 0.7845 0.4053
vn -0.7622 0.4471 0.4681
vn -0.8602 0.0202 0.5095
vn -0.7541 -0.4016 0.5196
vn -0.4711 -0.7292 0.4964
vn -0.0664 -0.8915 0.4482
vn 0.3693 -0.8437 0.3895
vn 0.7519 -0.5696 0.3321
vn 0.9694 -0.0633 0.2372
vn 0.8515 0.4664 0.2397
vn 0.4807 0.8239 0.3003
vn 0.0068 0.9174 0.3979
vn -0.4163 0.7592 0.5003
vn -0.6937 0.4256 0.5811
vn -0.7824 0.0057 0.6228
vn -0.6756 -0.4063 0.6152
vn -0.3980 -0.7260 0.5608
vn -0.0040 -0.8813 0.4726
vn 0.4137 -0.8294 0.3755
vn 0.7791 -0.5549 0.2918
vn 0.9824 -0.0466 0.1811
vn 0.8543 0.4775 0.2053
vn 0.4874 0.8181 0.3051
vn 0.0279 0.8964 0.4423
vn -0.3757 0.7290 0.5721
vn -0.6363 0.3922 0.6643
vn -0.7134 -0.0221 0.7004
vn -0.6033 -0.4254 0.6747
vn -0.3287 -0.7358 0.5920
vn 0.0566 -0.8808 0.4701
vn 0.4597 -0.8194 0.3424
vn 0.8082 -0.5388 0.2375
vn 0.9914 -0.0154 0.1301
vn 0.8469 0.5009 0.1784
vn 0.4753 0.8222 0.3132
vn 0.0280 0.8762 0.4812
vn -0.3576 0.6894 0.6299
vn -0.5970 0.3429 0.7252
vn -0.6562 -0.0705 0.7513
vn -0.5344 -0.4646 0.7061
vn -0.2549 -0.7599 0.5980
vn 0.1262 -0.8840 0.4500
vn 0.5134 -0.8032 0.3020
vn 0.8395 -0.5112 0.1841
vn 0.9930 0.0536 0.1054
vn 0.8132 0.5508 0.1879
vn 0.4309 0.8297 0.3548
vn -0.0056 0.8409 0.5411
vn -0.3679 0.6202 0.6928
vn -0.5766 0.2542 0.7765
vn -0.6037 -0.1608 0.7808
vn -0.4541 -0.5399 0.7088
vn -0.1558 -0.8042 0.5736
vn 0.2255 -0.8857 0.4057
vn 0.5903 -0.7673 0.2507
vn 0.8815 -0.4514 0.1382
vn 0.8382 0.1164 0.5328
vn 0.6782 0.4003 0.6163
vn 0.4185 0.5211 0.7439
vn 0.1515 0.4762 0.8662
vn -0.0502 0.2986 0.9531
vn -0.1451 0.0488 0.9882
vn -0.1224 -0.2121 0.9696
vn 0.0083 -0.4300 0.9028
vn 0.2159 -0.5623 0.7983
vn 0.4557 -0.5764 0.6783
vn 0.6624 -0.4506 0.5985
vn 0.8118 -0.2192 0.5412
vn -0.2359 0.9637 -0.1254
vn 0.1200 0.9853 -0.1214
vn -0.1091 0.9905 0.0838
vn 0.2330 0.9723 -0.0206
vn -0.0000 0.9999 -0.0118
vn -0.6891 0.6952 0.2045
vn -0.2067 0.9133 0.3510
vn 0.0010 0.9986 -0.0536
vn 0.5500 0.7339 0.3986
vn -0.3019 0.7574 -0.5790
vn -0.7534 0.4865 -0.4424
vn -0.0466 0.9972 0.0578
vn -0.0124 0.9999 -0.0094
vn 0.8688 0.4939 -0.0344
vn 0.0057 1.0000 0.0024
vn -0.0538 0.9982 0.0264
vn -0.0026 1.0000 0.0060
vn -0.6079 0.7751 -0.1723
vn -0.1221 0.9896 0.0765
vn 0.3181 0.9245 -0.2100
vn 0.0208 0.9998 0.0073
vn 0.4754 0.7770 -0.4126
vn -0.6027 0.2632 -0.7533
vn -0.0703 0.9968 0.0382
vn -0.0366 0.9988 0.0332
vn 0.5729 0.7995 0.1806
vn 0.0104 0.9999 -0.0117
vn -0.7710 0.6291 0.0990
vn -0.1761 0.9740 0.1426
vn -0.0215 0.9993 -0.0317
vn 0.2564 0.9492 0.1823
vn -0.3745 0.4874 -0.7888
vn -0.1817 0.1299 0.9747
vn -0.8656 0.1232 -0.4853
vn -0.0612 0.9981 0.0017
vn -0.0238 0.9983 0.0529
vn -0.0896 0.6695 0.7373
vn 0.9070 0.3713 -0.1988
vn 0.0079 0.9999 0.0068
vn -0.1991 0.9793 0.0360
vn -0.2449 0.4891 0.8371
vn -0.0403 0.9980 0.0478
vn -0.8483 0.5189 0.1051
vn -0.1044 0.9941 -0.0304
vn 0.0894 0.9898 -0.1105
vn -0.0443 0.9847 0.1685
vn -0.0509 0.9987 -0.0102
vn 0.6685 0.7138 0.2090
vn -0.2684 0.8884 -0.3725
vn -0.5653 0.7606 -0.3194
vn 0.0166 0.9998 0.0093
vn 0.0139 0.9998 0.0149
vn 0.0418 0.9991 -0.0095
vn 0.0028 1.0000 0.0043
vn -0.0136 0.9987 -0.0500
vn 0.0137 0.9951 -0.0982
vn -0.1404 0.9898 -0.0242
vn 0.0322 0.9991 -0.0263
vn 0.4054 0.8753 0.2636
vn 0.0346 0.9987 -0.0366
vn -0.0256 0.9995 0.0175
vn 0.0381 0.9934 -0.1082
vn 0.0313 0.9994 -0.0132
vn 0.3318 0.5150 -0.7904
vn 0.5072 0.8611 0.0347
vn 0.0400 0.8665 -0.4975
vn 0.7117 0.6960 -0.0952
vn -0.6713 0.6886 -0.2742
vn -0.7702 0.3407 -0.5392
vn -0.3495 0.9330 -0.0859
vn -0.5598 0.5228 -0.6429
vn -0.0862 0.9957 0.0345
vn 0.1081 0.9903 -0.0869
vn -0.0087 0.9999 -0.0066
vn -0.0651 0.9924 -0.1047
vn 0.1249 0.7393 0.6617
vn 0.0979 0.6578 0.7468
vn 0.0568 0.9962 -0.0657
vn -0.0330 0.9994 0.0039
vn -0.0661 0.9978 -0.0112
vn -0.1280 0.9739 0.1877
vn -0.0596 0.6942 0.7173
vn 0.1941 0.7969 0.5721
vn 0.7582 0.4676 0.4545
vn 0.6688 0.7396 -0.0763
vn 0.3911 0.8818 0.2636
vn 0.4219 0.8769 0.2302
vn 0.0010 1.0000 -0.0071
vn 0.0114 0.9999 -0.0103
vn -0.0231 0.9997 0.0061
vn 0.0076 0.9999 0.0088
vn -0.8370 0.5428 -0.0698
vn -0.5431 0.8175 0.1916
vn -0.8981 0.3818 0.2183
vn -0.4773 0.8641 0.1597
vn -0.4455 0.8896 0.1007
vn -0.9296 0.3682 0.0154
vn -0.9434 0.3316 0.0048
vn 0.0089 1.0000 -0.0029
vn 0.0189 0.9997 0.0163
vn -0.0115 0.9992 0.0395
vn -0.0514 0.9986 0.0151
vn 0.5983 0.7308 -0.3287
vn 0.3664 0.8714 0.3263
vn -0.1389 -0.1069 0.9845
vn -0.0607 0.6812 0.7296
vn -0.0417 0.9985 -0.0351
vn -0.0375 0.9993 -0.0020
vn -0.0819 0.9962 -0.0313
vn 0.0193 0.6940 0.7197
vn -0.2732 0.2729 0.9225
vn 0.0769 0.9970 0.0015
vn -0.0414 0.9991 0.0111
vn -0.0039 1.0000 0.0022
vn -0.5691 0.6644 -0.4845
vn -0.8181 0.4975 -0.2884
vn -0.0512 0.9956 0.0779
vn 0.7578 0.6355 0.1481
vn 0.1646 0.9771 -0.1352
vn -0.0643 0.4573 -0.8870
vn 0.0216 0.9997 -0.0096
vn -0.1010 0.9870 0.1253
vn 0.0408 0.9988 -0.0286
vn 0.0292 0.9995 -0.0104
vn 0.5095 0.5745 -0.6406
vn -0.4055 0.3579 -0.8411
vn -0.0758 0.9970 0.0177
vn 0.0358 0.4639 0.8852
vn 0.1190 0.6336 0.7645
vn 0.0221 0.9969 0.0750
vn -0.0170 0.7268 0.6867
vn -0.0607 0.6514 0.7563
vn 0.4763 0.7821 0.4018
vn 0.0211 0.9986 0.0492
vn -0.5233 0.8481 -0.0825
vn -0.1910 0.9816 -0.0085
vn 0.0048 1.0000 0.0029
vn -0.2288 0.3135 -0.9216
vn 0.0372 0.9933 0.1092
vn -0.7183 0.4629 -0.5194
vn 0.0573 0.9954 -0.0767
vn 0.1937 0.9781 0.0768
vn -0.0046 0.9999 0.0157
vn 0.2998 0.9304 -0.2111
vn -0.0057 0.9999 0.0115
vn -0.0754 0.9951 -0.0635
vn -0.8230 0.5346 0.1921
vn -0.9342 0.3125 0.1723
vn -0.0798 0.9962 0.0339
vn 0.0148 0.9973 -0.0725
vn -0.1640 0.8991 0.4059
vn -0.0126 0.9998 0.0169
vn 0.6977 0.5205 0.4922
vn -0.2567 0.8221 -0.5083
vn -0.7397 0.5855 -0.3317
vn 0.1091 0.9901 -0.0881
vn -0.0110 0.9995 -0.0287
vn 0.1283 0.9911 0.0365
vn -0.0025 1.0000 -0.0065
vn -0.0462 0.9989 -0.0001
vn -0.0461 0.9967 0.0663
vn -0.4392 0.8974 -0.0423
vn 0.1236 0.9892 -0.0790
vn 0.4418 0.8908 -0.1062
vn -0.0192 0.9998 -0.0031
vn 0.0176 0.9995 -0.0249
vn 0.0888 0.9936 -0.0696
vn -0.0260 0.9995 0.0177
vn 0.1019 0.3159 -0.9433
vn 0.4993 0.8561 -0.1334
vn -0.1277 0.8152 -0.5649
vn 0.6468 0.7235 -0.2412
vn 0.0628 0.9897 -0.1289
vn -0.7926 0.3910 -0.4679
vn 0.1907 0.9638 -0.1862
vn -0.6563 0.4148 -0.6303
vn 0.0305 0.9976 -0.0620
vn -0.0302 0.9994 -0.0190
vn 0.0105 0.9999 0.0005
vn -0.3633 0.9222 -0.1323
vn 0.0338 0.9994 -0.0055
vn -0.1296 0.9874 0.0904
vn -0.0298 0.9974 -0.0658
vn -0.0073 0.9983 -0.0581
vn -0.0027 1.0000 -0.0033
vn 0.6609 0.7185 0.2165
vn 0.6663 0.6064 0.4339
vn 0.5631 0.8255 0.0379
vn 0.5968 0.7915 0.1315
vn 0.5608 0.7897 0.2489
vn -0.0413 0.9977 0.0530
vn 0.0152 0.9998 0.0126
vn 0.0219 0.9987 0.0459
vn 0.0099 0.9999 0.0045
vn -0.7441 0.5838 -0.3248
vn -0.6439 0.7180 0.2643
vn -0.8431 0.4907 0.2199
vn -0.6491 0.7405 0.1744
vn -0.1161 0.9747 0.1908
vn -0.0848 0.9948 0.0557
vn 0.3548 0.8881 0.2923
vn -0.2027 0.6218 -0.7565
vn -0.9155 0.2761 -0.2926
vn 0.0018 0.9974 0.0719
vn -0.0393 0.9977 0.0556
vn 0.9615 0.2481 -0.1180
vn 0.0015 1.0000 -0.0029
vn 0.0195 0.9998 0.0042
vn 0.0005 0.9997 -0.0254
vn -0.7650 0.6406 -0.0668
vn -0.0688 0.9964 -0.0490
vn -0.0511 0.9970 0.0587
vn 0.2022 0.9598 -0.1949
vn 0.1332 0.9897 -0.0531
vn 0.5889 0.7989 0.1220
vn -0.2659 0.9353 -0.2334
vn -0.4133 0.8813 -0.2291
vn 0.0151 0.9999 -0.0002
vn -0.0107 0.9996 -0.0264
vn -0.1615 0.9867 -0.0194
vn -0.1011 0.9892 0.1060
vn 0.1245 0.9863 -0.1082
vn -0.0089 0.9788 0.2044
vn 0.3830 0.9113 0.1511
vn -0.0205 0.9996 0.0216
vn 0.1102 0.9912 -0.0739
vn 0.0120 0.9998 -0.0169
vn 0.5128 0.6946 -0.5045
vn 0.4877 0.8369 0.2484
vn 0.2951 0.8639 -0.4082
vn 0.6398 0.7457 -0.1861
vn -0.7378 0.1592 -0.6559
vn -0.8559 0.3585 -0.3728
vn -0.8617 0.2800 -0.4233
vn -0.3372 0.6619 -0.6695
vn -0.0169 0.9990 -0.0418
vn -0.1016 0.9919 0.0761
vn -0.0039 1.0000 0.0013
vn 0.0016 0.9917 -0.1289
vn 0.0466 0.9982 0.0375
vn 0.0003 0.9980 0.0630
vn 0.0090 0.9999 -0.0134
vn 0.1209 0.9918 0.0408
vn 0.7462 0.5323 0.3998
vn 0.8600 0.3441 0.3767
vn 0.7711 0.4861 0.4112
vn 0.0107 0.9992 -0.0392
vn 0.0104 0.9999 -0.0006
vn -0.0050 0.9999 0.0124
vn 0.0153 0.9999 -0.0036
vn -0.8159 0.5778 -0.0206
vn -0.6745 0.7334 -0.0847
vn -0.8726 0.4658 0.1470
vn -0.2040 0.9401 0.2730
vn -0.3864 0.8628 0.3261
vn -0.2243 0.9657 -0.1309
vn -0.5316 0.8063 0.2596
vn -0.0696 0.9848 0.1594
vn -0.9408 0.3148 0.1255
vn -0.9132 0.4010 0.0722
vn -0.9710 0.2371 -0.0304
vn -0.7439 0.6615 0.0946
vn -0.9059 0.4144 -0.0875
vn -0.9357 0.3513 0.0319
vn -0.8220 0.5695 -0.0064
vn -0.8713 0.4495 -0.1967
vn 0.0078 1.0000 0.0025
vn 0.0009 1.0000 -0.0024
vn -0.0001 1.0000 0.0014
vn 0.0189 0.9997 -0.0125
vn 0.0113 0.9999 -0.0031
vn -0.0113 0.9997 -0.0215
vn -0.0041 0.9997 0.0261
vn 0.0423 0.9974 -0.0578
vn 0.0212 0.9989 0.0408
vn 0.0784 0.9956 0.0507
vn 0.0126 0.9999 0.0047
vn 0.0501 0.9987 -0.0035
vn -0.0354 0.9988 -0.0323
vn 0.6276 0.7550 0.1898
vn 0.1093 0.9924 0.0569
vn 0.6804 0.7140 -0.1650
vn 0.7183 0.5893 -0.3698
vn 0.1234 0.9923 0.0084
vn 0.8089 0.5168 -0.2803
vn 0.3053 0.9044 0.2980
vn 0.3957 0.8468 0.3555
vn 0.2173 0.9319 0.2904
vn 0.5098 0.7611 0.4011
vn 0.8482 0.1406 0.5106
vn 0.4114 0.2921 0.8634
vn 0.0765 0.6021 0.7948
vn 0.0063 0.9998 -0.0162
vn -0.0666 0.6733 0.7363
vn -0.0580 0.6940 0.7176
vn -0.0092 0.9999 0.0041
vn 0.0624 0.9950 0.0776
vn 0.0364 0.9985 -0.0410
vn -0.1329 0.9910 0.0174
vn -0.0417 0.9988 0.0247
vn -0.0276 0.9996 -0.0096
vn -0.0570 0.9984 0.0004
vn -0.0192 0.9997 0.0167
vn -0.0464 0.9987 0.0200
vn -0.0286 0.9995 0.0144
vn -0.0165 0.9998 -0.0061
vn 0.0897 0.6853 0.7227
vn -0.8415 0.4345 0.3212
vn -0.2071 0.3079 0.9286
vn -0.3986 0.5446 0.7379
vn -0.1381 0.9803 0.1411
vn -0.0243 0.9997 -0.0104
vn -0.0720 0.9967 0.0368
vn -0.1172 0.9927 -0.0300
vn -0.0550 0.9984 -0.0129
vn -0.0652 0.9979 -0.0052
vn -0.1230 0.9910 0.0533
vn -0.0112 0.9999 0.0113
vn -0.0032 1.0000 0.0034
vn -0.0039 1.0000 0.0043
vn -0.5828 0.5997 -0.5483
vn -0.5874 0.6939 -0.4165
vn -0.7437 0.4834 -0.4617
vn -0.4214 0.7872 -0.4501
vn -0.4982 0.7872 -0.3636
vn -0.8443 0.3523 -0.4038
vn -0.2759 0.9356 -0.2202
vn -0.7819 0.3068 -0.5426
vn -0.0652 0.9978 0.0133
vn -0.0457 0.9979 -0.0466
vn 0.0389 0.9826 -0.1814
vn 0.0244 0.9972 -0.0702
vn 0.6744 0.7281 0.1225
vn 0.7337 0.6035 0.3123
vn 0.7076 0.6954 0.1253
vn 0.5997 0.7942 0.0976
vn 0.1092 0.9393 -0.3253
vn 0.2144 0.9763 -0.0297
vn -0.0771 0.9586 -0.2741
vn 0.3454 0.9380 -0.0271
vn -0.0233 0.4638 -0.8856
vn -0.0506 0.8250 -0.5629
vn -0.2010 0.5219 -0.8290
vn 0.4034 0.4389 -0.8029
vn 0.0053 0.9999 0.0132
vn 0.0288 0.9995 -0.0157
vn 0.0314 0.9995 -0.0033
vn 0.0905 0.9955 -0.0285
vn -0.1092 0.9940 -0.0084
vn 0.0453 0.9915 0.1220
vn 0.1622 0.9776 -0.1342
vn -0.0004 0.9998 -0.0201
vn -0.0070 0.9992 0.0391
vn -0.0179 0.9998 0.0125
vn -0.0156 0.9997 -0.0168
vn 0.0144 0.9996 0.0233
vn 0.0144 0.9998 0.0162
vn -0.0115 0.9999 0.0027
vn 0.3464 0.8513 -0.3940
vn 0.5499 0.7223 -0.4194
vn 0.4225 0.6966 -0.5799
vn 0.2608 0.9171 -0.3016
vn -0.4160 0.3217 -0.8506
vn -0.3934 0.3984 -0.8286
vn -0.6159 0.3184 -0.7206
vn -0.2911 0.3218 -0.9009
vn 0.0216 0.9985 -0.0501
vn 0.1027 0.9943 -0.0271
vn 0.0766 0.9949 -0.0650
vn 0.0584 0.9980 -0.0230
vn -0.0751 0.9941 0.0781
vn 0.1222 0.4513 0.8840
vn 0.1248 0.2920 0.9482
vn -0.0263 0.9950 0.0960
vn 0.1119 0.6825 0.7222
vn 0.0612 0.7339 0.6765
vn 0.0020 0.9982 -0.0599
vn 0.1091 0.9833 -0.1456
vn 0.0069 1.0000 -0.0042
vn -0.0802 0.9937 -0.0778
vn -0.0042 0.9999 -0.0095
vn -0.0722 0.7016 0.7089
vn 0.0408 0.9976 0.0561
vn 0.0078 0.8064 0.5913
vn -0.1417 0.6578 0.7397
vn 0.4248 0.8767 0.2256
vn 0.6055 0.6870 0.4017
vn 0.5730 0.7168 0.3973
vn 0.3808 0.8649 0.3269
vn 0.0999 0.9944 -0.0343
vn 0.0277 0.9996 0.0050
vn 0.0081 1.0000 -0.0048
vn -0.5554 0.8071 -0.2003
vn -0.4899 0.8694 0.0638
vn -0.7069 0.6890 -0.1597
vn -0.3761 0.9265 0.0132
vn -0.3131 0.9400 0.1358
vn -0.6965 0.7174 -0.0131
vn -0.7481 0.6251 -0.2227
vn -0.0113 0.9997 0.0235
vn -0.0399 0.9972 0.0631
vn 0.1278 0.9887 0.0780
vn 0.4255 0.8718 0.2429
vn 0.6130 0.5411 0.5757
vn 0.1157 0.9907 -0.0722
vn -0.0023 1.0000 0.0008
vn -0.0415 0.9990 -0.0135
vn -0.1126 0.9931 -0.0328
vn 0.0223 0.9941 0.1061
vn -0.0159 0.9998 0.0079
vn -0.2786 0.9604 0.0004
vn 0.0159 0.9997 -0.0189
vn -0.1265 0.9915 0.0309
vn -0.0375 0.9991 -0.0202
vn -0.4637 0.5546 -0.6910
vn -0.6193 0.3529 -0.7014
vn -0.2229 0.6308 -0.7432
vn 0.6966 0.6488 -0.3063
vn 0.5572 0.6441 -0.5241
vn 0.1360 0.4337 -0.8907
vn 0.0424 0.9988 -0.0255
vn 0.0130 0.9999 -0.0038
vn -0.0044 0.9998 0.0173
vn 0.1674 0.9853 -0.0339
vn 0.0001 0.9979 -0.0649
vn 0.0467 0.9950 0.0877
vn 0.0198 0.9997 0.0149
vn 0.0355 0.9993 0.0123
vn 0.0193 0.9998 0.0007
vn -0.0007 0.9998 0.0177
vn 0.3808 0.7615 -0.5245
vn -0.1647 0.7257 -0.6680
vn -0.0862 0.3837 -0.9194
vn 0.3929 0.9154 0.0875
vn -0.0274 0.9919 -0.1239
vn -0.0995 0.8985 -0.4275
vn 0.5474 0.8175 0.1793
vn 0.7201 0.6164 0.3187
vn 0.7549 0.6549 -0.0364
vn -0.4078 0.7475 -0.5243
vn -0.0561 0.9924 0.1095
vn -0.0367 0.9895 -0.1398
vn -0.8477 0.2238 -0.4809
vn -0.3897 0.9210 -0.0017
vn -0.1756 0.9824 0.0643
vn -0.4344 0.8362 -0.3349
vn -0.6342 0.5821 -0.5088
vn -0.6490 0.4325 -0.6259
vn -0.0240 0.9995 -0.0183
vn 0.0383 0.9980 -0.0502
vn 0.0968 0.9864 -0.1330
vn -0.0277 0.9986 -0.0461
vn -0.0236 0.9997 0.0055
vn -0.8504 0.3797 0.3642
vn -0.0493 0.9983 0.0324
vn -0.0122 0.9996 0.0261
vn -0.2652 0.9628 0.0508
vn -0.0195 0.9998 0.0104
vn 0.0297 0.9959 0.0860
vn 0.0254 0.9995 -0.0209
vn 0.4867 0.8451 0.2211
vn 0.5782 0.7445 0.3338
vn 0.3454 0.9066 0.2423
vn 0.0542 0.9919 0.1151
vn 0.8376 0.4851 -0.2512
vn 0.2439 0.9380 -0.2462
vn 0.5078 0.8586 0.0698
vn 0.0070 0.9994 0.0347
vn 0.2906 0.9481 0.1291
vn 0.7105 0.6808 0.1784
vn 0.0302 0.9995 0.0091
vn 0.0035 0.9999 -0.0128
vn -0.0287 0.9993 0.0244
vn -0.0031 0.9999 0.0112
vn 0.0184 0.9995 0.0238
vn -0.0044 1.0000 0.0077
vn 0.0046 1.0000 0.0066
vn -0.0040 1.0000 -0.0014
vn -0.8870 0.4618 -0.0035
vn -0.8784 0.4757 0.0456
vn -0.8818 0.4513 -0.1373
vn -0.6645 0.7432 -0.0779
vn -0.9504 0.3079 0.0433
vn -0.8798 0.4493 0.1555
vn 0.0563 0.9691 -0.2401
vn -0.5220 0.8450 -0.1162
vn -0.5301 0.7921 0.3026
vn -0.0610 0.9465 0.3169
vn -0.8561 0.4925 0.1568
vn -0.9310 0.3124 -0.1890
vn -0.0073 1.0000 -0.0022
vn 0.0091 1.0000 0.0004
vn 0.0919 0.9952 -0.0325
vn 0.8164 0.5514 -0.1717
vn 0.4741 0.7973 0.3734
vn 0.8162 0.2859 0.5021
vn 0.0024 1.0000 -0.0006
vn -0.0256 0.9996 -0.0068
vn -0.0483 0.9988 -0.0063
vn -0.0088 0.9969 -0.0780
vn -0.0496 0.9978 0.0450
vn -0.8123 0.5826 -0.0288
vn -0.0915 0.9935 0.0678
vn 0.0539 0.9944 -0.0911
vn -0.0315 0.9994 -0.0135
vn -0.4057 0.7516 -0.5201
vn -0.8670 0.1398 -0.4783
vn -0.2293 0.9698 0.0835
vn 0.4569 0.8791 0.1354
vn 0.3109 0.9243 -0.2212
vn 0.2613 0.3939 -0.8812
vn 0.0342 0.9993 0.0140
vn 0.0139 0.9987 -0.0480
vn -0.0117 0.9974 -0.0717
vn -0.2491 0.3195 -0.9143
vn -0.0219 0.9997 -0.0055
vn 0.1459 0.9886 0.0374
vn 0.0152 0.9977 -0.0655
vn -0.0312 0.9926 0.1172
vn 0.0300 0.9990 0.0323
vn 0.4984 0.7473 0.4395
vn -0.4033 0.9088 -0.1065
vn -0.2171 0.9737 -0.0691
vn -0.1244 0.9909 -0.0514
vn -0.0854 -0.4354 -0.8962
vn 0.0412 0.9966 -0.0710
vn -0.3936 0.9178 -0.0528
vn 0.0713 0.9972 -0.0218
vn 0.2317 0.9714 0.0509
vn 0.0034 1.0000 -0.0022
vn 0.0114 0.9881 -0.1535
vn 0.0374 0.9991 0.0213
vn -0.0764 0.9967 0.0289
vn -0.7932 0.5706 0.2127
vn -0.9353 0.2713 0.2272
vn 0.0868 0.6292 -0.7724
vn -0.0190 0.6382 -0.7696
vn -0.2209 0.8732 0.4344
vn 0.0435 0.9952 -0.0879
vn 0.5692 0.6729 0.4725
vn -0.2730 0.7796 -0.5636
vn -0.7964 0.4950 -0.3475
vn 0.0549 0.9981 -0.0296
vn -0.0308 0.9989 -0.0360
vn 0.5773 0.8109 0.0962
vn -0.0003 1.0000 -0.0015
vn -0.0729 0.9935 0.0871
vn 0.0330 0.9940 0.1040
vn -0.5253 0.8445 -0.1041
vn -0.0515 0.9853 0.1626
vn 0.4081 0.7491 -0.5218
vn 0.0404 0.6862 -0.7263
vn 0.0209 0.9998 -0.0031
vn 0.0293 0.9986 0.0449
vn -0.0345 0.9992 0.0179
vn -0.1261 -0.5198 -0.8449
vn 0.4746 0.8429 -0.2537
vn -0.1846 0.7788 -0.5995
vn 0.5584 0.7270 -0.3997
vn 0.4717 0.5350 -0.7009
vn -0.8086 0.3592 -0.4660
vn -0.0344 0.9982 -0.0484
vn -0.6344 0.3347 -0.6968
vn 0.0994 0.6615 -0.7433
vn -0.0477 0.9987 0.0201
vn -0.0748 0.9971 0.0102
vn -0.5116 0.8375 -0.1920
vn 0.0694 0.9976 0.0012
vn -0.1543 0.9870 0.0448
vn -0.0093 0.9994 -0.0340
vn -0.0172 0.9998 -0.0092
vn 0.0007 1.0000 0.0021
vn 0.7778 0.5764 0.2506
vn 0.6103 0.6601 0.4379
vn 0.5400 0.8344 0.1104
vn 0.1876 0.9292 0.3185
vn 0.4453 0.8832 0.1472
vn -0.0789 0.9917 0.1020
vn 0.0060 1.0000 0.0051
vn -0.0525 0.9983 -0.0246
vn -0.0099 0.9999 0.0108
vn -0.7778 0.5402 -0.3212
vn -0.7309 0.6594 0.1761
vn -0.4089 0.9081 0.0904
vn -0.7124 0.6933 0.1085
vn -0.1407 0.9760 0.1665
vn -0.0011 1.0000 0.0035
vn 0.3960 0.8991 0.1866
vn -0.2705 0.5887 -0.7618
vn -0.8987 0.2346 -0.3705
vn -0.0064 0.9980 0.0636
vn -0.0629 0.9965 0.0546
vn 0.9610 0.1850 -0.2057
vn -0.0016 1.0000 -0.0057
vn 0.0319 0.9915 0.1260
vn -0.0347 0.9988 0.0357
vn -0.8325 0.5537 0.0189
vn -0.0949 0.9933 -0.0662
vn -0.0743 0.9919 0.1033
vn 0.0828 0.9934 -0.0791
vn 0.0852 0.9877 -0.1310
vn 0.4546 0.8880 0.0688
vn -0.2617 0.9094 -0.3232
vn -0.4961 0.8228 -0.2772
vn 0.7389 0.6728 0.0365
vn 0.0336 0.9983 0.0476
vn 0.0689 0.9975 -0.0167
vn 0.7141 0.6974 0.0612
vn -0.0259 0.9991 -0.0345
vn -0.0243 0.9994 -0.0251
vn 0.0154 0.9954 -0.0943
vn 0.0724 0.9970 -0.0278
vn 0.4232 0.8858 0.1906
vn -0.0078 0.9999 0.0099
vn 0.0449 0.9970 -0.0636
vn 0.0037 0.9995 -0.0307
vn 0.7227 0.6907 0.0254
vn 0.4594 0.6368 -0.6192
vn 0.5154 0.8510 0.1011
vn 0.1648 0.8768 -0.4518
vn 0.7042 0.6867 -0.1803
vn -0.7110 0.2564 -0.6547
vn -0.7702 0.3213 -0.5509
vn -0.6702 0.6594 -0.3406
vn -0.4361 0.5651 -0.7003
vn -0.0497 0.9988 -0.0010
vn 0.0033 0.9997 0.0230
vn -0.0267 0.9994 -0.0199
vn 0.1494 0.9715 -0.1839
vn -0.0431 0.9984 0.0357
vn 0.0008 0.9992 0.0395
vn 0.0056 0.9999 -0.0142
vn 0.0692 0.9833 0.1681
vn 0.7814 0.4208 0.4607
vn 0.8410 0.5070 0.1887
vn 0.6505 0.6879 0.3219
vn 0.0773 0.9963 0.0366
vn 0.0094 0.9999 -0.0045
vn 0.0096 0.9999 0.0058
vn 0.0037 0.9995 0.0306
vn 0.7264 0.6850 0.0563
vn -0.8233 0.5566 -0.1111
vn -0.6259 0.7791 -0.0364
vn -0.8932 0.4064 0.1924
vn -0.2815 0.9323 0.2273
vn -0.4264 0.8564 0.2910
vn -0.2592 0.9655 0.0259
vn -0.6070 0.7699 0.1971
vn 0.0416 0.9927 0.1136
vn -0.9124 0.3652 0.1849
vn -0.9253 0.3789 0.0142
vn -0.7126 0.7005 -0.0387
vn -0.8671 0.4951 0.0545
vn -0.9283 0.2892 -0.2336
vn -0.9446 0.3218 -0.0642
vn -0.4854 0.8743 -0.0094
vn -0.9262 0.3642 -0.0977
vn 0.0041 1.0000 0.0068
vn 0.0033 1.0000 -0.0042
vn -0.0012 1.0000 0.0049
vn 0.7153 0.6967 0.0552
vn 0.0006 0.9998 -0.0174
vn -0.0002 1.0000 -0.0097
vn 0.0453 0.9989 0.0155
vn -0.0143 0.9998 0.0114
vn 0.0129 0.9998 -0.0176
vn 0.0237 0.9986 0.0476
vn 0.0158 0.9996 -0.0213
vn 0.0797 0.9952 0.0565
vn 0.2309 0.9674 0.1044
vn -0.0508 0.9972 -0.0543
vn 0.8004 0.5375 0.2656
vn -0.0590 0.9981 0.0188
vn 0.5733 0.8121 0.1090
vn 0.6676 0.6576 -0.3490
vn 0.1674 0.9775 0.1280
vn 0.8875 0.3271 -0.3245
vn 0.2739 0.9433 0.1876
vn 0.3832 0.8728 0.3023
vn -0.0234 0.9806 0.1947
vn 0.4761 0.8071 0.3492
vn 0.9406 0.3352 -0.0538
vn -0.0709 0.4177 0.9058
vn -0.4535 0.4009 0.7960
vn 0.0003 1.0000 0.0050
vn -0.0708 0.6652 0.7433
vn -0.0607 0.6910 0.7203
vn 0.0124 0.9984 0.0546
vn 0.0253 0.9986 -0.0462
vn -0.0343 0.9991 -0.0233
vn -0.0862 0.9951 0.0476
vn -0.0542 0.9985 -0.0002
vn -0.0313 0.9992 -0.0267
vn -0.0627 0.9976 0.0293
vn -0.0423 0.9991 0.0079
vn -0.0996 0.9936 0.0535
vn -0.0013 0.9995 -0.0325
vn -0.0178 0.9997 0.0145
vn 0.0598 0.6985 0.7131
vn -0.8446 0.4898 0.2162
vn -0.2436 0.3110 0.9187
vn -0.4243 0.2777 0.8619
vn -0.2164 0.9721 0.0907
vn 0.0152 0.9789 -0.2040
vn 0.0191 0.9994 -0.0276
vn -0.1141 0.9934 -0.0122
vn -0.0476 0.9977 -0.0475
vn -0.0134 0.9988 -0.0478
vn -0.1010 0.9912 0.0850
vn 0.0076 0.7190 -0.6950
vn -0.0029 1.0000 0.0059
vn 0.0019 1.0000 0.0021
vn -0.5808 0.5475 -0.6024
vn -0.5869 0.6831 -0.4346
vn -0.6896 0.3898 -0.6103
vn -0.4939 0.7426 -0.4524
vn -0.3762 0.6903 -0.6180
vn -0.7179 0.4164 -0.5579
vn -0.1152 0.9921 -0.0490
vn -0.9335 0.2868 -0.2150
vn -0.1387 0.6803 -0.7197
vn -0.0034 0.9905 -0.1373
vn -0.3257 0.9431 -0.0671
vn -0.0316 0.9993 -0.0221
vn 0.6446 0.7466 0.1644
vn 0.6978 0.6039 0.3852
vn 0.6116 0.7874 0.0772
vn 0.6015 0.7872 0.1362
vn 0.0784 0.9104 -0.4063
vn 0.1820 0.9803 -0.0769
vn -0.1788 0.9277 -0.3276
vn 0.2453 0.9668 -0.0723
vn 0.1640 -0.1945 -0.9671
vn -0.0312 0.6911 -0.7221
vn -0.3232 0.4633 -0.8252
vn 0.1347 0.5220 -0.8423
vn 0.0118 0.9999 -0.0033
vn 0.0478 0.9988 -0.0112
vn -0.0276 0.9995 0.0126
vn 0.7260 0.6869 0.0332
vn 0.1625 0.9758 -0.1465
vn -0.1147 0.9904 0.0769
vn 0.1320 0.9760 0.1734
vn 0.0147 0.9997 -0.0195
vn 0.0060 0.6621 -0.7494
vn -0.0039 0.9992 0.0407
vn 0.1646 0.9753 -0.1471
vn 0.0366 0.9988 -0.0334
vn 0.0511 0.7079 -0.7044
vn 0.0308 0.9995 -0.0009
vn 0.0236 0.9993 -0.0287
vn 0.7264 0.6868 0.0261
vn -0.1809 0.4800 -0.8584
vn 0.5023 0.6742 -0.5415
vn 0.4078 0.5872 -0.6993
vn 0.5016 0.6559 -0.5642
vn -0.0321 -0.1593 -0.9867
vn -0.4368 0.4326 -0.7887
vn -0.7160 0.3852 -0.5822
vn -0.3938 0.3384 -0.8546
vn 0.0651 0.6625 -0.7462
vn -0.0648 0.9976 0.0236
vn -0.0149 0.9998 -0.0156
vn 0.0966 0.9939 -0.0530
vn -0.1182 0.9925 0.0310
vn 0.2186 0.5860 0.7803
vn 0.1253 0.4095 0.9037
vn 0.0100 0.9999 0.0051
vn 0.1121 0.6590 0.7437
vn 0.0728 0.5997 0.7969
vn -0.1183 0.9812 0.1527
vn 0.0444 0.9968 -0.0657
vn 0.0829 0.9915 -0.1007
vn -0.0639 0.9957 0.0674
vn 0.0048 1.0000 0.0008
vn -0.0623 0.6972 0.7142
vn 0.5297 0.5816 0.6174
vn 0.0594 0.9979 0.0250
vn 0.0989 0.8025 0.5884
vn -0.1273 0.6408 0.7571
vn 0.5334 0.8413 0.0874
vn 0.5686 0.7005 0.4313
vn 0.7078 0.4897 0.5090
vn 0.5784 0.6939 0.4290
vn 0.0610 0.9976 -0.0327
vn 0.0185 0.9997 0.0156
vn -0.0202 0.9998 -0.0065
vn 0.7619 0.6460 0.0471
vn -0.5638 0.7883 -0.2465
vn -0.5013 0.8653 -0.0073
vn -0.7840 0.6072 -0.1295
vn -0.4307 0.9018 -0.0344
vn -0.1878 0.9797 0.0699
vn -0.7656 0.6426 -0.0310
vn 0.1117 0.9911 0.0724
vn -0.2226 0.3260 -0.9188
vn 0.0363 0.8765 0.4800
vn -0.8703 0.1053 -0.4812
vn 0.0748 0.9967 -0.0325
vn 0.0691 0.9974 0.0181
vn 0.0015 0.9990 0.0447
vn 0.6139 0.7536 -0.2350
vn 0.0006 0.9999 0.0139
vn -0.2542 0.9532 -0.1635
vn -0.7998 0.5688 0.1918
vn -0.7341 0.6755 0.0685
vn -0.9005 0.4044 0.1597
vn -0.1646 0.9841 0.0675
vn 0.0875 0.9884 -0.1238
vn -0.0835 0.9454 0.3149
vn -0.0677 0.9952 0.0707
vn 0.7544 0.5398 0.3735
vn -0.2746 0.8655 -0.4190
vn -0.6357 0.6746 -0.3752
vn 0.0510 0.9976 -0.0475
vn 0.0075 0.9998 -0.0177
vn -0.0810 0.9958 -0.0435
vn -0.0040 1.0000 -0.0013
vn -0.0658 0.9978 -0.0005
vn -0.0443 0.9987 -0.0257
vn -0.3670 0.9302 -0.0058
vn 0.1462 0.9891 -0.0183
vn 0.3612 0.8118 0.4587
vn 0.0228 0.9997 -0.0126
vn -0.0171 0.9999 0.0016
vn 0.0806 0.9792 -0.1860
vn 0.0396 0.9992 0.0020
vn 0.2038 0.4009 -0.8931
vn 0.5069 0.8609 -0.0434
vn -0.0294 0.8426 -0.5378
vn 0.7115 0.6956 -0.1002
vn -0.4130 0.8423 -0.3463
vn -0.7159 0.3877 -0.5806
vn 0.0662 0.9913 -0.1140
vn -0.6277 0.4700 -0.6205
vn -0.0166 0.9998 -0.0102
vn 0.0272 0.9977 -0.0627
vn -0.7173 0.6950 -0.0491
vn -0.0919 0.9949 0.0413
vn -0.2925 0.9553 -0.0442
vn -0.0099 0.9993 0.0351
vn 0.0643 0.9954 -0.0708
vn -0.0090 0.9997 0.0248
vn -0.7566 0.6507 0.0643
vn -0.1295 0.9897 0.0612
vn -0.0022 1.0000 0.0008
vn 0.5923 0.7989 -0.1042
vn 0.7165 0.5598 0.4162
vn 0.5953 0.8018 -0.0524
vn 0.4217 0.8708 0.2529
vn 0.6489 0.6757 0.3499
vn -0.0151 0.9999 0.0077
vn 0.0062 1.0000 -0.0019
vn 0.0478 0.9980 0.0418
vn -0.0029 1.0000 0.0040
vn -0.7914 0.5860 -0.1737
vn -0.5433 0.7943 0.2719
vn -0.8791 0.4246 0.2164
vn -0.5415 0.8199 0.1860
vn -0.1599 0.9592 0.2330
vn -0.0815 0.9966 0.0109
vn 0.5076 0.7994 0.3213
vn -0.2140 0.6623 -0.7180
vn -0.8168 0.3900 -0.4251
vn -0.1082 0.9900 0.0905
vn -0.0066 0.9997 0.0226
vn 0.9350 0.3290 -0.1327
vn 0.0083 1.0000 0.0026
vn -0.0296 0.9950 -0.0954
vn 0.0021 0.9982 -0.0598
vn -0.6391 0.7583 -0.1287
vn -0.0107 0.9807 -0.1952
vn 0.1127 0.9904 -0.0806
vn 0.2055 0.9690 -0.1375
vn -0.0647 0.9841 0.1657
vn 0.5864 0.7985 0.1363
vn -0.2575 0.9514 -0.1687
vn -0.3250 0.9282 -0.1814
vn 0.0098 0.9999 0.0039
vn 0.0433 0.9988 0.0244
vn -0.4025 0.9116 0.0834
vn -0.0476 0.9882 0.1454
vn 0.1853 0.9781 -0.0952
vn 0.0137 0.9806 -0.1957
vn 0.3169 0.9460 0.0678
vn -0.0165 0.9994 0.0289
vn 0.0709 0.9951 -0.0695
vn 0.0118 0.9999 -0.0015
vn 0.4951 0.7191 -0.4877
vn 0.5012 0.7971 0.3369
vn 0.3902 0.8306 -0.3974
vn 0.5837 0.7815 -0.2206
vn -0.6512 0.1997 -0.7321
vn -0.8436 0.4157 -0.3399
vn -0.8158 0.1676 -0.5535
vn -0.3547 0.7055 -0.6135
vn -0.0325 0.9994 -0.0126
vn -0.0109 0.9983 -0.0566
vn -0.0234 0.9988 0.0421
vn -0.1026 0.9944 0.0243
vn 0.0557 0.9981 0.0263
vn -0.0920 0.9956 -0.0156
vn -0.0036 0.9992 0.0386
vn -0.0270 0.9962 0.0824
vn 0.6510 0.6901 0.3162
vn 0.8621 0.4768 0.1713
vn 0.7049 0.6546 0.2732
vn 0.0607 0.9981 0.0043
vn -0.0091 0.9998 0.0153
vn 0.0045 1.0000 0.0088
vn 0.0018 0.9999 -0.0134
vn -0.7974 0.6027 0.0314
vn -0.6175 0.7798 -0.1029
vn -0.8213 0.5615 0.1010
vn -0.1267 0.9284 0.3492
vn -0.4143 0.8587 0.3016
vn -0.1728 0.9786 -0.1121
vn -0.5274 0.8275 0.1929
vn 0.0213 0.9858 0.1664
vn -0.9486 0.3133 0.0456
vn -0.8900 0.4515 0.0637
vn -0.9659 0.2590 0.0008
vn -0.6120 0.7778 0.1431
vn -0.9239 0.2985 -0.2395
vn -0.9175 0.3729 0.1382
vn -0.9311 0.3618 0.0471
vn -0.8509 0.5091 -0.1299
vn 0.0074 1.0000 0.0040
vn -0.0000 1.0000 0.0023
vn 0.0113 0.9999 -0.0004
vn 0.0245 0.9995 0.0209
vn 0.0173 0.9997 0.0195
vn 0.0217 0.9996 0.0170
vn 0.0092 1.0000 -0.0016
vn -0.0246 0.9977 -0.0636
vn -0.0067 0.9996 0.0289
vn -0.0576 0.9981 0.0206
vn 0.0104 0.9998 -0.0166
vn -0.0456 0.9988 0.0160
vn 0.0085 1.0000 0.0019
vn 0.1760 0.9842 -0.0207
vn 0.0097 0.9998 -0.0156
vn 0.5774 0.7130 -0.3977
vn 0.8212 0.5093 -0.2574
vn 0.4035 0.8992 -0.1694
vn 0.6963 0.6881 -0.2043
vn 0.3318 0.8809 0.3375
vn 0.3984 0.8276 0.3954
vn 0.2440 0.9292 0.2777
vn 0.6038 0.6853 0.4072
vn 0.5895 0.0560 0.8059
vn 0.6745 -0.0268 0.7378
vn 0.2824 0.7339 0.6178
vn 0.0068 1.0000 0.0055
vn -0.0642 0.6817 0.7288
vn -0.0586 0.6949 0.7167
vn -0.0298 0.9958 0.0869
vn 0.0091 0.9994 -0.0340
vn 0.0774 0.9954 -0.0565
vn -0.0045 0.9874 -0.1583
vn -0.0553 0.9980 0.0300
vn -0.0527 0.9983 0.0231
vn -0.7315 0.6786 0.0664
vn 0.0111 0.9999 0.0084
vn -0.0361 0.9984 -0.0441
vn -0.0189 0.9998 -0.0014
vn -0.7899 0.6131 0.0141
vn -0.0507 0.9987 0.0088
vn -0.0080 1.0000 0.0029
vn -0.5368 0.5685 0.6235
vn 0.0974 0.6701 0.7359
vn -0.8586 0.3686 0.3562
vn -0.2499 0.3485 0.9034
vn -0.1218 0.7381 0.6636
vn 0.0691 0.9974 -0.0221
vn -0.0018 0.9968 0.0797
vn 0.0261 0.9983 0.0515
vn 0.0739 0.9946 -0.0729
vn -0.0915 0.9955 0.0246
vn -0.0401 0.9984 0.0390
vn -0.7187 0.6942 -0.0403
vn 0.0272 0.9996 -0.0073
vn -0.0079 0.9999 0.0088
vn -0.0043 0.9999 -0.0145
vn -0.7177 0.6944 -0.0531
vn -0.0439 0.9987 0.0263
vn -0.5565 0.6281 -0.5438
vn -0.5759 0.7238 -0.3801
vn -0.6375 0.6081 -0.4731
vn -0.3486 0.8388 -0.4181
vn -0.7272 0.6811 -0.0856
vn -0.9371 0.2339 -0.2591
vn -0.4717 0.8137 -0.3397
vn -0.7455 0.3059 -0.5922
vn 0.0547 0.9949 0.0843
vn -0.2347 0.9672 -0.0968
vn 0.2423 0.9694 0.0408
vn -0.3317 0.9330 -0.1394
vn 0.7534 0.6548 -0.0601
vn 0.7073 0.6336 0.3135
vn 0.8076 0.5704 0.1496
vn 0.5839 0.7924 0.1766
vn 0.1256 0.9663 -0.2245
vn 0.2644 0.9634 0.0448
vn 0.0589 0.9774 -0.2030
vn 0.4226 0.9063 -0.0064
vn -0.2437 0.5343 -0.8094
vn 0.0206 0.8099 -0.5862
vn 0.0736 0.4877 -0.8699
vn 0.2367 0.4874 -0.8405
vn 0.0020 1.0000 0.0094
vn 0.0156 0.9997 0.0165
vn 0.0328 0.9990 -0.0314
vn -0.0040 0.9982 0.0593
vn -0.0943 0.9955 0.0133
vn -0.0382 0.9947 0.0955
vn 0.0771 0.9951 -0.0613
vn 0.0463 0.9975 -0.0539
vn -0.0069 1.0000 0.0038
vn -0.0410 0.9980 0.0486
vn -0.0101 0.9999 0.0006
vn 0.0144 0.9997 0.0194
vn 0.0200 0.9997 -0.0100
vn 0.0240 0.9996 -0.0140
vn 0.5077 0.7018 -0.4997
vn 0.6568 0.7182 -0.2297
vn 0.5527 0.5960 -0.5825
vn -0.0665 0.9976 -0.0195
vn -0.3762 0.3004 -0.8765
vn -0.4949 0.5792 -0.6478
vn -0.4694 0.3731 -0.8003
vn -0.2860 0.4390 -0.8517
vn 0.0189 0.9968 -0.0775
vn 0.1070 0.9907 -0.0837
vn -0.0277 0.9995 -0.0172
vn -0.0238 0.9993 -0.0289
vn -0.0272 0.9748 0.2216
vn -0.0009 0.4369 0.8995
vn -0.0065 0.1228 0.9924
vn -0.0640 0.9931 0.0987
vn 0.1525 0.6630 0.7329
vn -0.0478 0.6066 0.7936
vn -0.0631 0.9977 -0.0246
vn -0.0484 0.9953 -0.0835
vn -0.0353 0.9991 0.0235
vn -0.0491 0.9942 -0.0961
vn -0.0050 0.9998 -0.0177
vn -0.0827 0.7080 0.7013
vn 0.0230 0.9985 0.0490
vn -0.0337 0.7566 0.6530
vn -0.1032 0.6606 0.7436
vn 0.4176 0.8188 0.3940
vn 0.5634 0.7674 0.3061
vn 0.3623 0.8805 0.3056
vn 0.0828 0.9827 0.1658
vn 0.0684 0.9975 0.0176
vn 0.0085 1.0000 0.0008
vn -0.0242 0.9985 0.0492
vn -0.5407 0.8272 -0.1528
vn -0.4804 0.8731 0.0825
vn -0.6394 0.7581 -0.1284
vn -0.2599 0.9636 0.0629
vn -0.3469 0.9365 0.0517
vn -0.2834 0.9434 0.1721
vn -0.4064 0.9106 0.0756
vn -0.1774 0.9691 0.1713
vn -0.7086 0.7008 -0.0815
vn -0.6752 0.7342 0.0712
vn -0.7775 0.6288 -0.0132
vn -0.5797 0.8145 0.0237
vn -0.7463 0.6054 -0.2765
vn -0.7219 0.6543 -0.2252
vn -0.7576 0.5944 -0.2697
vn -0.6627 0.7137 -0.2267
vn 0.7369 0.6741 0.0507
vn 0.0161 0.9999 0.0043
vn 0.0121 0.9999 0.0081
vn -0.0051 1.0000 0.0086
vn 0.0078 0.9999 0.0102
vn 0.0449 0.9988 -0.0197
vn -0.0365 0.9959 0.0823
vn -0.0787 0.9930 0.0880
vn 0.0436 0.9990 -0.0011
vn 0.2606 0.9436 0.2043
vn 0.0296 0.9995 -0.0123
vn 0.3947 0.8743 0.2824
vn 0.0007 1.0000 0.0032
vn 0.4882 0.8203 0.2978
vn 0.4488 0.8712 0.1989
vn 0.5701 0.7579 0.3173
vn 0.5124 0.8019 0.3072
vn 0.6052 0.4721 0.6409
vn 0.6344 0.6112 0.4732
vn 0.6763 0.5282 0.5134
vn 0.4635 0.6996 0.5438
vn 0.0820 0.9959 -0.0388
vn 0.1928 0.9729 -0.1276
vn 0.3696 0.9220 -0.1155
vn -0.0244 0.9992 0.0307
vn -0.0037 1.0000 -0.0034
vn -0.0009 1.0000 0.0030
vn -0.0041 1.0000 -0.0042
vn 0.0001 1.0000 -0.0020
vn -0.1319 0.9897 0.0556
vn 0.0474 0.9957 -0.0792
vn -0.0196 0.9916 -0.1278
vn 0.0683 0.9976 -0.0091
vn 0.0469 0.9974 -0.0539
vn -0.1105 0.9885 0.1029
vn -0.0438 0.9983 0.0396
vn 0.0062 0.9967 -0.0815
vn 0.1351 0.9890 -0.0598
vn -0.0499 0.9964 0.0683
vn -0.0492 0.9839 0.1717
vn 0.0998 0.9950 0.0092
vn -0.0797 0.9966 0.0213
vn 0.0143 0.9995 0.0297
vn -0.0081 0.9994 -0.0335
vn -0.0362 0.9963 0.0777
vn -0.3643 0.9312 0.0122
vn -0.1522 0.9757 0.1573
vn -0.2809 0.9541 -0.1041
vn -0.2135 0.9750 0.0618
vn 0.0723 0.9968 -0.0343
vn -0.0376 0.9984 -0.0422
vn -0.0487 0.9987 0.0168
vn -0.0245 0.9978 -0.0619
vn 0.0030 0.9990 -0.0454
vn -0.1240 0.9899 -0.0689
vn -0.0368 0.9992 -0.0133
vn 0.0530 0.9953 -0.0814
vn 0.0908 0.6501 -0.7544
vn 0.0108 0.9997 -0.0232
vn 0.0150 0.9992 -0.0382
vn 0.0211 0.9990 -0.0393
vn -0.3616 0.5334 -0.7646
vn -0.4143 0.5832 -0.6987
vn -0.4002 0.5612 -0.7245
vn -0.2900 0.6041 -0.7423
vn -0.6213 0.3176 -0.7163
vn -0.6254 0.3573 -0.6936
vn -0.6796 0.2437 -0.6919
vn -0.5984 0.3444 -0.7234
vn 0.4620 0.4252 -0.7783
vn -0.4543 0.4482 -0.7699
vn -0.2745 0.7761 -0.5677
vn -0.2241 0.4454 -0.8668
vn 0.5668 0.6805 -0.4644
vn 0.6592 0.7506 -0.0464
vn 0.5964 0.7483 -0.2906
vn 0.4773 0.8600 -0.1807
vn 0.5335 0.6851 -0.4961
vn 0.5462 0.6487 -0.5299
vn 0.5435 0.6871 -0.4821
vn 0.5225 0.6808 -0.5133
vn -0.4983 -0.2388 -0.8335
vn 0.3421 0.5080 -0.7905
vn 0.0527 0.3262 -0.9438
vn 0.2445 0.6756 -0.6955
vn 0.7213 0.6924 0.0186
vn 0.0221 0.9997 -0.0045
vn 0.0009 0.9999 -0.0142
vn 0.0056 0.9999 0.0154
vn 0.0232 0.9997 0.0008
vn 0.0243 0.6784 -0.7343
vn 0.0025 1.0000 0.0005
vn 0.0046 1.0000 -0.0060
vn 0.0008 1.0000 0.0011
vn 0.0021 0.9999 0.0167
vn -0.0016 1.0000 -0.0076
vn 0.0200 0.9996 0.0207
vn -0.0178 0.9995 0.0243
vn 0.1431 0.9837 -0.1086
vn 0.1488 0.9882 0.0365
vn -0.0151 0.9996 0.0224
vn 0.0712 0.9975 -0.0034
vn 0.0021 0.6464 -0.7630
vn -0.0545 0.9983 0.0207
vn -0.0060 0.9996 -0.0262
vn 0.0392 0.9972 -0.0638
vn 0.0931 0.9932 -0.0696
vn -0.0279 0.9934 0.1116
vn -0.1305 0.9913 0.0182
vn 0.0628 0.9961 -0.0620
vn 0.0250 0.9964 0.0815
vn 0.0397 0.9973 -0.0616
vn 0.1028 0.9945 0.0194
vn 0.0032 1.0000 -0.0005
vn 0.0278 0.9972 -0.0700
vn 0.0474 0.9955 0.0824
vn 0.2287 0.9655 -0.1245
vn 0.0088 0.9957 0.0925
vn 0.7422 0.6692 0.0354
vn -0.0131 0.9996 0.0232
vn 0.0702 0.9968 -0.0382
vn 0.0402 0.9984 -0.0388
vn -0.0106 0.9997 0.0222
vn -0.0179 0.9994 0.0313
vn 0.0265 0.9988 -0.0407
vn 0.0137 0.9996 -0.0240
vn -0.0012 0.9998 0.0178
vn 0.4047 0.6195 -0.6727
vn 0.3084 0.8154 -0.4899
vn 0.1288 0.8428 -0.5227
vn 0.4083 0.7391 -0.5357
vn -0.2562 0.6947 -0.6721
vn -0.1612 0.7733 -0.6132
vn -0.2994 0.6422 -0.7056
vn -0.0473 0.7883 -0.6135
vn 0.1616 -0.4021 -0.9012
vn -0.1445 0.3837 -0.9121
vn -0.4356 0.3485 -0.8299
vn -0.1541 0.4553 -0.8769
vn 0.3624 0.9316 0.0265
vn 0.3534 0.9081 0.2248
vn 0.2689 0.9604 0.0726
vn 0.4603 0.8740 0.1557
vn -0.0497 0.9784 -0.2005
vn -0.0246 0.9988 -0.0432
vn -0.1570 0.9702 -0.1845
vn 0.0932 0.9927 -0.0764
vn -0.1141 0.8631 -0.4920
vn -0.0874 0.9306 -0.3555
vn -0.1824 0.8645 -0.4683
vn 0.0062 0.9248 -0.3804
vn 0.5407 0.8189 0.1926
vn 0.5587 0.8109 0.1741
vn 0.5300 0.8022 0.2750
vn 0.6075 0.7481 0.2668
vn 0.7109 0.6596 0.2441
vn 0.7308 0.6006 0.3244
vn 0.6474 0.7235 0.2396
vn 0.7979 0.5075 0.3252
vn 0.7373 0.6719 -0.0698
vn 0.7289 0.6845 -0.0081
vn 0.6144 0.7867 -0.0601
vn 0.8309 0.5561 -0.0198
vn -0.1769 0.9602 -0.2162
vn -0.7152 0.4437 -0.5400
vn -0.1622 0.9842 -0.0707
vn -0.5865 0.3401 -0.7351
vn 0.0282 0.9808 0.1930
vn 0.0647 0.9962 -0.0577
vn -0.0399 0.9983 0.0423
vn -0.0897 0.9952 0.0379
vn 0.0565 0.6485 -0.7591
vn 0.0096 0.9994 0.0323
vn 0.0553 0.9979 0.0341
vn -0.1643 0.9791 -0.1197
vn -0.9348 0.3012 -0.1884
vn -0.8221 0.2343 -0.5190
vn -0.7909 0.2042 -0.5768
vn -0.9019 0.3052 -0.3058
vn -0.3443 0.9379 -0.0431
vn -0.5632 0.8042 -0.1898
vn -0.0834 0.9963 0.0217
vn -0.7501 0.6613 -0.0073
vn -0.0786 0.9884 0.1302
vn -0.1636 0.9852 -0.0511
vn -0.1008 0.9949 0.0030
vn -0.3356 0.9369 -0.0982
vn -0.4288 0.8059 -0.4081
vn -0.4255 0.8606 -0.2799
vn -0.5119 0.7711 -0.3787
vn -0.3505 0.8916 -0.2866
vn -0.6844 0.5579 -0.4694
vn -0.6823 0.5872 -0.4355
vn -0.7297 0.5276 -0.4349
vn -0.6370 0.6254 -0.4507
vn -0.6358 0.4193 -0.6480
vn -0.7152 0.4526 -0.5326
vn -0.7661 0.4190 -0.4873
vn -0.6086 0.5195 -0.5998
vn -0.0006 1.0000 -0.0008
vn -0.0398 0.9988 -0.0273
vn -0.0051 1.0000 0.0035
vn -0.0398 0.9983 -0.0436
vn -0.7127 0.6999 -0.0465
vn -0.7072 0.7021 -0.0828
vn -0.0654 0.9966 0.0501
vn -0.0332 0.9990 0.0298
vn -0.0210 0.9996 -0.0206
vn -0.0047 0.9999 0.0115
vn -0.7660 0.6426 -0.0173
vn -0.7592 0.6478 -0.0629
vn -0.1651 0.9855 -0.0379
vn -0.0839 0.9729 0.2153
vn -0.0578 0.9965 -0.0597
vn 0.1657 0.9862 -0.0014
vn 0.0138 0.9979 -0.0640
vn -0.0447 0.9990 -0.0069
vn -0.0478 0.9989 0.0014
vn -0.0957 0.9951 -0.0261
vn 0.0127 0.9997 0.0200
vn -0.0705 0.9975 -0.0003
vn -0.0876 0.9961 -0.0130
vn 0.1028 0.9944 -0.0253
vn -0.9089 0.3333 0.2507
vn -0.8006 0.4004 0.4458
vn -0.9001 0.2700 0.3419
vn -0.8211 0.4659 0.3297
vn -0.7171 0.6923 0.0806
vn 0.0041 1.0000 0.0041
vn -0.0634 0.9973 0.0375
vn -0.0532 0.9974 0.0482
vn 0.0053 1.0000 -0.0005
vn -0.7430 0.6692 0.0024
vn -0.7404 0.6721 0.0091
vn -0.0323 0.9977 0.0597
vn 0.0296 0.9992 -0.0250
vn 0.0077 0.9995 -0.0294
vn -0.0144 0.9983 0.0568
vn -0.7669 0.6375 0.0740
vn -0.7690 0.6379 0.0416
vn -0.1780 0.9699 0.1662
vn -0.2504 0.9680 0.0151
vn -0.0020 0.9995 0.0328
vn -0.0534 0.9986 0.0024
vn -0.0218 0.9994 0.0281
vn 0.0298 0.9987 0.0419
vn -0.0540 0.9985 -0.0091
vn 0.0071 0.9983 0.0575
vn -0.1111 0.9938 0.0053
vn -0.0010 0.9970 -0.0772
vn 0.0465 0.9981 -0.0400
vn -0.0558 0.9965 0.0617
vn 0.0114 0.9999 -0.0007
vn 0.0070 0.9999 0.0100
vn 0.0270 0.9996 -0.0052
vn 0.0052 0.9998 -0.0180
vn 0.3811 0.9233 -0.0481
vn 0.5995 0.6480 0.4698
vn 0.1384 0.9713 0.1933
vn 0.7690 0.5224 0.3684
vn 0.5304 0.7394 0.4147
vn 0.7021 0.6005 0.3826
vn 0.5972 0.7246 0.3440
vn 0.7481 0.4988 0.4378
vn 0.2625 0.9242 0.2774
vn 0.4610 0.8512 0.2507
vn 0.1173 0.9691 0.2170
vn 0.2928 0.8798 0.3745
vn 0.0030 0.9995 0.0311
vn 0.1670 0.9521 0.2561
vn -0.0928 0.9956 0.0139
vn 0.2037 0.9443 0.2586
vn 0.8118 0.4767 -0.3373
vn 0.9246 0.3768 0.0567
vn 0.9049 0.2742 -0.3254
vn 0.8824 0.4435 0.1572
vn 0.1506 0.9730 -0.1746
vn 0.2601 0.9244 -0.2791
vn 0.0804 0.9836 -0.1615
vn 0.4307 0.8410 -0.3274
vn 0.6015 0.7958 0.0697
vn 0.3012 0.9485 0.0981
vn 0.1018 0.9351 0.3396
vn 0.4252 0.9027 -0.0655
vn 0.0589 0.9961 0.0651
vn -0.0217 0.9994 -0.0268
vn 0.0899 0.9926 0.0821
vn 0.0056 0.9999 0.0126
vn 0.4164 0.9083 0.0395
vn 0.2237 0.9606 0.1647
vn 0.6615 0.7123 0.2346
vn 0.0708 0.9944 0.0786
vn 0.6636 0.7123 0.2287
vn 0.7358 0.6268 0.2563
vn 0.5722 0.8158 0.0842
vn 0.5014 0.8486 0.1687
vn 0.0031 1.0000 -0.0003
vn 0.0380 0.9992 0.0118
vn 0.0079 0.9998 -0.0180
vn -0.0066 0.9998 0.0170
vn 0.0639 0.9979 0.0099
vn -0.0291 0.9992 -0.0257
vn -0.0079 0.9973 0.0736
vn 0.0004 0.9998 -0.0218
vn 0.0123 0.9982 -0.0582
vn 0.0217 0.9949 0.0981
vn -0.0419 0.9991 0.0066
vn 0.1010 0.9948 0.0165
vn -0.0004 0.9999 0.0134
vn -0.0055 1.0000 -0.0075
vn 0.0164 0.9997 0.0162
vn -0.0054 0.9999 0.0113
vn -0.0110 0.9998 -0.0161
vn 0.0192 0.9993 0.0334
vn -0.0162 0.9998 -0.0139
vn 0.0128 0.9999 0.0036
vn 0.0284 0.9982 0.0521
vn -0.0118 0.9997 -0.0205
vn 0.0486 0.9985 0.0270
vn -0.0221 0.9995 -0.0239
vn 0.7151 0.6968 0.0554
vn -0.0005 0.9999 0.0111
vn -0.0020 1.0000 -0.0000
vn 0.0123 0.9999 0.0078
vn -0.0069 1.0000 -0.0005
vn 0.0076 1.0000 0.0021
vn 0.0068 1.0000 -0.0010
vn -0.0021 1.0000 0.0009
vn 0.0101 0.9999 -0.0030
vn -0.8849 0.4651 -0.0237
vn -0.8820 0.4691 0.0441
vn -0.9092 0.4163 0.0004
vn -0.8465 0.5323 -0.0102
vn -0.8026 0.5965 -0.0078
vn -0.8715 0.4582 0.1744
vn -0.5503 0.8262 0.1207
vn -0.9377 0.3467 0.0223
vn -0.7581 0.6369 -0.1402
vn -0.8993 0.4326 -0.0633
vn -0.5534 0.8193 -0.1502
vn -0.9227 0.3671 -0.1179
vn -0.7073 0.7069 -0.0123
vn -0.7436 0.6654 -0.0660
vn -0.8136 0.5814 0.0056
vn -0.6723 0.7350 -0.0879
vn -0.9732 0.2300 -0.0076
vn -0.9389 0.3226 0.1196
vn -0.9125 0.4084 -0.0258
vn -0.9350 0.3499 0.0576
vn -0.8438 0.4905 0.2176
vn -0.9374 0.3378 0.0844
vn -0.4887 0.8666 0.1007
vn -0.9327 0.3370 0.1284
vn -0.0210 0.9965 -0.0813
vn 0.0857 0.9776 -0.1921
vn 0.0405 0.9693 -0.2423
vn 0.0848 0.9713 -0.2223
vn -0.5621 0.8271 -0.0010
vn -0.5018 0.8576 -0.1125
vn -0.5786 0.8081 -0.1099
vn -0.5297 0.8478 -0.0272
vn -0.5557 0.8005 0.2243
vn -0.5624 0.7627 0.3194
vn -0.5839 0.7383 0.3375
vn -0.5109 0.8111 0.2848
vn -0.1261 0.9354 0.3303
vn -0.0558 0.9602 0.2736
vn -0.2084 0.9337 0.2912
vn -0.1064 0.9492 0.2961
vn -0.8667 0.4693 0.1692
vn -0.8021 0.5775 0.1518
vn -0.9159 0.3764 0.1395
vn -0.7606 0.6182 0.1985
vn -0.8931 0.2782 -0.3534
vn -0.9240 0.3542 -0.1442
vn -0.9252 0.3745 -0.0613
vn -0.8527 0.4346 -0.2899
vn 0.7166 0.6952 0.0565
vn -0.0091 0.9999 -0.0077
vn 0.0168 0.9997 -0.0158
vn 0.0138 0.9999 -0.0069
vn 0.0057 1.0000 0.0061
vn 0.0063 1.0000 -0.0013
vn 0.0411 0.9990 0.0156
vn 0.0246 0.9991 -0.0341
vn 0.0081 0.9995 0.0295
vn 0.0476 0.9975 -0.0516
vn 0.1081 0.9941 -0.0011
vn -0.0540 0.9960 -0.0710
vn 0.0684 0.9975 -0.0186
vn 0.7874 0.6146 0.0476
vn 0.8243 0.5211 -0.2212
vn 0.7318 0.6295 -0.2612
vn 0.6821 0.7305 -0.0326
vn 0.4109 0.8723 0.2653
vn 0.5114 0.7489 0.4216
vn 0.4076 0.8508 0.3316
vn 0.5645 0.7119 0.4178
vn 0.9223 0.3000 0.2438
vn 0.7883 0.4228 0.4470
vn 0.8217 0.2093 0.5301
vn 0.7554 0.4302 0.4943
vn 0.0023 0.9999 0.0119
vn 0.0060 1.0000 0.0018
vn 0.0067 1.0000 -0.0060
vn 0.0018 1.0000 -0.0012
vn -0.0005 0.9988 0.0480
vn -0.0364 0.9959 -0.0830
vn 0.0230 0.9987 -0.0458
vn -0.0165 0.9991 -0.0399
vn -0.0158 0.9996 -0.0234
vn -0.0244 0.9997 -0.0023
vn -0.0192 0.9998 0.0038
vn -0.0145 0.9997 -0.0193
vn -0.0126 0.9999 -0.0018
vn -0.0478 0.9987 -0.0161
vn -0.0379 0.9993 -0.0038
vn 0.0297 0.9980 -0.0550
vn -0.0382 0.9987 0.0322
vn -0.0142 0.9994 0.0307
vn -0.0188 0.9997 0.0166
vn 0.0014 0.9990 0.0455
vn -0.7608 0.6459 -0.0637
vn -0.7911 0.6042 0.0956
vn -0.8845 0.4292 0.1830
vn -0.6198 0.7769 -0.1109
vn 0.1712 0.9771 -0.1265
vn -0.1876 0.9781 0.0901
vn -0.2136 0.9556 0.2031
vn 0.1748 0.9805 -0.0898
vn 0.0394 0.9991 -0.0143
vn 0.0277 0.9988 -0.0401
vn -0.0200 0.9991 -0.0374
vn 0.0487 0.9975 -0.0510
vn 0.0730 0.6915 -0.7186
vn -0.0210 0.9995 0.0224
vn 0.0007 1.0000 0.0022
vn -0.0108 0.9999 -0.0121
vn -0.3678 0.7077 -0.6032
vn -0.4167 0.7705 -0.4824
vn -0.5007 0.6857 -0.5283
vn -0.3489 0.7748 -0.5271
vn -0.8298 0.1485 -0.5379
vn -0.7272 0.2177 -0.6510
vn -0.6228 0.2632 -0.7368
vn -0.7639 0.2873 -0.5779
vn -0.3161 0.7439 -0.5888
vn -0.0251 0.9989 0.0403
vn 0.1525 0.9876 -0.0380
vn -0.0126 0.9783 0.2070
vn 0.6323 0.6990 -0.3341
vn 0.5293 0.8333 0.1596
vn 0.5178 0.8410 0.1567
vn 0.5624 0.8200 -0.1064
vn 0.3034 0.9031 -0.3040
vn 0.3391 0.9316 -0.1307
vn 0.2159 0.9365 -0.2762
vn 0.3953 0.8998 -0.1849
vn -0.0770 -0.1898 -0.9788
vn 0.3621 0.4221 -0.8311
vn 0.4577 0.2974 -0.8379
vn 0.3136 0.3455 -0.8845
vn 0.7348 0.6775 0.0323
vn 0.0215 0.9998 -0.0028
vn 0.1165 0.9914 -0.0598
vn 0.1598 0.9848 -0.0681
vn 0.0094 0.9999 0.0082
vn 0.0092 0.6807 -0.7325
vn -0.0160 0.9997 0.0169
vn -0.0119 0.9996 -0.0275
vn 0.0057 0.9997 -0.0239
vn 0.7402 0.6723 -0.0039
vn -0.0440 0.6503 -0.7584
vn 0.0058 0.9923 -0.1237
vn 0.1332 0.9808 -0.1423
vn -0.0188 0.9940 -0.1082
vn 0.1324 -0.4193 -0.8981
vn -0.3179 0.3961 -0.8614
vn -0.4107 0.2392 -0.8798
vn -0.2089 0.3009 -0.9305
vn -0.0112 0.6815 -0.7318
vn -0.0021 0.9999 0.0165
vn -0.0132 0.9996 -0.0230
vn -0.1577 0.9870 0.0305
vn 0.1539 0.9868 -0.0510
vn 0.1566 0.9485 0.2753
vn 0.0558 0.9963 0.0658
vn 0.1160 0.9926 0.0356
vn -0.0023 0.9968 0.0801
vn -0.0313 0.9977 -0.0609
vn -0.0085 0.9992 -0.0395
vn -0.2448 0.9645 0.0988
vn 0.1545 0.9873 0.0363
vn 0.0540 0.9974 -0.0467
vn -0.0377 0.9987 0.0330
vn -0.0932 0.9956 0.0121
vn 0.7064 0.7065 0.0422
vn 0.0111 0.9998 0.0145
vn 0.0193 0.9984 0.0534
vn 0.0237 0.9997 -0.0110
vn -0.0023 1.0000 -0.0047
vn 0.5915 0.7749 0.2228
vn 0.4253 0.7283 0.5373
vn 0.5115 0.7675 0.3864
vn 0.3912 0.8835 0.2578
vn 0.7618 0.6462 0.0462
vn -0.4124 0.8959 -0.1652
vn -0.3906 0.9196 -0.0434
vn -0.4818 0.8628 -0.1528
vn -0.3096 0.9483 -0.0700
vn -0.2977 0.9546 -0.0068
vn -0.4592 0.8826 -0.1008
vn -0.4945 0.8451 -0.2033
vn 0.7743 0.6308 0.0505
vn 0.7356 0.6757 0.0479
vn 0.2230 0.9164 0.3325
vn 0.5485 0.7159 0.4319
vn 0.4826 0.8597 0.1675
vn -0.0045 0.9996 0.0269
vn 0.0196 0.9989 0.0436
vn 0.0418 0.9991 0.0037
vn 0.6940 0.7136 0.0957
vn 0.7118 0.7007 0.0482
vn -0.1184 0.9927 -0.0230
vn 0.0784 0.9969 -0.0045
vn -0.1241 0.9819 0.1428
vn -0.2977 0.9542 0.0293
vn -0.0199 0.9954 0.0935
vn 0.0239 0.9981 -0.0575
vn 0.1093 0.9181 0.3810
vn 0.0924 0.9705 0.2227
vn 0.0274 0.9994 -0.0193
vn -0.0639 0.9967 0.0506
vn 0.0570 0.9976 -0.0384
vn 0.0431 0.6707 -0.7405
vn -0.3237 0.3679 -0.8717
vn -0.3881 0.3659 -0.8459
vn 0.0740 -0.3010 -0.9507
vn -0.0347 0.9885 -0.1475
vn 0.3366 0.8707 -0.3586
vn -0.0978 0.6120 -0.7848
vn 0.7278 0.6854 0.0233
vn 0.6151 0.5506 -0.5643
vn 0.0252 0.9991 -0.0329
vn -0.0161 0.9999 -0.0058
vn 0.0056 0.6637 -0.7480
vn -0.0128 0.9998 0.0136
vn 0.1375 0.9883 -0.0664
vn 0.0723 0.9964 -0.0442
vn 0.7305 0.6824 0.0267
vn 0.7353 0.6765 0.0409
vn 0.2298 0.3930 -0.8904
vn 0.2512 0.4519 -0.8560
vn -0.1830 -0.4665 -0.8654
vn 0.4085 0.9092 -0.0805
vn 0.2310 0.9563 -0.1793
vn 0.1882 0.9189 -0.3467
vn 0.4509 0.8074 0.3804
vn 0.5880 0.8086 0.0219
vn 0.6002 0.7989 -0.0384
vn -0.1685 0.9850 -0.0367
vn 0.0438 0.9959 0.0796
vn -0.0776 0.5855 -0.8070
vn -0.8329 0.3093 -0.4589
vn -0.6683 0.1492 -0.7287
vn -0.7302 0.3856 -0.5641
vn -0.3585 0.8166 -0.4524
vn -0.4925 0.7106 -0.5025
vn -0.4720 0.6536 -0.5916
vn -0.0565 0.9980 0.0269
vn -0.0054 0.9998 0.0184
vn 0.0702 0.6916 -0.7188
vn 0.0983 0.9879 -0.1199
vn -0.0898 0.9960 -0.0046
vn 0.0019 0.9983 -0.0579
vn -0.0228 0.9929 0.1168
vn -0.1617 0.9857 0.0475
vn -0.0540 0.9985 -0.0109
vn -0.5298 0.8479 -0.0161
vn -0.8926 0.3531 0.2804
vn -0.8586 0.5061 0.0817
vn 0.0010 0.9979 0.0654
vn -0.0044 1.0000 0.0050
vn -0.0515 0.9981 0.0353
vn 0.0612 0.9958 -0.0676
vn -0.0632 0.9960 -0.0625
vn 0.0361 0.9993 -0.0022
vn -0.0235 0.9997 0.0111
vn -0.0496 0.9986 0.0164
vn -0.0160 0.9999 0.0034
vn -0.0214 0.9939 -0.1079
vn -0.0400 0.9991 0.0127
vn 0.0100 0.9945 0.1042
vn -0.0004 1.0000 0.0016
vn 0.0128 0.9999 0.0021
vn -0.0027 1.0000 0.0073
vn 0.8342 0.5357 0.1306
vn 0.6641 0.4081 0.6264
vn 0.9882 0.0964 0.1188
vn 0.5778 0.7330 0.3589
vn 0.4253 0.8380 0.3419
vn 0.4276 0.8745 0.2290
vn 0.6877 0.7129 -0.1376
vn 0.8228 0.4806 -0.3032
vn 0.7744 0.6188 0.1319
vn 0.0484 0.9988 -0.0104
vn -0.0458 0.9989 0.0048
vn -0.0307 0.9981 -0.0543
vn 0.0094 1.0000 -0.0026
vn 0.1039 0.9946 -0.0056
vn 0.0097 0.9991 0.0420
vn 0.0178 0.9998 0.0035
vn -0.0119 0.9999 -0.0040
vn 0.0014 0.9999 0.0115
vn 0.7178 0.6938 0.0576
vn 0.7233 0.6885 0.0529
vn -0.8847 0.4620 -0.0613
vn -0.8941 0.3337 -0.2987
vn -0.8776 0.3292 -0.3485
vn -0.6748 0.7018 0.2283
vn -0.9025 0.4221 0.0853
vn -0.9069 0.3852 0.1706
vn -0.0528 0.9573 0.2842
vn -0.1576 0.9659 0.2055
vn -0.2497 0.9252 0.2856
vn -0.4264 0.8462 0.3196
vn -0.5733 0.7451 0.3408
vn -0.6611 0.7198 0.2118
vn -0.4574 0.8863 -0.0718
vn -0.5752 0.8137 -0.0840
vn -0.6081 0.7933 -0.0298
vn 0.1444 0.9765 -0.1600
vn 0.0137 0.9807 -0.1952
vn 0.1210 0.9879 -0.0971
vn -0.9669 0.2524 0.0387
vn -0.5730 0.8185 0.0423
vn -0.4028 0.9101 0.0972
vn -0.9209 0.3881 0.0363
vn -0.9384 0.3296 0.1042
vn -0.8349 0.5479 -0.0527
vn -0.6761 0.7201 -0.1560
vn -0.7882 0.6123 0.0614
vn -0.8397 0.5418 -0.0353
vn -0.9422 0.3037 -0.1412
vn -0.5872 0.7887 -0.1820
vn -0.3716 0.9015 0.2218
vn -0.9000 0.4078 0.1541
vn -0.5111 0.8571 0.0650
vn -0.3474 0.8858 0.3076
vn -0.8392 0.5434 0.0199
vn -0.9031 0.4221 0.0793
vn -0.9252 0.3789 -0.0197
vn 0.0066 1.0000 0.0015
vn -0.0046 1.0000 -0.0053
vn 0.0109 0.9999 0.0048
vn -0.0085 1.0000 -0.0013
vn 0.0037 1.0000 0.0090
vn 0.0103 0.9999 -0.0005
vn 0.7115 0.7002 0.0592
vn 0.7159 0.6960 0.0558
vn -0.0138 0.9999 -0.0100
vn 0.0544 0.9983 -0.0219
vn -0.0016 0.9998 0.0180
vn -0.0008 1.0000 0.0041
vn 0.0056 0.9999 0.0128
vn -0.0031 1.0000 0.0075
vn -0.0002 1.0000 0.0008
vn 0.0096 1.0000 0.0011
vn 0.0037 1.0000 0.0038
vn 0.0097 0.9976 0.0686
vn -0.0100 0.9987 -0.0510
vn 0.0179 0.9964 0.0825
vn 0.0550 0.9977 0.0390
vn -0.0394 0.9991 0.0131
vn 0.0158 0.9987 0.0483
vn -0.0048 0.9999 0.0111
vn 0.0061 0.9998 0.0169
vn 0.0432 0.9991 0.0007
vn 0.3038 0.9471 0.1033
vn 0.6803 0.7273 0.0910
vn 0.5159 0.8373 0.1813
vn -0.0577 0.9981 0.0204
vn 0.5870 0.7902 0.1760
vn 0.7749 0.5086 0.3753
vn 0.0134 0.9999 -0.0028
vn 0.0973 0.9951 0.0202
vn 0.0270 0.9968 0.0758
vn 0.4270 0.8959 -0.1225
vn 0.1049 0.9566 0.2719
vn 0.1320 0.9495 0.2848
vn 0.4938 0.7943 -0.3540
vn 0.0272 0.9858 -0.1655
vn 0.1876 0.9776 -0.0956
vn 0.9182 0.2909 0.2690
vn 0.9546 0.2724 -0.1203
vn 0.8580 0.2665 -0.4392
vn 0.2285 0.9292 0.2903
vn -0.0833 0.9931 0.0822
vn -0.1081 0.9941 -0.0042
vn 0.3204 0.8532 0.4117
vn 0.1685 0.9654 0.1989
vn 0.0496 0.9763 0.2105
vn 0.7609 0.4658 0.4517
vn 0.5635 0.7792 0.2744
vn 0.5430 0.7513 0.3751
vn 0.8403 0.3155 0.4407
vn 0.1795 0.8461 0.5019
vn 0.0586 0.9976 -0.0356
vn 0.0067 1.0000 0.0019
vn -0.0061 0.9996 0.0291
vn 0.0434 0.9989 -0.0149
vn -0.0153 0.9998 0.0096
vn 0.0612 0.9980 0.0126
vn -0.0637 0.9980 -0.0059
vn 0.0378 0.9993 0.0015
vn -0.0448 0.9987 0.0250
vn -0.0203 0.9973 0.0713
vn -0.0016 0.9975 0.0713
vn -0.0458 0.9989 -0.0044
vn -0.0068 0.9986 0.0518
vn -0.7454 0.6637 0.0613
vn -0.7651 0.6414 0.0560
vn 0.0186 0.9998 0.0075
vn 0.0145 0.9999 -0.0069
vn -0.0359 0.9994 0.0020
vn -0.7560 0.6545 0.0133
vn -0.7528 0.6578 0.0256
vn -0.0486 0.9981 0.0384
vn -0.0087 0.9999 -0.0108
vn -0.0067 0.9990 0.0441
vn -0.7235 0.6826 0.1027
vn -0.8053 0.4491 0.3870
vn -0.8368 0.3387 0.4302
vn -0.9276 0.2380 0.2878
vn 0.0720 0.9965 -0.0413
vn -0.0551 0.9984 -0.0129
vn -0.1214 0.9917 0.0425
vn 0.0477 0.9983 0.0326
vn -0.0775 0.9966 0.0290
vn 0.1061 0.9927 -0.0566
vn 0.1115 0.9933 0.0289
vn -0.1088 0.9809 0.1614
vn -0.0443 0.9727 -0.2280
vn -0.7487 0.6616 -0.0411
vn -0.7614 0.6482 -0.0010
vn 0.0522 0.9974 -0.0500
vn -0.0762 0.9960 0.0474
vn -0.0106 0.9987 -0.0498
vn -0.7218 0.6911 -0.0381
vn -0.7155 0.6963 -0.0574
vn -0.0381 0.9992 -0.0099
vn -0.0136 0.9996 -0.0234
vn -0.0031 1.0000 0.0024
vn -0.6009 0.5543 -0.5759
vn -0.7754 0.3685 -0.5128
vn -0.6439 0.4401 -0.6258
vn -0.6183 0.6683 -0.4136
vn -0.8197 0.5031 -0.2738
vn -0.6744 0.4354 -0.5963
vn -0.3390 0.9141 -0.2225
vn -0.5030 0.7982 -0.3315
vn -0.5067 0.7493 -0.4264
vn -0.4220 0.9066 0.0057
vn -0.0785 0.9966 -0.0245
vn -0.1655 0.9629 0.2131
vn -0.8558 0.4180 -0.3046
vn -0.2440 0.9576 -0.1533
vn -0.0406 0.9972 -0.0623
vn -0.7867 0.3180 -0.5291
vn -0.9120 0.2220 -0.3448
vn -0.9102 0.2741 -0.3105
vn -0.0528 0.9969 0.0578
vn -0.0605 0.9982 0.0031
vn 0.1977 0.8010 -0.5651
vn -0.1687 0.9801 0.1046
vn 0.0731 0.9772 -0.1992
vn -0.2178 0.9751 -0.0419
vn -0.6198 0.2410 -0.7469
vn -0.3361 0.9181 -0.2102
vn -0.1269 0.9816 -0.1428
vn 0.8252 0.5629 -0.0457
vn 0.6162 0.7874 -0.0172
vn 0.6110 0.7636 -0.2088
vn 0.7847 0.4922 0.3769
vn 0.6261 0.7026 0.3381
vn 0.6332 0.7594 0.1493
vn 0.6079 0.7684 0.2003
vn 0.4900 0.8441 0.2176
vn 0.5965 0.7651 0.2424
vn 0.0311 0.9548 -0.2957
vn -0.1803 0.9023 -0.3917
vn -0.2020 0.8282 -0.5228
vn 0.0749 0.9971 0.0124
vn -0.1535 0.9822 -0.1086
vn -0.1598 0.9501 -0.2680
vn 0.5087 0.8323 0.2203
vn 0.3204 0.9303 0.1785
vn 0.2714 0.9616 -0.0398
vn 0.1227 0.4459 -0.8866
vn -0.3354 0.2833 -0.8985
vn -0.1719 -0.2521 -0.9523
vn -0.0401 0.7969 -0.6028
vn -0.2049 0.7109 -0.6728
vn -0.3669 0.6132 -0.6995
vn 0.4054 0.7637 -0.5024
vn 0.1314 0.8447 -0.5188
vn 0.1540 0.6956 -0.7017
vn 0.0113 0.9999 -0.0127
vn 0.0297 0.9990 -0.0346
vn -0.0157 0.9999 0.0031
vn -0.0124 0.9999 0.0089
vn 0.0947 0.9921 -0.0821
vn 0.0053 1.0000 -0.0043
vn 0.7434 0.6677 0.0384
vn 0.7305 0.6821 0.0347
vn -0.0279 0.9813 0.1903
vn 0.1782 0.9389 0.2946
vn 0.0946 0.9522 -0.2904
vn 0.0311 0.9995 0.0035
vn 0.0766 0.9946 -0.0699
vn 0.1151 0.9890 0.0934
vn -0.0381 0.9971 0.0662
vn -0.0517 0.9959 0.0741
vn -0.1104 0.9939 -0.0007
vn 0.0443 0.9975 -0.0545
vn 0.0387 0.9991 -0.0153
vn -0.0308 0.6563 -0.7539
vn 0.0943 0.9955 -0.0085
vn -0.0198 0.9998 -0.0009
vn 0.1395 0.9827 -0.1215
vn 0.0029 1.0000 -0.0038
vn -0.0020 0.9999 -0.0119
vn 0.0204 0.9993 0.0326
vn 0.0181 0.9998 0.0017
vn -0.0040 0.9998 0.0177
vn 0.0297 0.6627 -0.7483
vn 0.0525 0.9983 -0.0247
vn -0.0133 0.9991 0.0399
vn 0.0392 0.9986 -0.0344
vn 0.7144 0.6994 0.0218
vn 0.7288 0.6844 0.0206
vn 0.4880 0.6026 -0.6315
vn 0.1851 0.5255 -0.8304
vn -0.2663 -0.4886 -0.8309
vn 0.6385 0.6531 -0.4072
vn 0.5141 0.6781 -0.5254
vn 0.5340 0.6321 -0.5615
vn 0.6148 0.7689 -0.1756
vn 0.6580 0.7506 -0.0601
vn 0.5673 0.5959 -0.5684
vn -0.3673 0.3233 -0.8721
vn -0.4277 0.7390 -0.5205
vn 0.2658 0.7802 -0.5663
vn -0.6576 0.3643 -0.6594
vn -0.7144 0.2966 -0.6337
vn -0.6805 0.2201 -0.6989
vn -0.3553 0.6653 -0.6566
vn -0.3799 0.5409 -0.7504
vn -0.5312 0.4043 -0.7446
vn -0.0547 0.9985 -0.0019
vn 0.0525 0.9966 -0.0635
vn 0.0774 0.6720 -0.7365
vn 0.0107 0.9990 0.0432
vn 0.0057 0.9983 -0.0588
vn -0.1055 0.9939 0.0320
vn -0.0882 0.9881 -0.1261
vn 0.0057 0.9988 -0.0495
vn -0.0111 0.9998 0.0176
vn -0.1213 0.9660 0.2285
vn -0.1789 0.9837 0.0165
vn -0.3735 0.9242 -0.0794
vn -0.0065 0.9992 0.0384
vn 0.0062 0.9997 0.0235
vn -0.0039 0.9997 0.0232
vn -0.0496 0.9977 0.0472
vn -0.0395 0.9976 -0.0563
vn -0.1735 0.9825 0.0681
vn -0.0005 1.0000 -0.0005
vn 0.0650 0.9975 0.0280
vn -0.0295 0.9996 0.0025
vn 0.1214 0.9778 -0.1710
vn -0.0582 0.9980 -0.0240
vn -0.0081 0.9999 -0.0094
vn -0.0023 1.0000 0.0023
vn -0.0046 1.0000 -0.0027
vn 0.0586 0.9980 -0.0253
vn 0.3613 0.9193 -0.1563
vn 0.4517 0.8920 0.0167
vn 0.3740 0.8249 0.4239
vn 0.7180 0.5048 0.4793
vn 0.5731 0.5603 0.5980
vn 0.6208 0.7208 0.3083
vn 0.4875 0.8456 0.2176
vn 0.6504 0.6416 0.4066
vn 0.0337 0.9994 -0.0010
vn 0.2423 0.9569 0.1602
vn 0.5168 0.7654 0.3836
vn -0.0324 0.9969 0.0714
vn -0.0389 0.9989 0.0268
vn -0.0479 0.9969 0.0620
vn -0.0044 0.9998 0.0175
vn 0.0016 1.0000 -0.0013
vn -0.0269 0.9996 0.0084
vn 0.7307 0.6807 0.0512
vn 0.7383 0.6733 0.0391
vn -0.6551 0.7341 -0.1788
vn -0.7353 0.6261 -0.2594
vn -0.7739 0.5470 -0.3193
vn -0.5398 0.8370 0.0899
vn -0.7570 0.6508 0.0582
vn -0.7879 0.6099 -0.0853
vn -0.1495 0.9533 0.2622
vn -0.3556 0.9265 0.1232
vn -0.4136 0.9104 0.0091
vn -0.2110 0.9720 0.1035
vn -0.6154 0.7864 -0.0532
vn -0.6482 0.7115 -0.2714
vn 0.0157 0.9999 -0.0054
vn 0.1030 0.9925 -0.0659
vn 0.0123 0.9984 0.0550
vn 0.4008 0.8797 0.2560
vn 0.6261 0.6134 0.4814
vn -0.0654 0.9978 -0.0118
vn 0.0039 1.0000 -0.0013
vn 0.0268 0.9974 0.0670
vn -0.0439 0.9922 -0.1164
vn 0.0844 0.9963 0.0170
vn -0.0668 0.9953 0.0702
vn -0.2720 0.9608 0.0539
vn -0.0311 0.9981 -0.0541
vn 0.1074 0.9916 -0.0727
vn 0.0901 0.6449 -0.7589
vn -0.1846 0.5350 -0.8244
vn -0.5496 0.3638 -0.7521
vn 0.3443 -0.1180 -0.9314
vn 0.1302 0.9910 -0.0315
vn 0.5169 0.7221 -0.4597
vn -0.3246 0.1603 -0.9322
vn 0.0007 0.9998 0.0184
vn 0.0036 0.6834 -0.7300
vn -0.0154 0.9997 0.0170
vn -0.0224 0.9990 0.0377
vn -0.0012 0.6649 -0.7469
vn 0.1478 0.9826 -0.1126
vn -0.0004 0.9995 0.0322
vn 0.0318 0.9836 -0.1776
vn 0.0070 0.9999 -0.0121
vn 0.0161 0.9994 0.0300
vn 0.3556 0.6292 -0.6911
vn -0.0940 0.7430 -0.6626
vn -0.1316 -0.4625 -0.8768
vn 0.4175 0.9048 0.0837
vn 0.0794 0.9895 -0.1208
vn -0.0195 0.8888 -0.4579
vn 0.6206 0.7596 0.1947
vn 0.8003 0.5198 0.2987
vn 0.7367 0.6560 0.1638
vn -0.5160 0.6659 -0.5388
vn 0.2191 0.9756 -0.0100
vn -0.2776 0.5073 -0.8158
vn -0.8133 0.3284 -0.4803
vn -0.6176 0.7307 -0.2910
vn 0.0503 0.8994 -0.4343
vn -0.3431 0.8668 -0.3618
vn -0.6647 0.6177 -0.4203
vn -0.6321 0.4601 -0.6235
vn -0.0169 0.9997 -0.0194
vn -0.7068 0.7055 -0.0519
vn -0.5420 0.5747 -0.6131
vn -0.1134 0.9900 0.0840
vn -0.7363 0.6762 -0.0226
vn -0.7362 0.6761 -0.0308
vn -0.0570 0.9954 0.0772
vn -0.0182 0.9930 -0.1163
vn -0.0809 0.9949 0.0607
vn -0.8567 0.4477 0.2561
vn -0.7106 0.6996 0.0748
vn -0.0427 0.9989 0.0204
vn -0.7831 0.6219 0.0096
vn -0.7661 0.6418 -0.0342
vn -0.0216 0.9995 0.0247
vn -0.7459 0.6615 0.0775
vn -0.7688 0.6377 0.0476
vn -0.0633 0.9980 0.0009
vn -0.0075 0.9988 -0.0493
vn 0.0921 0.9956 0.0197
vn -0.0004 1.0000 0.0087
vn 0.7186 0.6938 -0.0466
vn 0.6649 0.5876 0.4612
vn 0.2690 0.9064 0.3258
vn 0.1882 0.9761 0.1086
vn 0.7319 0.6523 -0.1971
vn 0.4261 0.8886 -0.1698
vn 0.4401 0.8979 -0.0098
vn 0.0066 0.9998 0.0176
vn 0.1544 0.9879 -0.0155
vn 0.6107 0.7548 0.2394
vn 0.0004 1.0000 -0.0026
vn -0.0443 0.9988 -0.0200
vn 0.1166 0.9903 -0.0753
vn -0.0078 1.0000 0.0057
vn 0.0410 0.9989 0.0229
vn 0.0105 0.9999 -0.0012
vn 0.0024 1.0000 0.0073
vn 0.0013 1.0000 0.0007
vn -0.8395 0.5360 -0.0886
vn -0.9566 0.2875 -0.0480
vn -0.9165 0.3214 -0.2383
vn -0.6265 0.7794 -0.0022
vn -0.9462 0.3234 0.0082
vn -0.8979 0.3831 0.2166
vn 0.0814 0.9931 -0.0845
vn -0.6102 0.7911 0.0433
vn -0.5285 0.7979 0.2899
vn -0.1384 0.9272 0.3480
vn -0.8092 0.5601 0.1773
vn -0.8499 0.4109 -0.3299
vn 0.0038 1.0000 -0.0016
vn -0.0553 0.9970 0.0542
vn 0.0759 0.9970 -0.0120
vn 0.6637 0.7445 0.0719
vn 0.5381 0.7405 0.4026
vn 0.8692 0.4139 0.2705
vn 0.0038 1.0000 0.0082
vn -0.0233 0.9996 -0.0136
vn 0.0331 0.9983 -0.0471
vn -0.0938 0.9918 0.0863
vn 0.0074 0.9999 -0.0138
vn -0.6917 0.7008 -0.1747
vn 0.1811 0.9809 -0.0704
vn 0.0028 1.0000 0.0095
vn 0.0667 0.6726 -0.7370
vn -0.3053 0.7435 -0.5950
vn -0.8486 0.2463 -0.4682
vn 0.1728 0.7387 -0.6515
vn 0.5529 0.6687 -0.4971
vn 0.3835 0.8788 -0.2841
vn -0.0409 -0.3453 -0.9376
vn 0.0221 0.9997 -0.0049
vn 0.0196 0.6994 -0.7144
vn -0.0503 0.6477 -0.7602
vn 0.0202 -0.4606 -0.8874
vn 0.0761 0.8119 -0.5788
vn 0.1615 0.9839 -0.0771
vn -0.2010 0.9701 0.1359
vn 0.0482 0.9949 -0.0891
vn 0.0222 0.9997 0.0079
vn 0.5210 0.8533 0.0191
vn -0.3154 0.9419 -0.1151
vn 0.2362 -0.9635 0.1258
vn -0.1209 -0.9854 0.1199
vn 0.2003 -0.9778 0.0618
vn -0.2410 -0.9703 0.0222
vn -0.0006 -0.9999 0.0116
vn 0.6633 -0.7005 -0.2633
vn 0.3112 -0.8791 -0.3611
vn -0.0196 -0.9976 0.0664
vn -0.5508 -0.7340 -0.3973
vn 0.3043 -0.7586 0.5761
vn 0.7584 -0.4858 0.4345
vn 0.0379 -0.9981 -0.0488
vn 0.0119 -0.9999 0.0094
vn -0.8736 -0.4605 0.1572
vn -0.0057 -1.0000 -0.0024
vn 0.1029 -0.9940 -0.0361
vn -0.0024 -1.0000 -0.0005
vn 0.5733 -0.8039 0.1581
vn 0.1142 -0.9912 -0.0666
vn -0.3229 -0.9250 0.2004
vn -0.0202 -0.9998 -0.0071
vn -0.4703 -0.7754 0.4213
vn 0.6432 -0.2792 0.7130
vn 0.0736 -0.9968 -0.0308
vn 0.0331 -0.9989 -0.0321
vn -0.5759 -0.7965 -0.1839
vn -0.0104 -0.9999 0.0118
vn 0.7728 -0.6273 -0.0966
vn 0.1901 -0.9715 -0.1419
vn 0.0222 -0.9993 0.0305
vn -0.2360 -0.9589 -0.1574
vn 0.3607 -0.4931 0.7917
vn -0.2134 -0.9738 -0.0784
vn 0.8315 -0.0835 0.5492
vn 0.0572 -0.9982 -0.0160
vn 0.0181 -0.9984 -0.0528
vn -0.0749 -0.7330 0.6761
vn -0.9003 -0.3875 0.1981
vn -0.0079 -0.9999 -0.0068
vn 0.1337 -0.9902 -0.0392
vn 0.7672 -0.3658 0.5270
vn 0.0541 -0.9976 -0.0438
vn 0.8480 -0.5192 -0.1064
vn 0.1131 -0.9932 0.0289
vn -0.1237 -0.9893 0.0774
vn 0.0880 -0.9787 -0.1857
vn 0.0368 -0.9983 -0.0445
vn -0.6821 -0.7062 -0.1897
vn 0.2712 -0.8877 0.3720
vn 0.5661 -0.7559 0.3289
vn -0.0151 -0.9998 -0.0103
vn -0.0155 -0.9998 -0.0154
vn -0.0370 -0.9993 0.0112
vn -0.0028 -1.0000 -0.0043
vn 0.0380 -0.9984 0.0422
vn -0.0098 -0.9948 0.1014
vn 0.1374 -0.9901 0.0291
vn -0.0332 -0.9983 0.0483
vn -0.4043 -0.8764 -0.2616
vn -0.0334 -0.9988 0.0355
vn 0.0240 -0.9996 -0.0174
vn -0.0424 -0.9931 0.1094
vn -0.0311 -0.9994 0.0134
vn -0.3225 -0.5110 0.7968
vn -0.5061 -0.8618 -0.0345
vn -0.0373 -0.8659 0.4989
vn -0.7172 -0.6929 0.0741
vn 0.7246 -0.6658 0.1780
vn 0.7410 -0.3537 0.5708
vn 0.2832 -0.9507 0.1262
vn 0.5694 -0.5147 0.6410
vn 0.0862 -0.9958 -0.0325
vn -0.0981 -0.9915 0.0851
vn 0.0088 -0.9999 0.0072
vn 0.0488 -0.9949 0.0881
vn 0.4994 -0.6548 0.5673
vn 0.1080 -0.7538 0.6482
vn -0.0570 -0.9966 0.0599
vn 0.0349 -0.9994 -0.0010
vn 0.0675 -0.9976 0.0120
vn 0.1111 -0.9710 -0.2118
vn -0.0546 -0.7208 0.6910
vn -0.5195 -0.3853 0.7626
vn -0.7671 -0.4607 -0.4465
vn -0.7452 -0.6629 0.0724
vn -0.3483 -0.9033 -0.2504
vn -0.4179 -0.8793 -0.2286
vn -0.0011 -1.0000 0.0070
vn -0.0096 -0.9999 0.0123
vn 0.0239 -0.9997 -0.0062
vn -0.0078 -0.9999 -0.0088
vn 0.8272 -0.5553 0.0859
vn 0.5549 -0.8112 -0.1846
vn 0.8971 -0.3817 -0.2224
vn 0.4818 -0.8620 -0.1579
vn 0.4630 -0.8753 -0.1395
vn 0.9299 -0.3677 -0.0101
vn 0.9396 -0.3399 -0.0393
vn -0.0094 -1.0000 0.0033
vn -0.0168 -0.9998 -0.0135
vn 0.0085 -0.9991 -0.0418
vn 0.0520 -0.9985 -0.0176
vn -0.6267 -0.7435 0.2334
vn -0.3656 -0.8724 -0.3246
vn -0.4806 -0.6497 -0.5890
vn -0.0712 -0.7335 0.6759
vn 0.0233 -0.9994 0.0269
vn 0.0298 -0.9995 -0.0047
vn 0.0826 -0.9961 0.0313
vn 0.0237 -0.7016 0.7122
vn 0.9234 -0.1992 0.3282
vn -0.0731 -0.9973 0.0072
vn 0.0276 -0.9996 0.0012
vn 0.0040 -1.0000 -0.0022
vn 0.5562 -0.6681 0.4943
vn 0.8116 -0.4950 0.3103
vn 0.0502 -0.9953 -0.0829
vn -0.7513 -0.6410 -0.1567
vn -0.1662 -0.9770 0.1336
vn 0.1531 -0.3932 0.9066
vn -0.0215 -0.9997 0.0099
vn 0.1052 -0.9876 -0.1165
vn -0.0313 -0.9987 0.0405
vn -0.0294 -0.9995 0.0105
vn -0.5061 -0.5776 0.6404
vn 0.4041 -0.3551 0.8430
vn 0.0574 -0.9983 -0.0044
vn 0.0197 -0.8890 0.4575
vn 0.2007 -0.7809 0.5916
vn -0.0205 -0.9959 -0.0878
vn -0.0292 -0.6620 0.7489
vn -0.0657 -0.7686 0.6363
vn -0.4762 -0.7823 -0.4016
vn -0.0211 -0.9986 -0.0489
vn 0.5230 -0.8482 0.0833
vn 0.1895 -0.9819 0.0074
vn -0.0107 -0.9998 0.0152
vn 0.2345 -0.3126 0.9205
vn -0.0292 -0.9993 -0.0212
vn 0.3190 -0.1959 0.9273
vn -0.0690 -0.9936 0.0898
vn -0.1932 -0.9788 -0.0680
vn 0.0037 -0.9999 -0.0163
vn -0.2908 -0.9316 0.2183
vn -0.0003 -0.9998 -0.0181
vn 0.1288 -0.9910 0.0356
vn 0.8045 -0.5633 -0.1882
vn 0.9355 -0.3097 -0.1701
vn 0.0584 -0.9976 -0.0372
vn -0.0145 -0.9973 0.0724
vn 0.3715 -0.8109 -0.4522
vn 0.0324 -0.9991 0.0262
vn -0.6961 -0.5062 -0.5091
vn 0.2586 -0.8220 0.5074
vn 0.7468 -0.5710 0.3409
vn -0.1139 -0.9890 0.0943
vn 0.0078 -0.9996 0.0286
vn -0.1421 -0.9892 -0.0370
vn 0.0025 -1.0000 0.0065
vn 0.0743 -0.9972 -0.0058
vn 0.0431 -0.9969 -0.0652
vn 0.4397 -0.8973 0.0397
vn -0.1164 -0.9905 0.0736
vn 0.5751 0.7275 0.3742
vn 0.0122 -0.9999 -0.0018
vn -0.0170 -0.9995 0.0253
vn -0.1386 -0.9838 0.1133
vn 0.0249 -0.9995 -0.0175
vn -0.1101 -0.2955 0.9490
vn -0.4982 -0.8569 0.1324
vn 0.1288 -0.8142 0.5661
vn -0.6792 -0.6960 0.2330
vn -0.0018 -0.9885 0.1510
vn 0.7886 -0.3946 0.4717
vn -0.1071 -0.9894 0.0978
vn 0.6346 -0.4011 0.6606
vn -0.0295 -0.9976 0.0621
vn 0.0292 -0.9994 0.0202
vn -0.0285 -0.9994 0.0180
vn 0.3793 -0.9105 0.1646
vn -0.0329 -0.9995 0.0040
vn 0.1388 -0.9858 -0.0949
vn 0.0348 -0.9973 0.0648
vn 0.0382 -0.9950 0.0919
vn 0.0015 -1.0000 0.0044
vn -0.6506 -0.7205 -0.2402
vn -0.6625 -0.6066 -0.4395
vn -0.5631 -0.8256 -0.0367
vn -0.9004 -0.4305 0.0622
vn -0.5581 -0.7925 -0.2458
vn 0.0415 -0.9977 -0.0536
vn -0.0151 -0.9998 -0.0126
vn -0.0221 -0.9987 -0.0460
vn -0.0097 -0.9999 -0.0046
vn 0.7313 -0.5947 0.3340
vn 0.6473 -0.7150 -0.2641
vn 0.8196 -0.5300 -0.2178
vn 0.6406 -0.7457 -0.1833
vn 0.1548 -0.9701 -0.1870
vn 0.0837 -0.9943 -0.0654
vn -0.3495 -0.8911 -0.2895
vn 0.1883 -0.6197 0.7619
vn 0.9164 -0.2750 0.2908
vn -0.0060 -0.9973 -0.0727
vn 0.0415 -0.9975 -0.0568
vn -0.8525 -0.2646 0.4507
vn -0.0015 -1.0000 0.0029
vn 0.0141 -0.9999 -0.0091
vn 0.0016 -0.9997 0.0225
vn 0.7646 -0.6407 0.0698
vn 0.0816 -0.9954 0.0495
vn 0.0257 -0.9990 -0.0378
vn -0.1874 -0.9647 0.1851
vn -0.1365 -0.9898 0.0403
vn -0.5832 -0.8039 -0.1163
vn 0.2617 -0.9361 0.2352
vn 0.4131 -0.8813 0.2293
vn -0.0148 -0.9999 -0.0001
vn 0.0057 -0.9997 0.0253
vn 0.1672 -0.9854 0.0334
vn 0.1019 -0.9854 -0.1366
vn -0.1265 -0.9860 0.1088
vn 0.0139 -0.9704 -0.2409
vn -0.3832 -0.9114 -0.1502
vn 0.0224 -0.9995 -0.0224
vn -0.1241 -0.9885 0.0864
vn -0.0118 -0.9998 0.0170
vn -0.5146 -0.6994 0.4960
vn -0.4850 -0.8379 -0.2503
vn -0.2964 -0.8635 0.4079
vn -0.6219 -0.7511 0.2216
vn 0.7191 -0.1723 0.6732
vn 0.8541 -0.2659 0.4470
vn 0.8885 -0.2825 0.3617
vn 0.3391 -0.6448 0.6850
vn 0.0213 -0.9990 0.0383
vn 0.0970 -0.9925 -0.0743
vn 0.0043 -1.0000 -0.0002
vn -0.0251 -0.9887 0.1475
vn -0.0360 -0.9992 -0.0172
vn -0.0003 -0.9981 -0.0623
vn -0.0114 -0.9986 0.0508
vn -0.0817 -0.9964 -0.0234
vn -0.7467 -0.5331 -0.3979
vn -0.8353 -0.3741 -0.4028
vn -0.7847 -0.4709 -0.4031
vn -0.0148 -0.9993 0.0357
vn -0.0103 -0.9999 0.0007
vn 0.0028 -0.9999 -0.0105
vn -0.0162 -0.9999 0.0028
vn 0.8161 -0.5775 0.0200
vn 0.6791 -0.7295 0.0818
vn 0.8736 -0.4637 -0.1478
vn 0.2008 -0.9423 -0.2678
vn 0.3877 -0.8663 -0.3149
vn 0.2948 -0.9394 0.1752
vn 0.5340 -0.8066 -0.2534
vn 0.0800 -0.9841 -0.1588
vn 0.9429 -0.3098 -0.1225
vn 0.9170 -0.3915 -0.0767
vn 0.9627 -0.2687 0.0330
vn 0.7459 -0.6586 -0.0991
vn 0.8822 -0.4706 -0.0136
vn 0.9355 -0.3520 -0.0318
vn 0.7998 -0.5970 -0.0628
vn 0.8727 -0.4479 0.1942
vn -0.0078 -1.0000 -0.0024
vn -0.0010 -1.0000 0.0024
vn 0.0001 -1.0000 -0.0014
vn -0.0184 -0.9998 0.0119
vn -0.0116 -0.9999 0.0032
vn -0.0023 -1.0000 0.0095
vn 0.0027 -0.9997 -0.0244
vn -0.0517 -0.9961 0.0719
vn -0.0208 -0.9990 -0.0408
vn -0.0813 -0.9954 -0.0508
vn -0.0141 -0.9999 -0.0050
vn -0.0630 -0.9980 0.0043
vn -0.0189 -0.9975 0.0680
vn -0.6207 -0.7627 -0.1816
vn -0.1090 -0.9924 -0.0563
vn -0.7291 -0.6506 0.2123
vn -0.6833 -0.5961 0.4216
vn -0.0172 -0.9947 -0.1018
vn -0.8085 -0.5175 0.2802
vn -0.3407 -0.8958 -0.2854
vn -0.3985 -0.8436 -0.3600
vn -0.2423 -0.9237 -0.2968
vn -0.4982 -0.7682 -0.4021
vn 0.6300 0.4168 -0.6552
vn -0.8461 -0.2967 0.4428
vn -0.9986 0.0218 0.0480
vn -0.0063 -0.9998 0.0163
vn -0.0668 -0.7436 0.6652
vn -0.0659 -0.7187 0.6922
vn 0.0062 -0.9998 -0.0168
vn -0.0620 -0.9950 -0.0786
vn -0.0319 -0.9990 0.0328
vn 0.1236 -0.9923 -0.0047
vn 0.0417 -0.9988 -0.0244
vn 0.0284 -0.9996 0.0090
vn 0.0565 -0.9984 0.0001
vn 0.0292 -0.9996 -0.0058
vn 0.0349 -0.9989 -0.0312
vn 0.0631 -0.9979 0.0148
vn 0.0153 -0.9999 0.0079
vn 0.0900 -0.7234 0.6846
vn 0.8426 -0.4214 -0.3354
vn 0.9359 -0.2582 0.2396
vn 0.6046 -0.3692 0.7058
vn 0.1516 -0.9761 -0.1560
vn 0.0293 -0.9988 0.0398
vn 0.0738 -0.9968 -0.0304
vn 0.0545 -0.9977 0.0402
vn 0.0548 -0.9984 0.0112
vn 0.0751 -0.9972 -0.0031
vn 0.1149 -0.9926 -0.0400
vn 0.0030 -1.0000 -0.0046
vn 0.0031 -1.0000 -0.0035
vn 0.0043 -1.0000 -0.0043
vn 0.5983 -0.6003 0.5308
vn 0.5885 -0.6973 0.4092
vn 0.7421 -0.4832 0.4645
vn 0.4212 -0.7870 0.4509
vn 0.6160 -0.7333 -0.2879
vn 0.8186 -0.3378 0.4645
vn 0.2513 -0.9403 0.2295
vn 0.7812 -0.3115 0.5409
vn 0.1225 -0.9924 0.0124
vn 0.1209 -0.9866 0.1100
vn 0.2884 -0.9448 0.1553
vn 0.0305 -0.9992 0.0276
vn -0.6723 -0.7295 -0.1261
vn -0.7269 -0.6080 -0.3192
vn -0.7073 -0.6954 -0.1272
vn -0.5941 -0.7969 -0.1096
vn -0.1088 -0.9388 0.3268
vn -0.2182 -0.9755 0.0298
vn 0.0790 -0.9585 0.2740
vn -0.3466 -0.9377 0.0249
vn -0.3179 -0.4109 0.8544
vn 0.0726 -0.8355 0.5447
vn 0.2057 -0.5187 0.8299
vn -0.4612 -0.3865 0.7987
vn -0.0058 -0.9999 -0.0133
vn -0.0290 -0.9995 0.0159
vn -0.0402 -0.9991 0.0113
vn -0.0736 -0.9972 0.0117
vn 0.1069 -0.9943 0.0014
vn -0.0457 -0.9914 -0.1224
vn -0.1826 -0.9745 0.1306
vn -0.0005 -0.9998 0.0209
vn -0.0021 -0.9989 -0.0469
vn 0.0145 -0.9998 -0.0108
vn 0.0169 -0.9997 0.0163
vn -0.0148 -0.9996 -0.0229
vn -0.0147 -0.9998 -0.0159
vn 0.0105 -0.9999 -0.0022
vn -0.3815 -0.8588 0.3418
vn -0.5515 -0.7088 0.4398
vn -0.4088 -0.6988 0.5870
vn -0.2629 -0.9096 0.3219
vn 0.4179 -0.3182 0.8509
vn 0.4105 -0.3796 0.8291
vn 0.6043 -0.3582 0.7117
vn 0.2888 -0.3091 0.9061
vn -0.0227 -0.9985 0.0502
vn -0.1224 -0.9919 0.0329
vn -0.0625 -0.9951 0.0768
vn -0.0570 -0.9981 0.0221
vn 0.0759 -0.9944 -0.0734
vn 0.2274 -0.9227 0.3112
vn -0.0743 -0.9739 0.2143
vn 0.0218 -0.9955 -0.0917
vn 0.1123 -0.7243 0.6803
vn 0.1152 -0.6729 0.7307
vn 0.0048 -0.9978 0.0662
vn -0.1299 -0.9739 0.1863
vn -0.0050 -1.0000 0.0057
vn 0.0863 -0.9943 0.0618
vn 0.0042 -0.9999 0.0095
vn -0.0714 -0.7179 0.6925
vn -0.0419 -0.9977 -0.0540
vn -0.2764 -0.5554 0.7843
vn -0.1340 -0.7477 0.6504
vn -0.4354 -0.8778 -0.1997
vn -0.6079 -0.6847 -0.4022
vn -0.5708 -0.7176 -0.3990
vn -0.3801 -0.8659 -0.3252
vn -0.1018 -0.9942 0.0344
vn -0.0277 -0.9996 -0.0055
vn -0.0071 -1.0000 0.0027
vn 0.5541 -0.8079 0.2005
vn 0.4903 -0.8692 -0.0642
vn 0.7060 -0.6904 0.1579
vn 0.3796 -0.9251 -0.0128
vn 0.3179 -0.9383 -0.1359
vn 0.6888 -0.7248 0.0122
vn 0.7544 -0.6226 0.2082
vn 0.0112 -0.9997 -0.0232
vn 0.0359 -0.9976 -0.0592
vn -0.1325 -0.9876 -0.0839
vn -0.4228 -0.8728 -0.2438
vn -0.6025 -0.5490 -0.5793
vn -0.1389 -0.9891 0.0490
vn 0.0024 -1.0000 -0.0008
vn 0.0279 -0.9992 0.0269
vn 0.0950 -0.9948 0.0376
vn -0.0282 -0.9914 -0.1280
vn 0.0067 -0.9999 0.0113
vn 0.3182 -0.9479 0.0140
vn 0.0024 -0.9989 0.0474
vn 0.1436 -0.9895 -0.0155
vn 0.0307 -0.9992 0.0253
vn 0.4786 -0.5568 0.6789
vn 0.6169 -0.3653 0.6971
vn 0.1998 -0.6183 0.7601
vn -0.6750 -0.6634 0.3229
vn -0.5551 -0.6447 0.5255
vn -0.2191 -0.4283 0.8767
vn -0.0424 -0.9988 0.0242
vn -0.0082 -0.9999 0.0084
vn 0.0043 -0.9998 -0.0174
vn -0.1526 -0.9870 0.0498
vn -0.0017 -0.9978 0.0658
vn -0.0428 -0.9936 -0.1043
vn -0.0202 -0.9997 -0.0140
vn -0.0058 -0.9982 -0.0589
vn -0.0188 -0.9998 -0.0006
vn 0.0006 -0.9999 -0.0165
vn -0.4104 -0.7644 0.4973
vn 0.1615 -0.7221 0.6727
vn 0.2336 -0.2934 0.9270
vn -0.3919 -0.9161 -0.0846
vn 0.0315 -0.9921 0.1211
vn 0.1006 -0.8981 0.4282
vn -0.5471 -0.8173 -0.1810
vn -0.7210 -0.6150 -0.3193
vn -0.7567 -0.6530 0.0307
vn 0.3889 -0.7235 0.5703
vn 0.0633 -0.9926 -0.1036
vn 0.0359 -0.9900 0.1362
vn 0.8461 -0.2205 0.4852
vn 0.3671 -0.9288 -0.0513
vn 0.1685 -0.9857 0.0025
vn 0.4347 -0.8360 0.3348
vn 0.6201 -0.5906 0.5165
vn 0.6493 -0.4322 0.6258
vn 0.0239 -0.9995 0.0184
vn -0.0310 -0.9985 0.0461
vn -0.0931 -0.9873 0.1289
vn 0.0259 -0.9987 0.0448
vn 0.0009 -0.9994 -0.0360
vn 0.8477 -0.3726 -0.3777
vn 0.0654 -0.9966 -0.0492
vn 0.0165 -0.9996 -0.0249
vn 0.3362 -0.9388 -0.0745
vn 0.0238 -0.9997 -0.0082
vn -0.0161 -0.9958 -0.0900
vn -0.0287 -0.9994 0.0179
vn -0.4826 -0.8563 -0.1842
vn -0.5623 -0.7601 -0.3258
vn -0.4029 -0.8837 -0.2383
vn -0.0583 -0.9887 -0.1384
vn -0.8512 -0.4241 0.3091
vn -0.2371 -0.9455 0.2231
vn -0.8171 -0.5485 0.1775
vn -0.0080 -0.9994 -0.0345
vn -0.3007 -0.9456 -0.1246
vn -0.6977 -0.6927 -0.1827
vn -0.0336 -0.9994 -0.0120
vn -0.0036 -0.9999 0.0115
vn 0.0187 -0.9996 -0.0221
vn 0.0031 -0.9999 -0.0112
vn -0.0055 -0.9994 -0.0346
vn 0.0043 -1.0000 -0.0077
vn -0.0046 -1.0000 -0.0066
vn -0.0017 -1.0000 0.0061
vn 0.8870 -0.4618 0.0040
vn 0.8823 -0.4704 -0.0142
vn 0.8711 -0.4661 0.1547
vn 0.6439 -0.7604 0.0844
vn 0.9424 -0.3312 -0.0462
vn 0.8608 -0.4826 -0.1613
vn -0.0556 -0.9710 0.2327
vn 0.5167 -0.8485 0.1145
vn 0.5294 -0.7914 -0.3056
vn 0.0528 -0.9471 -0.3166
vn 0.8598 -0.4878 -0.1508
vn 0.9283 -0.3056 0.2120
vn 0.0071 -1.0000 0.0023
vn -0.0174 -0.9998 -0.0100
vn -0.0910 -0.9953 0.0330
vn -0.8230 -0.5433 0.1658
vn -0.5306 -0.7678 -0.3590
vn -0.7163 -0.2048 -0.6671
vn -0.0026 -1.0000 0.0003
vn 0.0212 -0.9996 0.0162
vn 0.0502 -0.9987 0.0055
vn 0.0085 -0.9971 0.0758
vn 0.0361 -0.9976 -0.0595
vn 0.8132 -0.5814 0.0267
vn 0.0436 -0.9989 -0.0193
vn -0.0520 -0.9943 0.0931
vn 0.0321 -0.9994 0.0136
vn 0.4046 -0.7548 0.5163
vn 0.8565 -0.1639 0.4895
vn 0.3479 -0.9310 -0.1100
vn -0.4481 -0.8935 -0.0303
vn -0.3120 -0.9240 0.2210
vn -0.2652 -0.3866 0.8833
vn -0.0345 -0.9993 -0.0126
vn -0.0159 -0.9988 0.0464
vn 0.0049 -0.9969 0.0785
vn 0.2423 -0.3215 0.9154
vn 0.0252 -0.9997 0.0045
vn -0.1470 -0.9888 -0.0247
vn -0.0161 -0.9971 0.0743
vn 0.0461 -0.9942 -0.0976
vn -0.0310 -0.9990 -0.0332
vn -0.5079 -0.7309 -0.4558
vn 0.4038 -0.9087 0.1064
vn 0.2173 -0.9737 0.0693
vn 0.1179 -0.9916 0.0541
vn 0.3706 -0.8542 0.3647
vn -0.0395 -0.9956 0.0844
vn 0.4077 -0.8915 -0.1975
vn -0.0787 -0.9968 0.0153
vn -0.2395 -0.9695 -0.0511
vn -0.0053 -1.0000 0.0018
vn 0.0319 -0.9912 0.1288
vn -0.0319 -0.9991 -0.0269
vn 0.1054 -0.9939 -0.0327
vn 0.7892 -0.5761 -0.2130
vn 0.9251 -0.3182 -0.2070
vn 0.3393 -0.7878 -0.5140
vn -0.0391 -0.7679 -0.6393
vn 0.5702 -0.6687 -0.4772
vn -0.0600 -0.9869 0.1499
vn -0.5616 -0.6755 -0.4778
vn 0.2731 -0.7782 0.5655
vn 0.7928 -0.4902 0.3622
vn -0.0449 -0.9988 0.0213
vn 0.0307 -0.9988 0.0372
vn -0.5851 -0.8062 -0.0876
vn 0.0003 -1.0000 0.0015
vn 0.1201 -0.9883 -0.0938
vn 0.0013 -0.9968 -0.0799
vn 0.5378 -0.8408 0.0618
vn 0.0403 -0.9791 -0.1996
vn -0.3000 -0.5615 0.7712
vn 0.0432 -0.7358 -0.6759
vn -0.0206 -0.9998 0.0030
vn -0.0187 -0.9994 0.0275
vn 0.0364 -0.9992 -0.0185
vn -0.2192 -0.7883 0.5749
vn -0.4746 -0.8434 0.2519
vn 0.1839 -0.7789 0.5995
vn -0.5549 -0.7189 0.4187
vn 0.0380 -0.8193 -0.5721
vn 0.8015 -0.3284 0.4998
vn 0.0026 -0.9997 -0.0242
vn 0.6313 -0.3223 0.7054
vn 0.0337 -0.7518 -0.6585
vn 0.0537 -0.9982 -0.0252
vn 0.0536 -0.9983 -0.0239
vn 0.4782 -0.8564 0.1948
vn -0.0444 -0.9989 0.0153
vn 0.1457 -0.9888 -0.0337
vn 0.0111 -0.9992 0.0381
vn -0.0078 -0.9992 0.0382
vn -0.0017 -1.0000 -0.0033
vn -0.7430 -0.6286 -0.2299
vn -0.6243 -0.6515 -0.4310
vn -0.5389 -0.8352 -0.1101
vn -0.1102 -0.7976 -0.5931
vn -0.4424 -0.8850 -0.1452
vn 0.0864 -0.9901 -0.1102
vn -0.0058 -1.0000 -0.0055
vn 0.0536 -0.9982 0.0255
vn 0.0100 -0.9999 -0.0106
vn 0.7715 -0.5507 0.3187
vn 0.7278 -0.6628 -0.1760
vn 0.4043 -0.9102 -0.0894
vn 0.7133 -0.6923 -0.1088
vn 0.1659 -0.9727 -0.1622
vn -0.0148 -0.9998 0.0101
vn -0.4293 -0.8871 -0.1697
vn 0.2798 -0.5917 0.7560
vn 0.8924 -0.2315 0.3873
vn 0.0238 -0.9977 -0.0635
vn 0.0633 -0.9964 -0.0555
vn -0.9367 -0.1358 0.3227
vn 0.0015 -1.0000 0.0056
vn -0.0310 -0.9688 -0.2458
vn 0.0334 -0.9989 -0.0337
vn 0.8378 -0.5457 -0.0174
vn 0.1059 -0.9923 0.0642
vn -0.0140 -0.9961 -0.0873
vn -0.0979 -0.9929 0.0679
vn -0.1020 -0.9940 0.0408
vn -0.4538 -0.8891 -0.0606
vn 0.2564 -0.9096 0.3269
vn 0.4977 -0.8207 0.2805
vn 0.6762 -0.7364 0.0239
vn -0.0336 -0.9982 -0.0492
vn -0.0750 -0.9971 0.0157
vn 0.6946 -0.7175 0.0514
vn 0.0252 -0.9990 0.0356
vn -0.0107 -0.9999 -0.0129
vn -0.0220 -0.9953 0.0944
vn -0.0532 -0.9985 -0.0116
vn -0.4197 -0.8874 -0.1906
vn 0.0066 -0.9999 -0.0094
vn -0.0435 -0.9971 0.0631
vn -0.0068 -0.9994 0.0325
vn 0.6889 -0.7228 0.0539
vn -0.4567 -0.6352 0.6228
vn -0.5135 -0.8525 -0.0976
vn -0.1652 -0.8769 0.4513
vn -0.7151 -0.6695 0.2012
vn 0.7077 -0.2923 0.6432
vn 0.8054 -0.2998 0.5112
vn 0.7305 -0.6244 0.2767
vn 0.3973 -0.5605 0.7266
vn 0.0517 -0.9987 -0.0018
vn -0.0053 -0.9998 -0.0168
vn 0.0273 -0.9994 0.0193
vn -0.1787 -0.9570 0.2284
vn 0.0731 -0.9953 -0.0638
vn 0.0012 -0.9993 -0.0369
vn -0.0204 -0.9993 0.0305
vn -0.0845 -0.9857 -0.1455
vn -0.7914 -0.4051 -0.4577
vn -0.8394 -0.5149 -0.1740
vn -0.6257 -0.7197 -0.3009
vn -0.0847 -0.9955 -0.0421
vn -0.0100 -0.9999 0.0047
vn -0.0114 -0.9999 -0.0081
vn -0.0048 -0.9995 -0.0298
vn 0.6834 -0.7288 0.0423
vn 0.8240 -0.5558 0.1103
vn 0.6390 -0.7692 -0.0014
vn 0.8932 -0.4059 -0.1936
vn 0.2756 -0.9332 -0.2305
vn 0.4148 -0.8604 -0.2962
vn 0.1258 -0.9912 -0.0408
vn 0.6054 -0.7744 -0.1837
vn -0.1027 -0.9917 -0.0769
vn 0.9124 -0.3658 -0.1835
vn 0.9324 -0.3612 -0.0152
vn 0.6970 -0.7147 0.0574
vn 0.8769 -0.4769 -0.0594
vn 0.9409 -0.1615 0.2978
vn 0.9416 -0.3319 0.0571
vn 0.5561 -0.8280 -0.0716
vn 0.9257 -0.3648 0.1005
vn -0.0042 -1.0000 -0.0067
vn -0.0033 -1.0000 0.0041
vn 0.0012 -1.0000 -0.0049
vn 0.6949 -0.7166 0.0604
vn -0.0009 -0.9998 0.0177
vn -0.0000 -1.0000 0.0095
vn -0.0442 -0.9989 -0.0150
vn 0.0146 -0.9998 -0.0118
vn -0.0213 -0.9995 0.0253
vn -0.0248 -0.9986 -0.0460
vn -0.0159 -0.9997 0.0204
vn -0.0875 -0.9942 -0.0619
vn -0.2387 -0.9654 -0.1056
vn 0.0198 -0.9995 0.0229
vn -0.7217 -0.6087 -0.3296
vn 0.0567 -0.9982 -0.0183
vn -0.5989 -0.7942 -0.1024
vn -0.6733 -0.6410 0.3686
vn -0.1479 -0.9855 -0.0832
vn -0.9241 -0.1717 0.3413
vn -0.2791 -0.9351 -0.2185
vn -0.3818 -0.8735 -0.3022
vn 0.0175 -0.9797 -0.1999
vn -0.4711 -0.8103 -0.3486
vn 0.0004 0.4712 0.8820
vn -0.3657 -0.9257 -0.0967
vn -0.1611 0.5199 0.8389
vn -0.0003 -1.0000 -0.0051
vn -0.0588 -0.7453 0.6642
vn -0.0718 -0.7246 0.6854
vn -0.0298 -0.9988 -0.0399
vn -0.0370 -0.9980 0.0520
vn 0.0285 -0.9994 0.0194
vn 0.0942 -0.9926 -0.0766
vn 0.0540 -0.9985 -0.0004
vn 0.0274 -0.9991 0.0336
vn 0.0728 -0.9967 -0.0370
vn 0.0561 -0.9982 -0.0188
vn 0.1005 -0.9936 -0.0511
vn -0.0257 -0.9978 0.0618
vn 0.0187 -0.9997 -0.0135
vn 0.0635 -0.7061 0.7053
vn 0.8444 -0.4923 -0.2113
vn 0.9279 -0.2056 0.3109
vn 0.8965 -0.2493 0.3664
vn 0.1690 -0.9845 -0.0477
vn -0.0029 -0.9680 0.2510
vn -0.0253 -0.9992 0.0324
vn 0.1152 -0.9932 0.0187
vn 0.0484 -0.9977 0.0483
vn 0.0153 -0.9988 0.0472
vn 0.1223 -0.9896 -0.0762
vn 0.0312 -0.6701 -0.7416
vn 0.0028 -1.0000 -0.0057
vn -0.0020 -1.0000 -0.0020
vn 0.5866 -0.5390 0.6044
vn 0.5872 -0.6831 0.4342
vn 0.6900 -0.3909 0.6092
vn 0.4981 -0.7348 0.4604
vn 0.2811 -0.6396 0.7155
vn 0.7311 -0.4071 0.5476
vn 0.1126 -0.9929 0.0393
vn 0.8868 -0.3568 0.2937
vn -0.2712 -0.6676 -0.6934
vn -0.0112 -0.9923 0.1230
vn 0.7141 -0.6901 0.1177
vn -0.0372 -0.9986 -0.0385
vn -0.6688 -0.7324 -0.1279
vn -0.6825 -0.5873 -0.4350
vn -0.6110 -0.7878 -0.0770
vn -0.6042 -0.7839 -0.1428
vn -0.0779 -0.9105 0.4061
vn -0.1826 -0.9802 0.0771
vn 0.1867 -0.9264 0.3268
vn -0.2447 -0.9671 0.0696
vn 0.7759 -0.5032 -0.3806
vn 0.0408 -0.6707 0.7406
vn 0.3279 -0.4519 0.8296
vn -0.1124 -0.4791 0.8706
vn -0.0120 -0.9999 0.0032
vn -0.0487 -0.9988 0.0110
vn 0.0272 -0.9996 -0.0107
vn 0.6901 -0.7232 0.0286
vn -0.1658 -0.9752 0.1466
vn 0.1319 -0.9877 -0.0838
vn -0.1354 -0.9751 -0.1754
vn -0.0105 -0.9998 0.0141
vn 0.0038 -0.7459 -0.6660
vn 0.0043 -0.9992 -0.0394
vn -0.1414 -0.9820 0.1255
vn -0.0347 -0.9989 0.0324
vn 0.0354 -0.6881 -0.7248
vn -0.0309 -0.9995 0.0011
vn -0.0251 -0.9992 0.0298
vn 0.6896 -0.7236 0.0306
vn -0.5193 -0.7685 -0.3739
vn -0.4961 -0.6715 0.5504
vn -0.4309 -0.5901 0.6828
vn -0.4930 -0.6743 0.5498
vn 0.5854 -0.8035 0.1080
vn 0.4252 -0.4445 0.7884
vn 0.7129 -0.4036 0.5735
vn 0.4008 -0.3125 0.8612
vn 0.0498 -0.7513 -0.6581
vn 0.0681 -0.9974 -0.0217
vn 0.0145 -0.9998 0.0147
vn -0.0930 -0.9937 0.0622
vn 0.1198 -0.9923 -0.0316
vn 0.3499 -0.8471 0.4000
vn -0.0363 -0.9154 0.4009
vn -0.0043 -1.0000 -0.0079
vn 0.0791 -0.7553 0.6506
vn 0.0982 -0.8471 0.5222
vn 0.0940 -0.9858 -0.1394
vn -0.0317 -0.9976 0.0623
vn -0.0821 -0.9906 0.1090
vn 0.0553 -0.9960 -0.0700
vn -0.0048 -1.0000 -0.0008
vn -0.0585 -0.7178 0.6937
vn 0.5085 -0.5981 0.6195
vn -0.0547 -0.9982 -0.0248
vn -0.3633 -0.5238 0.7705
vn -0.1525 -0.7768 0.6110
vn -0.5489 -0.8354 -0.0287
vn -0.5658 -0.7040 -0.4293
vn -0.7057 -0.4933 -0.5086
vn -0.5795 -0.6939 -0.4274
vn -0.0618 -0.9975 0.0340
vn -0.0180 -0.9997 -0.0148
vn 0.0203 -0.9998 0.0064
vn 0.6342 -0.7729 -0.0197
vn 0.5626 -0.7894 0.2457
vn 0.4998 -0.8661 0.0064
vn 0.7995 -0.5814 0.1506
vn 0.4284 -0.9030 0.0336
vn 0.1913 -0.9790 -0.0705
vn -0.6385 -0.7696 0.0008
vn -0.1016 -0.9930 -0.0607
vn 0.2213 -0.3122 0.9239
vn -0.0218 -0.8861 -0.4630
vn 0.6950 0.1695 0.6987
vn -0.0737 -0.9967 0.0340
vn -0.0727 -0.9969 -0.0296
vn -0.0012 -0.9990 -0.0453
vn -0.6056 -0.7596 0.2373
vn -0.0006 -0.9999 -0.0139
vn 0.2946 -0.9161 0.2722
vn 0.7881 -0.5932 -0.1647
vn -0.6829 -0.7303 0.0179
vn 0.9007 -0.4042 -0.1592
vn 0.1677 -0.9840 -0.0604
vn -0.0884 -0.9880 0.1264
vn 0.1637 -0.9277 -0.3356
vn 0.0529 -0.9963 -0.0672
vn -0.7525 -0.5524 -0.3585
vn 0.2817 -0.8657 0.4138
vn 0.6279 -0.6770 0.3840
vn -0.0516 -0.9975 0.0477
vn -0.0110 -0.9998 0.0173
vn 0.0852 -0.9955 0.0423
vn 0.0040 -1.0000 0.0013
vn 0.1052 -0.9944 -0.0029
vn 0.0384 -0.9991 0.0178
vn 0.3835 -0.9235 -0.0032
vn -0.1322 -0.9902 0.0449
vn -0.0299 -0.3311 -0.9431
vn -0.0235 -0.9996 0.0131
vn 0.0166 -0.9999 -0.0013
vn -0.0822 -0.9772 0.1959
vn -0.0396 -0.9992 -0.0019
vn -0.2238 -0.4043 0.8868
vn -0.5065 -0.8612 0.0433
vn 0.0287 -0.8421 0.5386
vn -0.6876 -0.7142 0.1311
vn 0.2864 -0.8646 0.4128
vn 0.7139 -0.3954 0.5780
vn -0.0648 -0.9933 0.0960
vn 0.6248 -0.4481 0.6395
vn 0.0149 -0.9998 0.0095
vn -0.0325 -0.9974 0.0649
vn -0.6981 -0.7151 -0.0350
vn 0.1491 -0.9888 0.0074
vn 0.2763 -0.9610 0.0077
vn 0.0087 -0.9993 -0.0352
vn -0.0685 -0.9949 0.0737
vn 0.0080 -0.9997 -0.0226
vn -0.6480 -0.7604 0.0436
vn 0.1388 -0.9872 -0.0785
vn 0.0028 -1.0000 -0.0014
vn -0.6005 -0.7942 0.0927
vn -0.7156 -0.5563 -0.4224
vn -0.6084 -0.7928 0.0371
vn -0.4195 -0.8708 -0.2564
vn -0.6463 -0.6798 -0.3467
vn 0.0156 -0.9999 -0.0072
vn -0.0040 -1.0000 0.0001
vn -0.0488 -0.9979 -0.0434
vn 0.0031 -1.0000 -0.0041
vn 0.7742 -0.6133 0.1565
vn 0.5418 -0.7969 -0.2674
vn 0.8778 -0.4256 -0.2201
vn 0.5485 -0.8121 -0.1990
vn 0.2462 -0.9417 -0.2294
vn 0.1005 -0.9945 -0.0287
vn -0.5072 -0.7996 -0.3214
vn 0.2138 -0.6582 0.7219
vn 0.8155 -0.3904 0.4272
vn 0.1166 -0.9883 -0.0986
vn 0.0062 -0.9997 -0.0228
vn -0.8107 -0.2393 0.5343
vn -0.0083 -1.0000 -0.0025
vn 0.0772 -0.9940 0.0774
vn -0.0253 -0.9989 0.0391
vn 0.6347 -0.7604 0.1381
vn -0.0002 -0.9736 0.2282
vn -0.1192 -0.9895 0.0819
vn -0.1999 -0.9708 0.1324
vn 0.0044 -0.9939 -0.1099
vn -0.5859 -0.7992 -0.1340
vn 0.2579 -0.9513 0.1688
vn 0.3251 -0.9280 0.1819
vn -0.0098 -0.9999 -0.0039
vn -0.0452 -0.9987 -0.0254
vn 0.4289 -0.8996 -0.0824
vn 0.0847 -0.9817 -0.1703
vn -0.1864 -0.9780 0.0942
vn 0.0720 -0.9852 0.1554
vn -0.3196 -0.9452 -0.0673
vn 0.0162 -0.9995 -0.0284
vn -0.0687 -0.9954 0.0674
vn -0.0119 -0.9999 0.0013
vn -0.4937 -0.7191 0.4889
vn -0.4944 -0.8008 -0.3381
vn -0.3891 -0.8307 0.3982
vn -0.5908 -0.7689 0.2446
vn 0.6327 -0.2334 0.7384
vn 0.8480 -0.4139 0.3311
vn 0.7597 -0.2269 0.6094
vn 0.3697 -0.7075 0.6022
vn 0.0331 -0.9994 0.0131
vn -0.0152 -0.9990 0.0418
vn 0.0237 -0.9988 -0.0432
vn 0.0606 -0.9980 -0.0202
vn -0.0730 -0.9973 -0.0089
vn 0.0558 -0.9984 -0.0055
vn 0.0285 -0.9994 -0.0191
vn 0.0407 -0.9954 -0.0864
vn -0.6503 -0.6896 -0.3186
vn -0.8584 -0.4847 -0.1681
vn -0.7072 -0.6530 -0.2710
vn -0.0611 -0.9981 -0.0046
vn 0.0090 -0.9998 -0.0153
vn -0.0045 -1.0000 -0.0088
vn -0.0021 -0.9999 0.0131
vn 0.7975 -0.6025 -0.0312
vn 0.6144 -0.7800 0.1186
vn 0.8208 -0.5622 -0.1014
vn 0.1198 -0.9241 -0.3630
vn 0.5086 -0.8045 -0.3067
vn 0.1780 -0.9752 0.1314
vn 0.5423 -0.8182 -0.1907
vn 0.0019 -0.9873 -0.1591
vn 0.9483 -0.3128 -0.0536
vn 0.8936 -0.4447 -0.0612
vn 0.9644 -0.2645 -0.0061
vn 0.5958 -0.7920 -0.1331
vn 0.9274 -0.3221 0.1902
vn 0.9176 -0.3716 -0.1410
vn 0.9178 -0.3843 -0.0998
vn 0.8498 -0.5092 0.1362
vn -0.0077 -1.0000 -0.0045
vn -0.0000 -1.0000 -0.0023
vn -0.0113 -0.9999 0.0003
vn -0.0225 -0.9994 -0.0246
vn -0.0172 -0.9997 -0.0195
vn -0.0076 -0.9997 -0.0239
vn -0.0100 -0.9999 0.0051
vn 0.0228 -0.9978 0.0616
vn 0.0091 -0.9995 -0.0287
vn 0.0629 -0.9978 -0.0220
vn -0.0101 -0.9998 0.0161
vn 0.0335 -0.9993 -0.0176
vn -0.0095 -0.9999 -0.0035
vn -0.1874 -0.9821 0.0168
vn -0.0083 -0.9998 0.0175
vn -0.6295 -0.6492 0.4270
vn -0.7952 -0.5471 0.2615
vn -0.3960 -0.8802 0.2618
vn -0.6937 -0.6876 0.2143
vn -0.3292 -0.8823 -0.3363
vn -0.4173 -0.8268 -0.3771
vn -0.2469 -0.9284 -0.2777
vn -0.6029 -0.6871 -0.4055
vn -0.6528 -0.0552 -0.7556
vn -0.6084 -0.4895 0.6247
vn -0.7721 -0.1528 0.6169
vn -0.0068 -1.0000 -0.0058
vn -0.0665 -0.7303 0.6798
vn -0.0572 -0.7181 0.6936
vn 0.0265 -0.9957 -0.0887
vn -0.0107 -0.9993 0.0360
vn -0.0787 -0.9947 0.0664
vn 0.0416 -0.9909 0.1280
vn 0.0554 -0.9980 -0.0305
vn 0.0635 -0.9974 -0.0337
vn -0.6851 -0.7249 0.0721
vn -0.0124 -0.9999 -0.0083
vn 0.0383 -0.9984 0.0426
vn 0.0081 -0.9999 0.0111
vn -0.5745 -0.8173 0.0440
vn 0.0461 -0.9989 -0.0032
vn 0.0081 -1.0000 -0.0030
vn -0.5098 -0.6082 0.6084
vn 0.1159 -0.7376 0.6652
vn 0.8588 -0.3606 -0.3639
vn 0.8918 -0.2697 0.3633
vn 0.5474 -0.4823 0.6839
vn -0.0616 -0.9979 0.0205
vn 0.0106 -0.9914 -0.1304
vn -0.0318 -0.9985 -0.0442
vn -0.1405 -0.9860 0.0893
vn 0.0772 -0.9961 -0.0421
vn 0.0487 -0.9983 -0.0320
vn -0.7053 -0.7085 -0.0219
vn -0.0246 -0.9997 0.0019
vn 0.0079 -0.9999 -0.0088
vn 0.0045 -0.9999 0.0145
vn -0.6862 -0.7257 -0.0508
vn 0.0450 -0.9986 -0.0272
vn 0.5537 -0.6242 0.5512
vn 0.5776 -0.7227 0.3796
vn 0.6344 -0.6109 0.4736
vn 0.3409 -0.8416 0.4188
vn 0.6935 -0.3766 -0.6142
vn 0.9189 -0.2554 0.3008
vn 0.4895 -0.7906 0.3679
vn 0.7728 -0.1912 0.6051
vn -0.0494 -0.9962 -0.0711
vn 0.2459 -0.9690 0.0231
vn -0.3611 -0.9314 -0.0465
vn 0.3668 -0.9201 0.1377
vn -0.7516 -0.6518 0.1017
vn -0.7036 -0.6419 -0.3047
vn -0.8117 -0.5666 -0.1416
vn -0.5813 -0.7960 -0.1689
vn -0.1262 -0.9664 0.2237
vn -0.2659 -0.9629 -0.0470
vn -0.0598 -0.9774 0.2028
vn -0.4223 -0.9064 0.0065
vn 0.5039 -0.4533 0.7352
vn -0.0191 -0.8098 0.5864
vn -0.0799 -0.4908 0.8676
vn -0.2346 -0.4714 0.8501
vn -0.0025 -1.0000 -0.0089
vn -0.0136 -0.9998 -0.0133
vn -0.0249 -0.9989 0.0399
vn -0.0152 -0.9986 -0.0498
vn 0.0853 -0.9963 -0.0119
vn 0.0405 -0.9942 -0.1000
vn -0.0766 -0.9952 0.0612
vn -0.0371 -0.9982 0.0463
vn -0.0031 -1.0000 0.0062
vn 0.0255 -0.9991 -0.0349
vn 0.0093 -1.0000 -0.0005
vn -0.0144 -0.9997 -0.0195
vn -0.0201 -0.9997 0.0100
vn -0.0241 -0.9996 0.0137
vn -0.5523 -0.7063 0.4428
vn -0.6391 -0.7229 0.2625
vn -0.5692 -0.5962 0.5662
vn 0.0457 -0.9984 0.0335
vn 0.3764 -0.2904 0.8798
vn 0.4912 -0.5786 0.6512
vn 0.4634 -0.3852 0.7981
vn 0.2715 -0.4381 0.8569
vn -0.0293 -0.9974 0.0665
vn -0.1188 -0.9910 0.0612
vn 0.0123 -0.9996 0.0274
vn 0.0260 -0.9993 0.0273
vn 0.0281 -0.9746 -0.2223
vn 0.1261 -0.9156 0.3817
vn -0.0773 -0.9967 -0.0260
vn 0.0705 -0.9921 -0.1037
vn 0.1375 -0.7407 0.6576
vn 0.4171 -0.6534 0.6317
vn 0.0585 -0.9980 0.0259
vn 0.0526 -0.9962 0.0700
vn 0.0340 -0.9992 -0.0212
vn 0.0358 -0.9862 0.1614
vn 0.0106 -0.9999 0.0131
vn -0.0593 -0.7001 0.7115
vn 0.0039 -0.9973 -0.0733
vn -0.1747 -0.6388 0.7493
vn -0.1137 -0.7430 0.6596
vn -0.4254 -0.8155 -0.3926
vn -0.5604 -0.7715 -0.3011
vn -0.3555 -0.8831 -0.3063
vn -0.0836 -0.9811 -0.1745
vn -0.0687 -0.9975 -0.0193
vn -0.0085 -1.0000 -0.0009
vn 0.0277 -0.9984 -0.0493
vn 0.5401 -0.8277 0.1526
vn 0.4831 -0.8722 -0.0760
vn 0.6417 -0.7561 0.1285
vn 0.2610 -0.9633 -0.0624
vn 0.3521 -0.9347 -0.0495
vn 0.2903 -0.9420 -0.1683
vn 0.4074 -0.9102 -0.0743
vn 0.1807 -0.9684 -0.1721
vn 0.7041 -0.7057 0.0790
vn 0.6696 -0.7400 -0.0638
vn 0.7793 -0.6266 0.0132
vn 0.5875 -0.8089 -0.0235
vn 0.7488 -0.5981 0.2854
vn 0.7202 -0.6546 0.2300
vn 0.7586 -0.5938 0.2681
vn 0.6638 -0.7162 0.2153
vn 0.6759 -0.7358 0.0428
vn -0.0158 -0.9999 -0.0048
vn -0.0121 -0.9999 -0.0081
vn 0.0051 -1.0000 -0.0086
vn -0.0077 -0.9999 -0.0101
vn -0.0389 -0.9991 0.0138
vn 0.0406 -0.9955 -0.0858
vn 0.0854 -0.9919 -0.0939
vn -0.0420 -0.9991 -0.0016
vn -0.2616 -0.9429 -0.2063
vn -0.0358 -0.9993 0.0056
vn -0.3942 -0.8753 -0.2800
vn -0.0037 -1.0000 -0.0058
vn -0.4899 -0.8181 -0.3011
vn -0.4446 -0.8740 -0.1960
vn -0.5719 -0.7558 -0.3188
vn -0.5139 -0.8011 -0.3068
vn -0.5827 -0.4529 -0.6748
vn -0.6315 -0.6142 -0.4732
vn -0.6904 -0.5265 -0.4961
vn -0.4427 -0.6891 -0.5737
vn -0.0942 -0.9950 0.0323
vn -0.2210 -0.9638 0.1489
vn -0.3776 -0.9201 0.1039
vn 0.0525 -0.9973 -0.0515
vn 0.0037 -1.0000 0.0034
vn 0.0009 -1.0000 -0.0030
vn 0.0051 -1.0000 0.0054
vn -0.0001 -1.0000 0.0020
vn 0.1651 -0.9827 -0.0844
vn -0.0342 -0.9962 0.0805
vn 0.0050 -0.9908 0.1354
vn -0.0917 -0.9957 0.0126
vn -0.0344 -0.9977 0.0582
vn 0.1371 -0.9795 -0.1478
vn 0.0505 -0.9966 -0.0659
vn 0.0078 -0.9981 0.0612
vn -0.1236 -0.9909 0.0536
vn 0.0481 -0.9965 -0.0680
vn 0.0375 -0.9836 -0.1766
vn -0.0917 -0.9958 -0.0083
vn 0.0560 -0.9978 -0.0348
vn -0.0092 -0.9992 -0.0378
vn 0.0121 -0.9994 0.0314
vn 0.0583 -0.9964 -0.0615
vn 0.3761 -0.9261 -0.0307
vn 0.1640 -0.9728 -0.1635
vn 0.2654 -0.9514 0.1565
vn 0.2180 -0.9744 -0.0551
vn -0.0644 -0.9974 0.0317
vn 0.0536 -0.9980 0.0345
vn 0.0314 -0.9995 -0.0068
vn 0.0033 -0.9969 0.0785
vn 0.0136 -0.9995 0.0293
vn 0.1053 -0.9944 0.0070
vn 0.0403 -0.9991 0.0104
vn -0.0313 -0.9958 0.0861
vn 0.1005 -0.7659 -0.6350
vn -0.0122 -0.9996 0.0235
vn -0.0173 -0.9991 0.0391
vn -0.0182 -0.9988 0.0447
vn 0.3567 -0.5402 0.7622
vn 0.4426 -0.5863 0.6784
vn 0.3935 -0.5636 0.7262
vn 0.2963 -0.5977 0.7450
vn 0.6188 -0.3088 0.7223
vn 0.6162 -0.3957 0.6810
vn 0.6858 -0.2437 0.6858
vn 0.6100 -0.3071 0.7305
vn 0.4774 -0.8745 -0.0854
vn 0.5084 -0.4315 0.7452
vn 0.1907 -0.7368 0.6486
vn 0.2079 -0.4618 0.8623
vn -0.5389 -0.6816 0.4949
vn -0.6596 -0.7513 0.0239
vn -0.6021 -0.7534 0.2642
vn -0.4624 -0.8728 0.1561
vn -0.5345 -0.6963 0.4790
vn -0.5092 -0.6176 0.5994
vn -0.5521 -0.6897 0.4686
vn -0.4948 -0.6752 0.5470
vn -0.0211 -0.7235 0.6899
vn -0.3463 -0.4979 0.7951
vn -0.0317 -0.3291 0.9438
vn -0.1063 -0.6743 0.7308
vn 0.6897 -0.7240 0.0079
vn -0.0228 -0.9997 0.0052
vn -0.0007 -0.9999 0.0130
vn -0.0059 -0.9999 -0.0145
vn -0.0234 -0.9997 -0.0004
vn 0.0085 -0.7335 -0.6796
vn -0.0028 -1.0000 -0.0008
vn -0.0096 -0.9999 0.0116
vn -0.0006 -1.0000 -0.0008
vn -0.0018 -0.9999 -0.0162
vn 0.0016 -1.0000 0.0074
vn -0.0135 -0.9994 -0.0303
vn 0.0176 -0.9996 -0.0238
vn -0.1321 -0.9860 0.1020
vn -0.1552 -0.9873 -0.0330
vn 0.0143 -0.9997 0.0206
vn -0.0693 -0.9976 0.0030
vn -0.0310 -0.7665 -0.6415
vn 0.0506 -0.9985 -0.0188
vn 0.0059 -0.9997 0.0257
vn -0.0410 -0.9970 0.0651
vn -0.0759 -0.9952 0.0618
vn 0.0425 -0.9930 -0.1102
vn 0.1229 -0.9913 -0.0469
vn -0.0453 -0.9974 0.0568
vn -0.0279 -0.9963 -0.0808
vn -0.0504 -0.9975 0.0485
vn -0.1099 -0.9937 -0.0226
vn 0.0002 -1.0000 0.0001
vn -0.0796 -0.9968 -0.0102
vn -0.0516 -0.9970 -0.0576
vn -0.1438 -0.9879 0.0581
vn -0.0249 -0.9955 -0.0918
vn 0.6595 -0.7495 0.0578
vn 0.0125 -0.9996 -0.0235
vn -0.0714 -0.9967 0.0377
vn -0.0419 -0.9984 0.0388
vn 0.0096 -0.9997 -0.0217
vn 0.0175 -0.9994 -0.0308
vn -0.0352 -0.9988 0.0345
vn -0.0140 -0.9996 0.0241
vn 0.0017 -0.9998 -0.0180
vn -0.4469 -0.6017 0.6620
vn -0.3088 -0.8162 0.4883
vn -0.1267 -0.8527 0.5069
vn -0.4083 -0.7481 0.5230
vn 0.2654 -0.7058 0.6568
vn 0.1616 -0.7734 0.6129
vn 0.3007 -0.6420 0.7052
vn 0.0367 -0.7943 0.6065
vn 0.1614 -0.8780 0.4507
vn 0.1464 -0.3606 0.9212
vn 0.4673 -0.2611 0.8447
vn 0.1873 -0.4483 0.8741
vn -0.3643 -0.9309 -0.0258
vn -0.3514 -0.9085 -0.2263
vn -0.2689 -0.9604 -0.0734
vn -0.4622 -0.8731 -0.1551
vn 0.0498 -0.9784 0.2005
vn 0.0263 -0.9992 0.0308
vn 0.1596 -0.9700 0.1835
vn -0.0933 -0.9925 0.0793
vn 0.1151 -0.8629 0.4921
vn 0.0894 -0.9298 0.3571
vn 0.1823 -0.8641 0.4692
vn -0.0062 -0.9245 0.3812
vn -0.5392 -0.8191 -0.1957
vn -0.5573 -0.8115 -0.1755
vn -0.5354 -0.7982 -0.2762
vn -0.6039 -0.7506 -0.2680
vn -0.7098 -0.6598 -0.2467
vn -0.7467 -0.5937 -0.3000
vn -0.6485 -0.7229 -0.2382
vn -0.7957 -0.5072 -0.3312
vn -0.7312 -0.6799 0.0558
vn -0.7285 -0.6849 0.0133
vn -0.6136 -0.7879 0.0520
vn -0.8276 -0.5611 0.0114
vn 0.2272 -0.9254 0.3034
vn 0.6860 -0.4981 0.5303
vn 0.1745 -0.9750 0.1372
vn 0.5526 -0.3561 0.7535
vn -0.0932 -0.9901 -0.1054
vn -0.0695 -0.9967 0.0415
vn 0.0444 -0.9984 -0.0337
vn 0.1284 -0.9876 -0.0908
vn 0.0121 -0.8104 -0.5858
vn -0.0606 -0.9976 -0.0346
vn -0.0902 -0.9948 -0.0472
vn 0.2295 -0.9647 0.1294
vn 0.9119 -0.3590 0.1986
vn 0.8251 -0.2341 0.5141
vn 0.8266 -0.1798 0.5333
vn 0.8838 -0.3309 0.3307
vn 0.3159 -0.9445 0.0906
vn 0.5289 -0.8196 0.2201
vn 0.1003 -0.9944 0.0341
vn 0.7160 -0.6926 -0.0876
vn 0.1084 -0.9809 -0.1615
vn 0.2244 -0.9740 0.0305
vn 0.0897 -0.9959 -0.0096
vn 0.1945 -0.8792 0.4350
vn 0.4290 -0.8053 0.4092
vn 0.4257 -0.8605 0.2798
vn 0.5179 -0.7689 0.3749
vn 0.3508 -0.8915 0.2865
vn 0.6823 -0.5559 0.4748
vn 0.6960 -0.5801 0.4232
vn 0.7300 -0.5317 0.4294
vn 0.6365 -0.6277 0.4482
vn 0.6490 -0.4114 0.6400
vn 0.7159 -0.4450 0.5381
vn 0.7689 -0.4172 0.4845
vn 0.6008 -0.5383 0.5910
vn 0.0010 -1.0000 0.0009
vn 0.0390 -0.9989 0.0274
vn 0.0052 -1.0000 -0.0035
vn 0.0397 -0.9982 0.0445
vn -0.6994 -0.7126 -0.0544
vn -0.7160 -0.6934 -0.0809
vn 0.0712 -0.9958 -0.0579
vn 0.0516 -0.9976 -0.0451
vn 0.0202 -0.9996 0.0176
vn 0.0009 -0.9999 -0.0102
vn -0.6335 -0.7736 -0.0138
vn -0.6378 -0.7700 -0.0169
vn 0.1769 -0.9837 0.0333
vn 0.0966 -0.9691 -0.2269
vn 0.0674 -0.9958 0.0619
vn -0.1875 -0.9822 0.0127
vn -0.0163 -0.9971 0.0739
vn 0.0662 -0.9978 -0.0081
vn 0.0396 -0.9992 0.0081
vn 0.0761 -0.9968 0.0223
vn 0.0226 -0.9997 -0.0031
vn 0.0464 -0.9980 0.0422
vn 0.0947 -0.9954 0.0130
vn -0.0779 -0.9969 -0.0067
vn 0.9098 -0.3322 -0.2489
vn 0.8051 -0.3907 -0.4463
vn 0.8841 -0.2970 -0.3608
vn 0.8223 -0.4626 -0.3313
vn -0.6883 -0.7203 0.0857
vn -0.0013 -1.0000 -0.0038
vn 0.0765 -0.9952 -0.0616
vn 0.0490 -0.9959 -0.0766
vn -0.0408 -0.9986 0.0330
vn -0.6796 -0.7335 -0.0121
vn -0.6948 -0.7192 -0.0040
vn 0.0417 -0.9964 -0.0738
vn -0.0423 -0.9984 0.0375
vn -0.0232 -0.9987 0.0445
vn 0.0262 -0.9974 -0.0674
vn -0.6090 -0.7892 0.0794
vn -0.6212 -0.7835 0.0141
vn 0.2573 -0.9432 -0.2100
vn 0.2698 -0.9629 0.0048
vn 0.0103 -0.9993 -0.0366
vn 0.1253 -0.9921 -0.0081
vn 0.0180 -0.9996 -0.0210
vn -0.0275 -0.9986 -0.0442
vn 0.0511 -0.9987 0.0077
vn -0.0047 -0.9981 -0.0607
vn 0.1150 -0.9934 -0.0051
vn 0.0057 -0.9973 0.0734
vn -0.0368 -0.9986 0.0380
vn 0.0439 -0.9974 -0.0572
vn -0.0153 -0.9999 0.0040
vn -0.0070 -0.9999 -0.0102
vn -0.0224 -0.9997 0.0018
vn -0.0054 -0.9998 0.0185
vn -0.3768 -0.9236 0.0705
vn -0.6495 -0.5409 -0.5344
vn -0.1017 -0.9750 -0.1977
vn -0.8890 0.4306 0.1556
vn -0.5164 -0.7501 -0.4132
vn -0.6998 -0.6054 -0.3792
vn -0.6133 -0.7147 -0.3363
vn -0.7387 -0.5148 -0.4350
vn -0.2975 -0.9133 -0.2781
vn -0.5349 -0.8170 -0.2153
vn -0.1104 -0.9663 -0.2327
vn -0.2925 -0.8784 -0.3780
vn -0.0060 -0.9986 -0.0526
vn -0.1791 -0.9584 -0.2222
vn 0.0804 -0.9963 -0.0297
vn -0.1633 -0.9507 -0.2636
vn -0.8069 -0.4775 0.3477
vn -0.9404 -0.3123 0.1346
vn -0.9243 -0.2260 0.3077
vn -0.8884 -0.4465 -0.1069
vn -0.1927 -0.9710 0.1415
vn -0.2464 -0.9264 0.2847
vn -0.0411 -0.9875 0.1520
vn -0.3559 -0.8876 0.2925
vn -0.8889 0.0273 0.4573
vn -0.3153 -0.9420 -0.1150
vn 0.7721 0.1003 0.6276
vn -0.4394 -0.8982 0.0095
vn -0.0636 -0.9956 -0.0685
vn 0.0203 -0.9994 0.0278
vn -0.0629 -0.9971 -0.0432
vn -0.0053 -0.9999 -0.0124
vn -0.4306 -0.9019 -0.0331
vn -0.2327 -0.9586 -0.1641
vn -0.6601 -0.7100 -0.2454
vn -0.0708 -0.9942 -0.0814
vn -0.6688 -0.7065 -0.2317
vn -0.7334 -0.6259 -0.2654
vn -0.5660 -0.8206 -0.0792
vn -0.4962 -0.8531 -0.1612
vn -0.0029 -1.0000 0.0004
vn -0.0429 -0.9990 -0.0098
vn -0.0069 -0.9998 0.0165
vn 0.0086 -0.9998 -0.0193
vn -0.0644 -0.9979 -0.0105
vn 0.0292 -0.9993 0.0249
vn 0.0071 -0.9975 -0.0709
vn -0.0014 -0.9998 0.0221
vn -0.0135 -0.9985 0.0540
vn -0.0199 -0.9947 -0.1010
vn 0.0474 -0.9988 -0.0104
vn -0.0974 -0.9951 -0.0163
vn 0.0004 -0.9999 -0.0135
vn 0.0054 -1.0000 0.0075
vn -0.0165 -0.9997 -0.0161
vn 0.0055 -0.9999 -0.0113
vn -0.0053 -0.9996 0.0286
vn -0.0157 -0.9998 -0.0155
vn 0.0064 -1.0000 0.0016
vn -0.0133 -0.9999 -0.0038
vn -0.0295 -0.9982 -0.0525
vn 0.0102 -0.9998 0.0181
vn -0.0500 -0.9984 -0.0278
vn 0.0221 -0.9995 0.0240
vn 0.6936 -0.7180 0.0576
vn 0.0005 -0.9999 -0.0111
vn 0.0020 -1.0000 -0.0000
vn -0.0104 -0.9999 -0.0055
vn 0.0070 -1.0000 0.0005
vn -0.0076 -1.0000 -0.0020
vn -0.0117 -0.9999 -0.0046
vn 0.0068 -1.0000 0.0046
vn -0.0101 -0.9999 0.0030
vn 0.8849 -0.4655 0.0180
vn 0.8823 -0.4686 -0.0432
vn 0.9080 -0.4190 -0.0001
vn 0.8464 -0.5324 0.0097
vn 0.8133 -0.5818 0.0089
vn 0.8490 -0.4998 -0.1712
vn 0.5296 -0.8433 -0.0916
vn 0.9362 -0.3508 -0.0227
vn 0.4312 -0.1602 0.8879
vn 0.8719 -0.4887 0.0319
vn 0.5593 -0.8208 0.1157
vn 0.9245 -0.3721 0.0830
vn 0.6898 -0.7234 0.0295
vn 0.7395 -0.6701 0.0645
vn 0.8093 -0.5874 -0.0002
vn 0.6644 -0.7397 0.1068
vn 0.9653 -0.2609 0.0106
vn 0.9388 -0.3228 -0.1203
vn 0.8917 -0.4468 0.0729
vn 0.9341 -0.3525 -0.0565
vn 0.8255 -0.5190 -0.2217
vn 0.9290 -0.3666 -0.0512
vn 0.4786 -0.8734 -0.0901
vn 0.9326 -0.3294 -0.1472
vn 0.0076 -0.9973 0.0726
vn -0.0852 -0.9778 0.1916
vn -0.1330 -0.9555 0.2634
vn -0.0821 -0.9717 0.2216
vn 0.5614 -0.8275 -0.0001
vn 0.5065 -0.8552 0.1096
vn 0.5864 -0.8056 0.0848
vn 0.6715 -0.7409 -0.0119
vn 0.5487 -0.8089 -0.2111
vn 0.5591 -0.7670 -0.3149
vn 0.5860 -0.7349 -0.3414
vn 0.5167 -0.8079 -0.2835
vn 0.1369 -0.9346 -0.3284
vn 0.0531 -0.9598 -0.2754
vn 0.1884 -0.9341 -0.3031
vn 0.1200 -0.9470 -0.2980
vn 0.8685 -0.4646 -0.1726
vn 0.8024 -0.5757 -0.1571
vn 0.9185 -0.3677 -0.1452
vn 0.7602 -0.6175 -0.2018
vn 0.8944 -0.2552 0.3673
vn 0.9268 -0.3497 0.1367
vn 0.9134 -0.4070 -0.0085
vn 0.8491 -0.4379 0.2956
vn 0.6942 -0.7181 0.0498
vn 0.0089 -0.9999 0.0075
vn -0.0184 -0.9997 0.0136
vn -0.0136 -0.9999 0.0073
vn -0.0058 -1.0000 -0.0058
vn -0.0248 -0.9996 0.0140
vn -0.0331 -0.9992 -0.0213
vn -0.0034 -0.9994 0.0337
vn -0.0147 -0.9996 -0.0239
vn -0.0467 -0.9976 0.0515
vn -0.1070 -0.9943 0.0012
vn 0.0482 -0.9965 0.0679
vn -0.0697 -0.9974 0.0178
vn -0.7850 -0.6179 -0.0438
vn -0.8273 -0.5163 0.2214
vn -0.7271 -0.6448 0.2358
vn -0.6857 -0.7271 0.0335
vn -0.4619 -0.8418 -0.2793
vn -0.5075 -0.7509 -0.4225
vn -0.3634 -0.8699 -0.3334
vn -0.5252 -0.7514 -0.3994
vn -0.1636 -0.9847 0.0597
vn -0.7375 -0.5167 -0.4348
vn -0.0928 -0.1456 -0.9850
vn -0.6676 -0.4294 -0.6082
vn -0.0023 -0.9999 -0.0119
vn -0.0063 -1.0000 -0.0016
vn -0.0068 -1.0000 0.0063
vn -0.0016 -1.0000 0.0010
vn -0.0022 -0.9988 -0.0483
vn 0.0516 -0.9952 0.0830
vn -0.0191 -0.9988 0.0441
vn 0.0160 -0.9990 0.0414
vn 0.0155 -0.9997 0.0212
vn 0.0246 -0.9997 0.0015
vn 0.0198 -0.9998 -0.0043
vn 0.0148 -0.9997 0.0196
vn -0.0050 -0.9998 0.0181
vn 0.0766 -0.9970 -0.0138
vn 0.0384 -0.9992 0.0056
vn -0.0324 -0.9980 0.0545
vn 0.0364 -0.9989 -0.0307
vn 0.0057 -0.9998 -0.0216
vn 0.0210 -0.9997 -0.0145
vn 0.0125 -0.9980 -0.0620
vn 0.7490 -0.6573 0.0836
vn 0.7903 -0.6023 -0.1126
vn 0.8849 -0.4342 -0.1685
vn 0.6008 -0.7882 0.1333
vn -0.1247 -0.9880 0.0910
vn 0.2820 -0.9517 -0.1212
vn 0.2342 -0.9382 -0.2549
vn -0.1657 -0.9859 0.0218
vn -0.0402 -0.9991 0.0143
vn -0.0226 -0.9991 0.0355
vn 0.0238 -0.9989 0.0394
vn -0.0511 -0.9973 0.0518
vn 0.1018 -0.7160 -0.6906
vn 0.0215 -0.9995 -0.0221
vn 0.0066 -1.0000 0.0055
vn 0.0090 -0.9999 0.0118
vn 0.3502 -0.7085 0.6127
vn 0.4158 -0.7710 0.4823
vn 0.5053 -0.6872 0.5219
vn 0.3495 -0.7751 0.5265
vn 0.8430 -0.1445 0.5181
vn 0.6833 -0.1744 0.7090
vn 0.4098 -0.2282 0.8832
vn 0.7671 -0.2904 0.5720
vn 0.0888 -0.7004 -0.7082
vn 0.0504 -0.9984 -0.0260
vn -0.1692 -0.9850 0.0335
vn 0.1761 -0.9682 -0.1778
vn -0.5649 -0.7396 0.3659
vn -0.5173 -0.8339 -0.1923
vn -0.5017 -0.8344 -0.2282
vn -0.9429 0.3011 -0.1425
vn -0.3049 -0.9032 0.3021
vn -0.3402 -0.9312 0.1310
vn -0.2166 -0.9361 0.2772
vn -0.3943 -0.9001 0.1854
vn -0.5711 -0.8099 0.1340
vn -0.3830 -0.4135 0.8260
vn -0.6871 -0.2222 0.6917
vn -0.3241 -0.3363 0.8842
vn 0.6714 -0.7409 0.0158
vn -0.0239 -0.9997 0.0039
vn -0.1247 -0.9900 0.0653
vn -0.1696 -0.9827 0.0747
vn -0.0100 -0.9999 -0.0077
vn -0.0017 -0.7354 -0.6776
vn 0.0133 -0.9998 -0.0150
vn 0.0116 -0.9995 0.0281
vn 0.0018 -0.9999 0.0169
vn 0.6877 -0.7249 -0.0399
vn -0.0602 -0.7497 -0.6590
vn -0.0175 -0.9893 0.1450
vn -0.1444 -0.9783 0.1487
vn 0.0224 -0.9939 0.1075
vn 0.4420 -0.7146 0.5422
vn 0.3142 -0.4063 0.8580
vn 0.4005 -0.2383 0.8848
vn 0.2130 -0.2986 0.9303
vn 0.0959 -0.6961 -0.7115
vn 0.0029 -0.9999 -0.0156
vn 0.0128 -0.9996 0.0235
vn 0.1612 -0.9865 -0.0287
vn -0.1543 -0.9867 0.0512
vn -0.1668 -0.9458 -0.2785
vn -0.0565 -0.9966 -0.0595
vn -0.1119 -0.9934 0.0244
vn 0.0471 -0.9969 -0.0632
vn 0.0549 -0.9973 0.0495
vn 0.0188 -0.9995 0.0248
vn 0.2699 -0.9561 -0.1139
vn -0.1191 -0.9929 -0.0042
vn -0.0256 -0.9993 0.0289
vn 0.0427 -0.9983 -0.0398
vn 0.0499 -0.9980 0.0392
vn 0.7082 -0.7026 0.0693
vn -0.0140 -0.9998 -0.0148
vn -0.0192 -0.9984 -0.0537
vn -0.0253 -0.9996 0.0132
vn 0.0020 -1.0000 0.0055
vn -0.5758 -0.7832 -0.2344
vn -0.3995 -0.7199 -0.5676
vn -0.5034 -0.7485 -0.4315
vn -0.3679 -0.9027 -0.2231
vn 0.6307 -0.7699 0.0973
vn 0.4127 -0.8958 0.1652
vn 0.3917 -0.9191 0.0431
vn 0.4822 -0.8626 0.1528
vn 0.3105 -0.9479 0.0714
vn 0.2984 -0.9544 0.0082
vn 0.4587 -0.8828 0.1010
vn 0.4951 -0.8449 0.2028
vn 0.6056 -0.7948 0.0392
vn 0.6799 -0.7309 0.0597
vn -0.2216 -0.9081 -0.3553
vn -0.5561 -0.7157 -0.4226
vn -0.4809 -0.8498 -0.2160
vn 0.0044 -0.9996 -0.0267
vn -0.0187 -0.9989 -0.0420
vn -0.0441 -0.9990 -0.0030
vn 0.7260 -0.6806 0.0981
vn 0.6949 -0.7176 0.0465
vn 0.0809 -0.9964 0.0267
vn -0.0749 -0.9972 -0.0076
vn 0.1175 -0.9918 -0.0501
vn 0.3150 -0.9483 -0.0374
vn 0.0117 -0.9960 -0.0884
vn -0.0477 -0.9947 0.0910
vn -0.1206 -0.9168 -0.3808
vn -0.0944 -0.9703 -0.2227
vn -0.0280 -0.9994 0.0202
vn 0.0658 -0.9966 -0.0498
vn -0.0510 -0.9982 0.0317
vn 0.0448 -0.7530 -0.6565
vn 0.3260 -0.3681 0.8708
vn 0.3812 -0.3738 0.8456
vn 0.6403 -0.6907 0.3361
vn 0.0282 -0.9883 0.1501
vn -0.3386 -0.8723 0.3528
vn -0.1925 -0.7682 -0.6106
vn 0.6954 -0.7186 -0.0026
vn 0.5407 -0.6233 -0.5649
vn -0.0228 -0.9991 0.0349
vn 0.0154 -0.9999 0.0054
vn 0.0054 -0.7536 -0.6573
vn 0.0086 -0.9999 -0.0110
vn -0.1358 -0.9894 0.0520
vn -0.0708 -0.9965 0.0448
vn 0.6812 -0.7319 0.0152
vn 0.6677 -0.7434 0.0389
vn -0.2215 -0.3812 0.8976
vn 0.1018 -0.4033 0.9094
vn -0.4092 -0.7205 0.5598
vn -0.4074 -0.9097 0.0802
vn -0.2311 -0.9563 0.1792
vn -0.1881 -0.9191 0.3461
vn -0.2889 -0.6299 -0.7210
vn -0.5837 -0.8105 -0.0484
vn -0.6030 -0.7966 -0.0428
vn 0.1061 -0.9933 0.0455
vn -0.0626 -0.9944 -0.0849
vn -0.3014 -0.7375 -0.6044
vn 0.8249 -0.3136 0.4704
vn 0.6007 -0.2430 0.7616
vn 0.7178 -0.3715 0.5888
vn 0.3547 -0.8212 0.4471
vn 0.5053 -0.7050 0.4976
vn 0.4688 -0.6567 0.5907
vn 0.0577 -0.9980 -0.0272
vn 0.0053 -0.9998 -0.0184
vn 0.0679 -0.7148 -0.6960
vn -0.1050 -0.9857 0.1318
vn 0.1084 -0.9941 -0.0104
vn -0.0020 -0.9983 0.0589
vn 0.0895 -0.9919 -0.0903
vn 0.1771 -0.9825 -0.0573
vn 0.0459 -0.9988 0.0148
vn 0.4850 -0.8743 0.0182
vn 0.8975 -0.3402 -0.2805
vn 0.8549 -0.5099 -0.0954
vn 0.0150 -0.9984 -0.0554
vn -0.0000 -1.0000 -0.0090
vn 0.0549 -0.9977 -0.0386
vn -0.0574 -0.9963 0.0634
vn 0.0330 -0.9990 0.0311
vn -0.0339 -0.9994 0.0019
vn 0.0236 -0.9996 -0.0131
vn 0.0488 -0.9987 -0.0157
vn 0.0125 -0.9999 -0.0041
vn 0.0164 -0.9908 0.1340
vn 0.0371 -0.9993 -0.0042
vn 0.0047 -0.9943 -0.1065
vn 0.0001 -1.0000 -0.0020
vn -0.0127 -0.9999 -0.0022
vn 0.0027 -1.0000 -0.0072
vn -0.8468 -0.5191 -0.1161
vn -0.2762 0.5448 -0.7918
vn 0.2538 -0.1068 0.9613
vn -0.5798 -0.7298 -0.3623
vn -0.4265 -0.8378 -0.3408
vn -0.3980 -0.8811 -0.2555
vn -0.6902 -0.7105 0.1369
vn -0.8008 -0.5079 0.3176
vn -0.8081 -0.5731 -0.1357
vn -0.0483 -0.9988 0.0108
vn 0.0442 -0.9990 -0.0047
vn 0.0252 -0.9985 0.0486
vn -0.0160 -0.9999 -0.0037
vn -0.1045 -0.9945 0.0008
vn 0.0196 -0.9996 -0.0227
vn -0.0182 -0.9998 -0.0070
vn 0.0116 -0.9999 0.0041
vn -0.0012 -0.9999 -0.0115
vn 0.6932 -0.7189 0.0514
vn 0.6882 -0.7242 0.0428
vn 0.8866 -0.4591 0.0568
vn 0.8924 -0.3375 0.2997
vn 0.8943 -0.3084 0.3242
vn 0.6771 -0.7000 -0.2271
vn 0.9041 -0.4202 -0.0779
vn 0.9082 -0.3834 -0.1678
vn 0.0647 -0.9553 -0.2883
vn 0.2603 -0.9418 -0.2128
vn 0.2263 -0.9313 -0.2853
vn 0.4218 -0.8509 -0.3131
vn 0.5731 -0.7436 -0.3445
vn 0.6619 -0.7187 -0.2131
vn 0.5030 -0.8628 0.0501
vn 0.5881 -0.8033 0.0937
vn 0.5908 -0.8067 0.0156
vn -0.1436 -0.9765 0.1604
vn -0.0406 -0.9780 0.2045
vn -0.3914 -0.9084 0.1468
vn 0.9717 -0.2349 -0.0253
vn 0.5746 -0.8182 -0.0199
vn 0.4012 -0.9103 -0.1019
vn 0.9197 -0.3911 -0.0341
vn 0.9302 -0.3607 -0.0685
vn 0.8124 -0.5780 0.0767
vn 0.6758 -0.7210 0.1529
vn 0.7905 -0.6099 -0.0557
vn 0.8357 -0.5486 0.0260
vn 0.9383 -0.3364 0.0803
vn 0.5980 -0.7445 0.2969
vn 0.3575 -0.8550 -0.3757
vn 0.8995 -0.4099 -0.1511
vn 0.5199 -0.8513 -0.0702
vn 0.2237 -0.8186 -0.5289
vn 0.8390 -0.5438 -0.0186
vn 0.9030 -0.4226 -0.0779
vn 0.9261 -0.3768 0.0179
vn -0.0067 -1.0000 -0.0015
vn 0.0101 -0.9999 0.0005
vn -0.0108 -0.9999 -0.0048
vn 0.0086 -1.0000 0.0013
vn -0.0037 -1.0000 -0.0091
vn -0.0082 -1.0000 -0.0013
vn 0.6984 -0.7135 0.0550
vn 0.6928 -0.7186 0.0602
vn 0.0129 -0.9999 0.0047
vn -0.0566 -0.9981 0.0224
vn 0.0018 -0.9998 -0.0176
vn 0.0007 -1.0000 -0.0043
vn -0.0123 -0.9999 0.0050
vn 0.0029 -1.0000 -0.0079
vn 0.0002 -1.0000 -0.0009
vn -0.0097 -1.0000 -0.0011
vn -0.0036 -1.0000 -0.0041
vn -0.0140 -0.9974 -0.0709
vn 0.0102 -0.9984 0.0556
vn -0.0176 -0.9962 -0.0848
vn -0.0543 -0.9978 -0.0392
vn 0.0404 -0.9991 -0.0113
vn -0.0154 -0.9987 -0.0478
vn 0.0068 -0.9999 -0.0086
vn -0.0069 -0.9998 -0.0173
vn -0.0455 -0.9990 -0.0026
vn -0.3098 -0.9445 -0.1092
vn -0.6629 -0.7398 -0.1151
vn -0.5255 -0.8319 -0.1785
vn 0.0608 -0.9979 -0.0232
vn -0.5856 -0.7910 -0.1773
vn -0.7455 -0.5526 -0.3726
vn -0.0132 -0.9999 0.0023
vn -0.1059 -0.9942 -0.0204
vn 0.0091 -0.9943 -0.1062
vn -0.4384 -0.8941 0.0918
vn -0.2554 -0.9650 -0.0592
vn -0.2059 0.4489 -0.8695
vn -0.4569 -0.8173 0.3511
vn 0.0419 -0.9908 0.1290
vn -0.1816 -0.9779 0.1031
vn -0.9111 -0.3266 -0.2516
vn -0.9644 -0.2462 0.0971
vn -0.8887 -0.1092 0.4452
vn -0.2202 -0.9350 -0.2780
vn 0.0601 -0.9966 -0.0566
vn 0.1094 -0.9940 0.0038
vn -0.3126 -0.8566 -0.4105
vn -0.0967 -0.9710 -0.2188
vn -0.0487 -0.9755 -0.2145
vn -0.7637 -0.4637 -0.4491
vn -0.5613 -0.7819 -0.2713
vn -0.5399 -0.7545 -0.3730
vn -0.8844 -0.1205 -0.4509
vn -0.1302 -0.8465 -0.5163
vn -0.0232 -0.9993 0.0286
vn -0.0067 -1.0000 -0.0019
vn 0.0055 -0.9996 -0.0293
vn -0.0410 -0.9990 0.0186
vn 0.0072 -0.9998 -0.0180
vn -0.0622 -0.9979 -0.0156
vn 0.0599 -0.9982 0.0047
vn -0.0378 -0.9993 -0.0005
vn 0.0710 -0.9956 -0.0617
vn 0.0212 -0.9963 -0.0833
vn 0.0606 -0.9946 -0.0844
vn 0.0656 -0.9978 0.0089
vn 0.0358 -0.9988 -0.0339
vn -0.6684 -0.7438 0.0080
vn -0.6309 -0.7759 0.0008
vn -0.0004 -1.0000 0.0079
vn -0.0121 -0.9999 0.0042
vn 0.0277 -0.9996 -0.0084
vn -0.6528 -0.7547 0.0659
vn -0.6645 -0.7462 0.0403
vn 0.0698 -0.9961 -0.0544
vn -0.0126 -0.9997 0.0206
vn 0.0067 -0.9990 -0.0435
vn -0.6884 -0.7176 0.1057
vn 0.8067 -0.4451 -0.3889
vn 0.8394 -0.3541 -0.4123
vn 0.9197 -0.2784 -0.2768
vn -0.0416 -0.9961 0.0778
vn 0.0505 -0.9986 0.0160
vn 0.1053 -0.9939 -0.0336
vn -0.0555 -0.9958 -0.0727
vn 0.0716 -0.9934 -0.0900
vn -0.0994 -0.9937 0.0514
vn -0.1519 -0.9837 -0.0959
vn 0.1311 -0.9659 -0.2234
vn 0.0447 -0.9560 0.2900
vn -0.6571 -0.7480 -0.0938
vn -0.6637 -0.7476 -0.0252
vn -0.0443 -0.9981 0.0436
vn 0.0623 -0.9958 -0.0665
vn 0.0115 -0.9986 0.0508
vn -0.6898 -0.7217 -0.0570
vn -0.6946 -0.7185 -0.0353
vn 0.0377 -0.9992 0.0096
vn 0.0139 -0.9996 0.0238
vn 0.0031 -1.0000 -0.0024
vn 0.5837 -0.5592 0.5887
vn 0.7752 -0.3629 0.5170
vn 0.6575 -0.4150 0.6289
vn 0.6090 -0.6790 0.4099
vn 0.8112 -0.5219 0.2638
vn 0.6785 -0.4376 0.5900
vn 0.3384 -0.9145 0.2218
vn 0.5089 -0.7929 0.3352
vn 0.5069 -0.7489 0.4268
vn 0.4088 -0.8823 -0.2333
vn 0.0811 -0.9963 0.0282
vn 0.1718 -0.9509 -0.2574
vn 0.8766 -0.3940 0.2764
vn 0.2340 -0.9599 0.1546
vn 0.0545 -0.9959 0.0725
vn 0.7886 -0.3139 0.5287
vn 0.9093 -0.1189 0.3987
vn 0.9087 -0.2830 0.3068
vn 0.0306 -0.9988 -0.0370
vn 0.0483 -0.9988 0.0046
vn 0.0879 -0.5890 -0.8034
vn 0.1532 -0.9829 -0.1022
vn -0.1001 -0.9612 0.2570
vn 0.3482 -0.9371 0.0241
vn 0.6647 -0.2024 0.7191
vn 0.3863 -0.9217 0.0335
vn 0.0923 -0.9755 0.1997
vn -0.8233 -0.5637 0.0665
vn -0.6158 -0.7877 0.0184
vn -0.6085 -0.7635 0.2165
vn -0.7864 -0.4951 -0.3694
vn -0.6240 -0.7110 -0.3242
vn -0.6342 -0.7590 -0.1473
vn -0.6067 -0.7701 -0.1972
vn -0.4908 -0.8440 -0.2165
vn -0.6074 -0.7622 -0.2239
vn -0.0321 -0.9548 0.2955
vn 0.1826 -0.9024 0.3902
vn 0.2025 -0.8280 0.5228
vn -0.0553 -0.9983 -0.0179
vn 0.1487 -0.9832 0.1061
vn 0.1690 -0.9475 0.2716
vn -0.5100 -0.8318 -0.2190
vn -0.3231 -0.9288 -0.1812
vn -0.2714 -0.9615 0.0428
vn -0.1992 -0.4563 0.8672
vn 0.3868 -0.2428 0.8896
vn 0.3547 -0.9318 0.0770
vn 0.0369 -0.7984 0.6010
vn 0.2101 -0.7077 0.6746
vn 0.3815 -0.6190 0.6865
vn -0.4057 -0.7632 0.5030
vn -0.1292 -0.8422 0.5234
vn -0.1460 -0.6888 0.7101
vn -0.0037 -1.0000 0.0056
vn -0.0297 -0.9990 0.0340
vn 0.0164 -0.9999 -0.0031
vn 0.0120 -0.9999 -0.0080
vn -0.1007 -0.9907 0.0911
vn -0.0045 -1.0000 0.0026
vn 0.6564 -0.7542 0.0198
vn 0.6805 -0.7307 0.0550
vn 0.0398 -0.9767 -0.2108
vn -0.1447 -0.8697 -0.4719
vn -0.0354 -0.9261 0.3757
vn -0.0153 -0.9998 -0.0100
vn -0.0841 -0.9941 0.0681
vn -0.1212 -0.9881 -0.0952
vn 0.0160 -0.9983 -0.0557
vn 0.0512 -0.9968 -0.0613
vn 0.1097 -0.9937 0.0227
vn -0.0556 -0.9974 0.0452
vn -0.0437 -0.9989 0.0155
vn -0.0088 -0.7474 -0.6643
vn -0.0945 -0.9955 0.0096
vn -0.0012 -1.0000 0.0068
vn -0.0862 -0.9904 0.1085
vn -0.0032 -1.0000 0.0040
vn 0.0100 -0.9998 0.0193
vn -0.0225 -0.9992 -0.0316
vn -0.0182 -0.9998 -0.0020
vn 0.0037 -0.9998 -0.0182
vn 0.0231 -0.7600 -0.6495
vn -0.0546 -0.9982 0.0249
vn 0.0148 -0.9991 -0.0390
vn -0.0383 -0.9987 0.0337
vn 0.7035 -0.7102 0.0267
vn 0.6778 -0.7350 0.0207
vn -0.5514 -0.6270 0.5504
vn -0.1510 -0.5217 0.8397
vn -0.2549 -0.7579 0.6005
vn -0.6463 -0.6265 0.4356
vn -0.4860 -0.6731 0.5574
vn -0.5319 -0.6319 0.5637
vn -0.6099 -0.7753 0.1642
vn -0.6535 -0.7569 -0.0034
vn -0.5436 -0.5904 0.5966
vn 0.3822 -0.3365 0.8606
vn 0.4981 -0.7437 0.4459
vn 0.6232 -0.6064 -0.4939
vn 0.6942 -0.3351 0.6370
vn 0.7086 -0.2950 0.6410
vn 0.6821 -0.2424 0.6899
vn 0.3506 -0.6669 0.6575
vn 0.3523 -0.5833 0.7319
vn 0.5263 -0.3959 0.7525
vn 0.0526 -0.9986 0.0033
vn -0.0521 -0.9966 0.0631
vn 0.0915 -0.7324 -0.6747
vn 0.0342 -0.9952 -0.0917
vn 0.0013 -0.9984 0.0566
vn 0.1070 -0.9939 -0.0282
vn 0.0921 -0.9874 0.1286
vn -0.0135 -0.9983 0.0559
vn 0.0018 -0.9998 -0.0194
vn 0.1225 -0.9649 -0.2323
vn 0.1680 -0.9846 -0.0493
vn 0.4009 -0.9124 0.0819
vn 0.0014 -0.9991 -0.0424
vn -0.0059 -0.9997 -0.0231
vn -0.0086 -1.0000 -0.0028
vn -0.0004 -0.9997 -0.0233
vn 0.0535 -0.9976 -0.0451
vn 0.0432 -0.9975 0.0561
vn 0.1434 -0.9891 -0.0331
vn -0.0031 -1.0000 0.0022
vn -0.0537 -0.9983 -0.0242
vn 0.0218 -0.9997 -0.0077
vn -0.1458 -0.9804 0.1325
vn 0.0644 -0.9976 0.0255
vn 0.0034 -1.0000 0.0041
vn 0.0023 -1.0000 -0.0023
vn 0.0058 -1.0000 0.0017
vn -0.0557 -0.9981 0.0270
vn -0.3644 -0.9190 0.1502
vn -0.4490 -0.8934 -0.0178
vn -0.3636 -0.8267 -0.4293
vn -0.7169 -0.4974 -0.4886
vn -0.5725 -0.5590 -0.5998
vn -0.6137 -0.7262 -0.3099
vn -0.4908 -0.8430 -0.2202
vn -0.6509 -0.6419 -0.4053
vn -0.0335 -0.9994 -0.0000
vn -0.2466 -0.9558 -0.1603
vn -0.5127 -0.7696 -0.3806
vn 0.0322 -0.9970 -0.0710
vn 0.0379 -0.9989 -0.0273
vn 0.0386 -0.9978 -0.0540
vn 0.0047 -0.9998 -0.0176
vn -0.0016 -1.0000 0.0014
vn 0.0267 -0.9996 -0.0083
vn 0.6765 -0.7349 0.0482
vn 0.6773 -0.7355 0.0135
vn 0.6572 -0.7311 0.1833
vn 0.7518 -0.6146 0.2390
vn 0.7736 -0.5478 0.3186
vn 0.5407 -0.8371 -0.0831
vn 0.7601 -0.6473 -0.0571
vn 0.7886 -0.6089 0.0863
vn 0.1538 -0.9520 -0.2648
vn 0.3561 -0.9267 -0.1200
vn 0.4126 -0.9109 -0.0082
vn 0.2154 -0.9712 -0.1022
vn 0.6213 -0.7819 0.0514
vn 0.6399 -0.7158 0.2796
vn -0.0156 -0.9999 0.0054
vn -0.1052 -0.9921 0.0676
vn -0.0174 -0.9980 -0.0602
vn -0.4010 -0.8792 -0.2573
vn -0.6319 -0.6148 -0.4719
vn 0.0650 -0.9978 0.0130
vn -0.0039 -1.0000 0.0013
vn 0.0212 -0.9983 -0.0536
vn 0.0438 -0.9905 0.1307
vn -0.0732 -0.9971 -0.0207
vn 0.0829 -0.9922 -0.0931
vn 0.2730 -0.9603 -0.0573
vn 0.0289 -0.9981 0.0552
vn -0.1290 -0.9906 0.0462
vn 0.0576 -0.7771 -0.6267
vn 0.1889 -0.5369 0.8222
vn 0.5466 -0.3658 0.7533
vn 0.3584 -0.8668 0.3467
vn -0.1464 -0.9886 0.0353
vn -0.5218 -0.7262 0.4476
vn -0.5749 -0.7622 0.2976
vn -0.0016 -0.9998 -0.0177
vn 0.0093 -0.7279 -0.6857
vn 0.0169 -0.9997 -0.0182
vn 0.0216 -0.9991 -0.0359
vn -0.0181 -0.7447 -0.6672
vn -0.1554 -0.9809 0.1167
vn 0.0024 -0.9994 -0.0340
vn -0.0208 -0.9823 0.1860
vn -0.0075 -0.9999 0.0123
vn -0.0170 -0.9994 -0.0302
vn -0.3517 -0.6346 0.6882
vn 0.0889 -0.7521 0.6530
vn 0.7080 -0.6706 0.2215
vn -0.4170 -0.9051 -0.0833
vn -0.0808 -0.9895 0.1198
vn 0.0194 -0.8891 0.4574
vn -0.6140 -0.7645 -0.1963
vn -0.7941 -0.5239 -0.3082
vn -0.7308 -0.6023 -0.3212
vn 0.5235 -0.6711 0.5249
vn -0.4580 -0.8875 -0.0501
vn 0.2755 -0.8458 -0.4569
vn 0.8502 -0.2657 0.4545
vn 0.5989 -0.7958 0.0894
vn 0.0749 -0.8568 0.5102
vn 0.3387 -0.8675 0.3642
vn 0.6640 -0.6202 0.4177
vn 0.6229 -0.4831 0.6154
vn 0.0177 -0.9997 0.0190
vn -0.7044 -0.7075 -0.0578
vn -0.5112 -0.5992 -0.6161
vn 0.1111 -0.9900 -0.0868
vn -0.6708 -0.7412 0.0242
vn -0.6815 -0.7318 -0.0031
vn 0.0615 -0.9951 -0.0777
vn 0.0081 -0.9922 0.1242
vn 0.0824 -0.9945 -0.0651
vn 0.8555 -0.4484 -0.2588
vn -0.7058 -0.7058 0.0607
vn 0.0129 -0.9980 -0.0622
vn -0.6021 -0.7963 -0.0590
vn -0.6373 -0.7693 -0.0445
vn 0.0201 -0.9995 -0.0249
vn -0.6454 -0.7554 0.1129
vn -0.6277 -0.7762 0.0595
vn 0.1394 -0.9898 -0.0293
vn 0.0080 -0.9990 0.0451
vn -0.0873 -0.9956 -0.0338
vn 0.0003 -1.0000 -0.0086
vn -0.7074 -0.6881 0.1618
vn -0.6671 -0.5842 -0.4623
vn -0.2783 -0.9044 -0.3235
vn -0.1657 -0.9790 -0.1189
vn -0.7859 -0.5844 0.2020
vn -0.3046 -0.9445 0.1228
vn -0.4305 -0.9026 0.0075
vn -0.0080 -0.9998 -0.0174
vn -0.1623 -0.9867 0.0039
vn -0.6071 -0.7591 -0.2350
vn -0.0007 -1.0000 0.0027
vn 0.0477 -0.9986 0.0219
vn -0.1342 -0.9871 0.0875
vn 0.0077 -1.0000 -0.0057
vn -0.0296 -0.9995 -0.0079
vn -0.0103 -0.9999 0.0003
vn -0.0024 -1.0000 -0.0074
vn -0.0013 -1.0000 -0.0006
vn 0.8385 -0.5380 0.0865
vn 0.9516 -0.3052 0.0376
vn 0.8729 -0.2756 0.4027
vn 0.6077 -0.7941 -0.0112
vn 0.9466 -0.3223 -0.0075
vn 0.8981 -0.3849 -0.2129
vn -0.0695 -0.9941 0.0829
vn 0.6865 -0.7249 -0.0562
vn 0.5474 -0.7859 -0.2877
vn 0.1367 -0.9288 -0.3445
vn 0.8138 -0.5554 -0.1713
vn 0.8515 -0.4115 0.3248
vn -0.0037 -1.0000 0.0017
vn 0.0525 -0.9972 -0.0532
vn -0.0772 -0.9969 0.0115
vn -0.6688 -0.7399 -0.0724
vn -0.4919 -0.7630 -0.4193
vn -0.8500 -0.5235 -0.0584
vn -0.0038 -1.0000 -0.0081
vn 0.0230 -0.9997 0.0128
vn -0.0304 -0.9986 0.0444
vn 0.1176 -0.9904 -0.0724
vn -0.0284 -0.9987 0.0417
vn 0.6939 -0.7033 0.1542
vn -0.1984 -0.9752 0.0981
vn -0.0033 -1.0000 -0.0094
vn 0.0885 -0.7428 -0.6637
vn 0.3124 -0.7316 0.6059
vn 0.8307 -0.3222 0.4541
vn 0.0204 -0.4837 -0.8750
vn -0.4725 -0.3521 0.8079
vn -0.3824 -0.8793 0.2840
vn -0.4392 -0.8594 0.2616
vn -0.0219 -0.9997 0.0049
vn 0.0402 -0.7096 -0.7034
vn -0.0048 -0.7626 -0.6469
vn 0.2863 -0.8119 0.5087
vn 0.2469 -0.5188 -0.8185
vn -0.1619 -0.9832 0.0840
vn 0.2334 -0.9604 -0.1521
vn -0.0360 -0.9946 0.0975
vn -0.0238 -0.9997 -0.0083
vn -0.5442 -0.8355 0.0759
vn 0.3150 -0.9421 0.1147
vt 0.818181 0.000000
vt 0.795454 0.039365
vt 0.840908 0.039365
vt 0.727272 0.157461
vt 0.704545 0.118096
vt 0.681818 0.157461
vt 0.090909 0.000000
vt 0.068182 0.039365
vt 0.113636 0.039365
vt 0.272727 0.000000
vt 0.250000 0.039365
vt 0.295454 0.039365
vt 0.454545 0.000000
vt 0.431818 0.039365
vt 0.477272 0.039365
vt 0.704545 0.196826
vt 0.909090 0.157461
vt 0.863635 0.157461
vt 0.886363 0.196826
vt 0.181818 0.157461
vt 0.136363 0.157461
vt 0.159091 0.196826
vt 0.363636 0.157461
vt 0.318182 0.157461
vt 0.340909 0.196826
vt 0.545454 0.157461
vt 0.500000 0.157461
vt 0.522727 0.196826
vt 0.749999 0.196826
vt 0.931817 0.196826
vt 0.204545 0.196826
vt 0.386363 0.196826
vt 0.568181 0.196826
vt 0.818181 0.314921
vt 0.772727 0.314921
vt 0.795454 0.354286
vt 1.000000 0.314921
vt 0.954545 0.314921
vt 0.977272 0.354286
vt 0.272727 0.314921
vt 0.227273 0.314921
vt 0.250000 0.354286
vt 0.454545 0.314921
vt 0.409091 0.314921
vt 0.431818 0.354286
vt 0.636363 0.314921
vt 0.590909 0.314921
vt 0.613636 0.354286
vt 0.568181 0.433017
vt 0.522727 0.433017
vt 0.545454 0.472382
vt 0.590909 0.393651
vt 0.545454 0.393651
vt 0.568181 0.354286
vt 0.499999 0.393651
vt 0.522727 0.354286
vt 0.477272 0.354286
vt 0.545454 0.314921
vt 0.499999 0.314921
vt 0.386363 0.433017
vt 0.340909 0.433017
vt 0.363636 0.472382
vt 0.409091 0.393651
vt 0.363636 0.393651
vt 0.399426 0.376912
vt 0.372519 0.378265
vt 0.318181 0.393651
vt 0.363636 0.314921
vt 0.386329 0.340628
vt 0.399767 0.331071
vt 0.412066 0.354286
vt 0.340909 0.354286
vt 0.295454 0.354286
vt 0.359317 0.354286
vt 0.374482 0.347427
vt 0.860638 0.354286
vt 0.872723 0.330661
vt 0.840908 0.354286
vt 0.318182 0.314921
vt 0.204545 0.433017
vt 0.159091 0.433017
vt 0.181818 0.472382
vt 0.227273 0.393651
vt 0.181818 0.393652
vt 0.204545 0.354286
vt 0.136363 0.393651
vt 0.159091 0.354286
vt 0.113636 0.354286
vt 0.181818 0.314921
vt 0.136363 0.314921
vt 0.090909 0.314921
vt 0.931818 0.433017
vt 0.886363 0.433017
vt 0.909090 0.472382
vt 0.954545 0.393651
vt 0.909090 0.393651
vt 0.931818 0.354286
vt 0.863635 0.393651
vt 0.899572 0.377166
vt 0.873851 0.375958
vt 0.863636 0.314921
vt 0.899880 0.330874
vt 0.909090 0.314921
vt 0.898093 0.347429
vt 0.912894 0.354286
vt 0.875164 0.360634
vt 0.749999 0.433017
vt 0.704545 0.433017
vt 0.727272 0.472382
vt 0.772727 0.393651
vt 0.727272 0.393651
vt 0.749999 0.354286
vt 0.681817 0.393651
vt 0.704545 0.354286
vt 0.659090 0.354286
vt 0.727272 0.314921
vt 0.681818 0.314921
vt 0.613636 0.275556
vt 0.590908 0.236191
vt 0.568181 0.275556
vt 0.545454 0.236191
vt 0.522727 0.275556
vt 0.499999 0.236191
vt 0.477272 0.275556
vt 0.431818 0.275556
vt 0.409091 0.236191
vt 0.386363 0.275556
vt 0.363636 0.236191
vt 0.340909 0.275556
vt 0.318182 0.236191
vt 0.295454 0.275556
vt 0.250000 0.275556
vt 0.227273 0.236191
vt 0.204545 0.275556
vt 0.181818 0.236191
vt 0.159091 0.275556
vt 0.136363 0.236191
vt 0.113636 0.275556
vt 0.977272 0.275556
vt 0.954545 0.236191
vt 0.931818 0.275556
vt 0.909090 0.236191
vt 0.886363 0.275556
vt 0.863636 0.236191
vt 0.840908 0.275556
vt 0.795454 0.275556
vt 0.772727 0.236191
vt 0.749999 0.275556
vt 0.727272 0.236191
vt 0.704545 0.275556
vt 0.681817 0.236191
vt 0.659090 0.275556
vt 0.454545 0.236191
vt 0.477272 0.196826
vt 0.431818 0.196826
vt 0.454545 0.157461
vt 0.409090 0.157461
vt 0.272727 0.236191
vt 0.295454 0.196826
vt 0.250000 0.196826
vt 0.272727 0.157461
vt 0.227272 0.157461
vt 0.068182 0.275556
vt 0.090909 0.236191
vt 0.113636 0.196826
vt 0.045454 0.236191
vt 0.068182 0.196826
vt 0.022727 0.196826
vt 0.090909 0.157461
vt 0.045454 0.157461
vt 0.000000 0.157461
vt 0.818181 0.236191
vt 0.840908 0.196826
vt 0.795454 0.196826
vt 0.818181 0.157461
vt 0.772726 0.157461
vt 0.636363 0.236191
vt 0.659090 0.196826
vt 0.613636 0.196826
vt 0.636363 0.157461
vt 0.590909 0.157461
vt 0.522727 0.118096
vt 0.499999 0.078731
vt 0.477272 0.118096
vt 0.454545 0.078730
vt 0.431818 0.118096
vt 0.409090 0.078730
vt 0.386363 0.118096
vt 0.340909 0.118096
vt 0.318181 0.078731
vt 0.295454 0.118096
vt 0.272727 0.078731
vt 0.250000 0.118096
vt 0.227272 0.078730
vt 0.204545 0.118096
vt 0.159091 0.118096
vt 0.136363 0.078731
vt 0.113636 0.118096
vt 0.090909 0.078730
vt 0.068182 0.118096
vt 0.045454 0.078730
vt 0.022727 0.118096
vt 0.568181 0.118096
vt 0.613636 0.118096
vt 0.659090 0.118096
vt 0.590909 0.078731
vt 0.636363 0.078730
vt 0.613636 0.039365
vt 0.681817 0.078731
vt 0.659090 0.039365
vt 0.636363 0.000000
vt 0.886363 0.118096
vt 0.863635 0.078731
vt 0.840908 0.118096
vt 0.818181 0.078731
vt 0.795454 0.118096
vt 0.772726 0.078731
vt 0.749999 0.118096
vt 0.397817 0.347487
vt 0.372843 0.330869
vt 0.374387 0.361309
vt 0.386134 0.367936
vt 0.397717 0.360913
vt 0.874833 0.347367
vt 0.886567 0.367335
vt 0.898003 0.360988
vt 0.886327 0.340509
vt 0.727272 0.157461
vt 0.704545 0.118096
vt 0.681817 0.157461
vt 0.431818 0.039365
vt 0.704545 0.196826
vt 0.863635 0.157461
vt 0.886363 0.196826
vt 0.181818 0.157461
vt 0.159091 0.196826
vt 0.363636 0.157461
vt 0.318181 0.157461
vt 0.340909 0.196826
vt 0.545454 0.157461
vt 0.522727 0.196826
vt 0.749999 0.196826
vt 0.931817 0.196826
vt 0.386363 0.196826
vt 0.568181 0.196826
vt 0.818181 0.314921
vt 0.795454 0.354286
vt 1.000000 0.314921
vt 0.954545 0.314921
vt 0.977272 0.354286
vt 0.250000 0.354286
vt 0.454545 0.314921
vt 0.409091 0.314921
vt 0.431818 0.354286
vt 0.636363 0.314921
vt 0.590909 0.314921
vt 0.522727 0.433017
vt 0.545454 0.393651
vt 0.568181 0.354286
vt 0.499999 0.393651
vt 0.522727 0.354286
vt 0.499999 0.314921
vt 0.340909 0.433017
vt 0.409090 0.393651
vt 0.386363 0.354286
vt 0.295454 0.354286
vt 0.204545 0.433017
vt 0.227272 0.393651
vt 0.181818 0.393651
vt 0.204545 0.354286
vt 0.159091 0.354286
vt 0.181818 0.314921
vt 0.136364 0.314921
vt 0.090909 0.314921
vt 0.931817 0.433017
vt 0.886363 0.433017
vt 0.954545 0.393651
vt 0.909090 0.393651
vt 0.931818 0.354286
vt 0.863635 0.393651
vt 0.886363 0.354286
vt 0.840908 0.354286
vt 0.909090 0.314921
vt 0.863636 0.314921
vt 0.749999 0.433017
vt 0.704545 0.433017
vt 0.772726 0.393651
vt 0.727272 0.393651
vt 0.749999 0.354286
vt 0.659090 0.354286
vt 0.727272 0.314921
vt 0.613636 0.275556
vt 0.590909 0.236191
vt 0.545454 0.236191
vt 0.522727 0.275556
vt 0.477272 0.275556
vt 0.431818 0.275556
vt 0.409090 0.236191
vt 0.386363 0.275556
vt 0.363636 0.236191
vt 0.340909 0.275556
vt 0.318181 0.236191
vt 0.295454 0.275556
vt 0.250000 0.275556
vt 0.227272 0.236191
vt 0.204545 0.275556
vt 0.181818 0.236191
vt 0.136363 0.236191
vt 0.113636 0.275556
vt 0.977272 0.275556
vt 0.954545 0.236191
vt 0.931818 0.275556
vt 0.886363 0.275556
vt 0.863635 0.236191
vt 0.840908 0.275556
vt 0.795454 0.275556
vt 0.772726 0.236191
vt 0.727272 0.236191
vt 0.659090 0.275556
vt 0.454545 0.236191
vt 0.431818 0.196826
vt 0.454545 0.157461
vt 0.409090 0.157461
vt 0.272727 0.236191
vt 0.295454 0.196826
vt 0.250000 0.196826
vt 0.272727 0.157461
vt 0.227272 0.157461
vt 0.090909 0.236191
vt 0.045454 0.236191
vt 0.068182 0.196826
vt 0.022727 0.196826
vt 0.045454 0.157461
vt 0.000000 0.157461
vt 0.818181 0.236191
vt 0.840908 0.196826
vt 0.795454 0.196826
vt 0.772726 0.157461
vt 0.636363 0.236191
vt 0.659090 0.196826
vt 0.613636 0.196826
vt 0.636363 0.157461
vt 0.590909 0.157461
vt 0.522727 0.118096
vt 0.477272 0.118096
vt 0.454545 0.078731
vt 0.431818 0.118096
vt 0.409090 0.078731
vt 0.386363 0.118096
vt 0.272727 0.078731
vt 0.250000 0.118096
vt 0.227272 0.078731
vt 0.204545 0.118096
vt 0.113636 0.118096
vt 0.090909 0.078731
vt 0.068182 0.118096
vt 0.045454 0.078731
vt 0.022727 0.118096
vt 0.613636 0.118096
vt 0.659090 0.118096
vt 0.590909 0.078731
vt 0.681817 0.078731
vt 0.659090 0.039365
vt 0.886363 0.118096
vt 0.840908 0.118096
vt 0.818181 0.078731
vt 0.795454 0.118096
vt 0.772726 0.078731
vt 0.749999 0.118096
vt 0.027778 1.000000
vt 0.000000 0.916667
vt 0.000000 1.000000
vt 0.000000 0.083333
vt 0.027778 0.000000
vt 0.000000 0.000000
vt 0.000000 0.166667
vt 0.027778 0.083333
vt 0.000000 0.250000
vt 0.027778 0.166667
vt 0.000000 0.333333
vt 0.027778 0.250000
vt 0.000000 0.416667
vt 0.027778 0.333333
vt 0.027778 0.500000
vt 0.000000 0.500000
vt 0.027778 0.583333
vt 0.000000 0.583333
vt 0.027778 0.666667
vt 0.000000 0.666667
vt 0.027778 0.750000
vt 0.000000 0.750000
vt 0.027778 0.833333
vt 0.000000 0.833333
vt 0.027778 0.916667
vt 0.055556 0.916667
vt 0.055556 0.000000
vt 0.055556 0.083333
vt 0.055556 0.166667
vt 0.055556 0.250000
vt 0.027778 0.416667
vt 0.055556 0.333333
vt 0.055556 0.500000
vt 0.055556 0.583333
vt 0.055556 0.666667
vt 0.055556 0.750000
vt 0.055556 0.833333
vt 0.083333 1.000000
vt 0.055556 1.000000
vt 0.083333 0.000000
vt 0.083333 0.083333
vt 0.083333 0.166667
vt 0.083333 0.250000
vt 0.055556 0.416667
vt 0.083333 0.333333
vt 0.083333 0.500000
vt 0.083333 0.583333
vt 0.083333 0.666667
vt 0.083333 0.750000
vt 0.083333 0.833333
vt 0.083333 0.916667
vt 0.111111 1.000000
vt 0.111111 0.000000
vt 0.111111 0.083333
vt 0.111111 0.166667
vt 0.111111 0.250000
vt 0.083333 0.416667
vt 0.111111 0.333333
vt 0.111111 0.500000
vt 0.111111 0.583333
vt 0.111111 0.666667
vt 0.111111 0.750000
vt 0.111111 0.833333
vt 0.111111 0.916667
vt 0.138889 0.916667
vt 0.138889 0.000000
vt 0.138889 0.166667
vt 0.138889 0.250000
vt 0.111111 0.416667
vt 0.138889 0.333333
vt 0.138889 0.500000
vt 0.138889 0.583333
vt 0.138889 0.666667
vt 0.138889 0.750000
vt 0.138889 0.833333
vt 0.138889 1.000000
vt 0.166667 0.916667
vt 0.138889 0.083333
vt 0.166667 0.000000
vt 0.166667 0.166667
vt 0.166667 0.250000
vt 0.166667 0.333333
vt 0.166667 0.416667
vt 0.138889 0.416667
vt 0.166667 0.500000
vt 0.166667 0.583333
vt 0.166667 0.666667
vt 0.166667 0.750000
vt 0.166667 0.833333
vt 0.166667 1.000000
vt 0.194444 0.916667
vt 0.166667 0.083333
vt 0.194444 0.000000
vt 0.194444 0.166667
vt 0.194444 0.250000
vt 0.194444 0.333333
vt 0.194444 0.416667
vt 0.194444 0.500000
vt 0.194444 0.583333
vt 0.194444 0.666667
vt 0.194444 0.750000
vt 0.194444 0.833333
vt 0.194444 1.000000
vt 0.222222 0.916667
vt 0.194444 0.083333
vt 0.222222 0.000000
vt 0.222222 0.166667
vt 0.222222 0.250000
vt 0.222222 0.333333
vt 0.222222 0.416667
vt 0.222222 0.500000
vt 0.222222 0.583333
vt 0.222222 0.666667
vt 0.222222 0.750000
vt 0.250000 1.000000
vt 0.222222 1.000000
vt 0.222222 0.083333
vt 0.250000 0.000000
vt 0.250000 0.083333
vt 0.250000 0.166667
vt 0.250000 0.250000
vt 0.250000 0.333333
vt 0.250000 0.416667
vt 0.250000 0.500000
vt 0.250000 0.583333
vt 0.250000 0.750000
vt 0.250000 0.833333
vt 0.222222 0.833333
vt 0.250000 0.916667
vt 0.277778 1.000000
vt 0.277778 0.000000
vt 0.277778 0.083333
vt 0.277778 0.166667
vt 0.277778 0.250000
vt 0.277778 0.333333
vt 0.277778 0.416667
vt 0.277778 0.500000
vt 0.277778 0.666667
vt 0.250000 0.666667
vt 0.277778 0.750000
vt 0.277778 0.833333
vt 0.277778 0.916667
vt 0.305556 1.000000
vt 0.305556 0.000000
vt 0.305556 0.083333
vt 0.305556 0.166667
vt 0.305556 0.250000
vt 0.305556 0.333333
vt 0.305556 0.416667
vt 0.305556 0.583333
vt 0.277778 0.583333
vt 0.305556 0.666667
vt 0.305556 0.750000
vt 0.305556 0.833333
vt 0.305556 0.916667
vt 0.333333 1.000000
vt 0.333333 0.000000
vt 0.333333 0.083333
vt 0.333333 0.166667
vt 0.333333 0.250000
vt 0.333333 0.333333
vt 0.305556 0.500000
vt 0.333333 0.416667
vt 0.333333 0.583333
vt 0.333333 0.666667
vt 0.333333 0.750000
vt 0.333333 0.833333
vt 0.333333 0.916667
vt 0.361111 1.000000
vt 0.361111 0.083333
vt 0.361111 0.166667
vt 0.361111 0.250000
vt 0.361111 0.333333
vt 0.333333 0.500000
vt 0.361111 0.416667
vt 0.361111 0.500000
vt 0.361111 0.666667
vt 0.361111 0.750000
vt 0.361111 0.833333
vt 0.361111 0.916667
vt 0.388889 1.000000
vt 0.388889 0.083333
vt 0.361111 0.000000
vt 0.388889 0.166667
vt 0.388889 0.250000
vt 0.388889 0.333333
vt 0.388889 0.416667
vt 0.361111 0.583333
vt 0.388889 0.500000
vt 0.388889 0.583333
vt 0.388889 0.666667
vt 0.388889 0.833333
vt 0.388889 0.916667
vt 0.416667 1.000000
vt 0.416667 0.083333
vt 0.388889 0.000000
vt 0.416667 0.166667
vt 0.416667 0.250000
vt 0.416667 0.333333
vt 0.416667 0.416667
vt 0.416667 0.500000
vt 0.416667 0.583333
vt 0.388889 0.750000
vt 0.416667 0.666667
vt 0.416667 0.833333
vt 0.416667 0.916667
vt 0.444444 1.000000
vt 0.444444 0.083333
vt 0.416667 0.000000
vt 0.444444 0.166667
vt 0.444444 0.250000
vt 0.444444 0.333333
vt 0.444444 0.416667
vt 0.444444 0.500000
vt 0.444444 0.583333
vt 0.416667 0.750000
vt 0.444444 0.666667
vt 0.444444 0.833333
vt 0.472222 0.916667
vt 0.444444 0.916667
vt 0.472222 0.083333
vt 0.444444 0.000000
vt 0.472222 0.166667
vt 0.472222 0.250000
vt 0.472222 0.333333
vt 0.472222 0.416667
vt 0.472222 0.500000
vt 0.472222 0.583333
vt 0.444444 0.750000
vt 0.472222 0.666667
vt 0.472222 0.833333
vt 0.472222 1.000000
vt 0.500000 0.916667
vt 0.500000 0.083333
vt 0.472222 0.000000
vt 0.500000 0.166667
vt 0.500000 0.250000
vt 0.500000 0.333333
vt 0.500000 0.416667
vt 0.500000 0.500000
vt 0.500000 0.583333
vt 0.500000 0.666667
vt 0.500000 0.750000
vt 0.472222 0.750000
vt 0.500000 0.833333
vt 0.500000 1.000000
vt 0.527778 0.916667
vt 0.527778 0.000000
vt 0.500000 0.000000
vt 0.527778 0.083333
vt 0.527778 0.250000
vt 0.527778 0.333333
vt 0.527778 0.416667
vt 0.527778 0.500000
vt 0.527778 0.583333
vt 0.527778 0.666667
vt 0.527778 0.750000
vt 0.527778 0.833333
vt 0.527778 1.000000
vt 0.555556 0.916667
vt 0.555556 0.000000
vt 0.527778 0.166667
vt 0.555556 0.083333
vt 0.555556 0.166667
vt 0.555556 0.333333
vt 0.555556 0.416667
vt 0.555556 0.500000
vt 0.555556 0.583333
vt 0.555556 0.666667
vt 0.555556 0.750000
vt 0.555556 0.833333
vt 0.555556 1.000000
vt 0.583333 0.916667
vt 0.583333 0.000000
vt 0.583333 0.083333
vt 0.555556 0.250000
vt 0.583333 0.166667
vt 0.583333 0.333333
vt 0.583333 0.416667
vt 0.583333 0.500000
vt 0.583333 0.583333
vt 0.583333 0.666667
vt 0.583333 0.750000
vt 0.583333 0.833333
vt 0.583333 1.000000
vt 0.611111 0.916667
vt 0.611111 0.000000
vt 0.611111 0.083333
vt 0.583333 0.250000
vt 0.611111 0.166667
vt 0.611111 0.333333
vt 0.611111 0.416667
vt 0.611111 0.500000
vt 0.611111 0.583333
vt 0.611111 0.666667
vt 0.611111 0.750000
vt 0.611111 0.833333
vt 0.611111 1.000000
vt 0.638889 0.916667
vt 0.638889 0.000000
vt 0.638889 0.166667
vt 0.638889 0.250000
vt 0.611111 0.250000
vt 0.638889 0.333333
vt 0.638889 0.416667
vt 0.638889 0.500000
vt 0.638889 0.583333
vt 0.638889 0.666667
vt 0.638889 0.750000
vt 0.638889 0.833333
vt 0.638889 1.000000
vt 0.666667 0.916667
vt 0.666667 0.083333
vt 0.638889 0.083333
vt 0.666667 0.166667
vt 0.666667 0.250000
vt 0.666667 0.333333
vt 0.666667 0.416667
vt 0.666667 0.500000
vt 0.666667 0.583333
vt 0.666667 0.666667
vt 0.666667 0.750000
vt 0.666667 0.833333
vt 0.694444 1.000000
vt 0.666667 1.000000
vt 0.694444 0.083333
vt 0.666667 0.000000
vt 0.694444 0.166667
vt 0.694444 0.250000
vt 0.694444 0.333333
vt 0.694444 0.416667
vt 0.694444 0.500000
vt 0.694444 0.583333
vt 0.694444 0.666667
vt 0.694444 0.750000
vt 0.694444 0.833333
vt 0.722222 1.000000
vt 0.694444 0.916667
vt 0.722222 0.083333
vt 0.694444 0.000000
vt 0.722222 0.166667
vt 0.722222 0.250000
vt 0.722222 0.333333
vt 0.722222 0.416667
vt 0.722222 0.500000
vt 0.722222 0.666667
vt 0.722222 0.750000
vt 0.722222 0.833333
vt 0.722222 0.916667
vt 0.750000 1.000000
vt 0.750000 0.083333
vt 0.722222 0.000000
vt 0.750000 0.166667
vt 0.750000 0.250000
vt 0.750000 0.333333
vt 0.750000 0.416667
vt 0.722222 0.583333
vt 0.750000 0.500000
vt 0.750000 0.666667
vt 0.750000 0.750000
vt 0.750000 0.833333
vt 0.750000 0.916667
vt 0.777778 1.000000
vt 0.777778 0.083333
vt 0.750000 0.000000
vt 0.777778 0.166667
vt 0.777778 0.250000
vt 0.777778 0.333333
vt 0.777778 0.416667
vt 0.750000 0.583333
vt 0.777778 0.500000
vt 0.777778 0.583333
vt 0.777778 0.666667
vt 0.777778 0.833333
vt 0.777778 0.916667
vt 0.805556 0.916667
vt 0.805556 0.083333
vt 0.777778 0.000000
vt 0.805556 0.166667
vt 0.805556 0.250000
vt 0.805556 0.333333
vt 0.805556 0.416667
vt 0.805556 0.500000
vt 0.805556 0.583333
vt 0.777778 0.750000
vt 0.805556 0.666667
vt 0.805556 0.750000
vt 0.805556 0.833333
vt 0.805556 1.000000
vt 0.833333 0.916667
vt 0.833333 0.083333
vt 0.805556 0.000000
vt 0.833333 0.166667
vt 0.833333 0.250000
vt 0.833333 0.333333
vt 0.833333 0.416667
vt 0.833333 0.500000
vt 0.833333 0.583333
vt 0.833333 0.666667
vt 0.833333 0.750000
vt 0.833333 0.833333
vt 0.833333 1.000000
vt 0.861111 0.916667
vt 0.861111 0.000000
vt 0.833333 0.000000
vt 0.861111 0.166667
vt 0.861111 0.250000
vt 0.861111 0.333333
vt 0.861111 0.416667
vt 0.861111 0.500000
vt 0.861111 0.583333
vt 0.861111 0.666667
vt 0.861111 0.750000
vt 0.861111 0.833333
vt 0.861111 1.000000
vt 0.888889 0.916667
vt 0.861111 0.083333
vt 0.888889 0.000000
vt 0.888889 0.166667
vt 0.888889 0.250000
vt 0.888889 0.333333
vt 0.888889 0.416667
vt 0.888889 0.500000
vt 0.888889 0.583333
vt 0.888889 0.666667
vt 0.888889 0.750000
vt 0.888889 0.833333
vt 0.888889 1.000000
vt 0.916667 0.916667
vt 0.888889 0.083333
vt 0.916667 0.000000
vt 0.916667 0.083333
vt 0.916667 0.250000
vt 0.916667 0.333333
vt 0.916667 0.416667
vt 0.916667 0.500000
vt 0.916667 0.583333
vt 0.916667 0.666667
vt 0.916667 0.750000
vt 0.916667 0.833333
vt 0.916667 1.000000
vt 0.944444 0.916667
vt 0.944444 0.000000
vt 0.916667 0.166667
vt 0.944444 0.083333
vt 0.944444 0.166667
vt 0.944444 0.250000
vt 0.944444 0.333333
vt 0.944444 0.416667
vt 0.944444 0.500000
vt 0.944444 0.583333
vt 0.944444 0.666667
vt 0.944444 0.750000
vt 0.944444 0.833333
vt 0.944444 1.000000
vt 0.972222 0.916667
vt 0.972222 0.000000
vt 0.972222 0.083333
vt 0.972222 0.166667
vt 0.972222 0.250000
vt 0.972222 0.333333
vt 0.972222 0.416667
vt 0.972222 0.500000
vt 0.972222 0.583333
vt 0.972222 0.666667
vt 0.972222 0.750000
vt 0.972222 0.833333
vt 0.972222 1.000000
vt 1.000000 0.916667
vt 1.000000 0.000000
vt 1.000000 0.083333
vt 1.000000 0.166667
vt 1.000000 0.250000
vt 1.000000 0.333333
vt 1.000000 0.416667
vt 1.000000 0.500000
vt 1.000000 0.583333
vt 1.000000 0.666667
vt 1.000000 0.750000
vt 1.000000 0.833333
vt 0.484375 0.484375
vt 0.484375 0.500000
vt 0.734375 0.484375
vt 0.734375 0.500000
vt 0.734375 0.234375
vt 0.734375 0.250000
vt 0.250000 0.484375
vt 0.234375 0.500000
vt 0.234375 0.484375
vt 0.234375 0.234375
vt 0.234375 0.250000
vt 0.484375 0.234375
vt 0.484375 0.250000
vt 0.875000 0.609375
vt 0.859375 0.625000
vt 0.859375 0.609375
vt 0.625000 0.609375
vt 0.609375 0.625000
vt 0.609375 0.609375
vt 0.750000 0.609375
vt 0.734375 0.625000
vt 0.734375 0.609375
vt 0.375000 0.609375
vt 0.359375 0.625000
vt 0.359375 0.609375
vt 0.500000 0.609375
vt 0.484375 0.625000
vt 0.484375 0.609375
vt 0.125000 0.609375
vt 0.109375 0.625000
vt 0.109375 0.609375
vt 0.250000 0.609375
vt 0.234375 0.625000
vt 0.234375 0.609375
vt 0.359375 0.234375
vt 0.375000 0.250000
vt 0.359375 0.250000
vt 0.109375 0.234375
vt 0.125000 0.250000
vt 0.109375 0.250000
vt 0.109375 0.484375
vt 0.125000 0.500000
vt 0.109375 0.500000
vt 0.109375 0.359375
vt 0.125000 0.375000
vt 0.109375 0.375000
vt 0.250000 0.359375
vt 0.234375 0.375000
vt 0.234375 0.359375
vt 0.859375 0.234375
vt 0.875000 0.250000
vt 0.859375 0.250000
vt 0.609375 0.234375
vt 0.625000 0.250000
vt 0.609375 0.250000
vt 0.625000 0.484375
vt 0.609375 0.500000
vt 0.609375 0.484375
vt 0.609375 0.359375
vt 0.625000 0.375000
vt 0.609375 0.375000
vt 0.734375 0.359375
vt 0.750000 0.375000
vt 0.734375 0.375000
vt 0.859375 0.484375
vt 0.875000 0.500000
vt 0.859375 0.500000
vt 0.875000 0.359375
vt 0.859375 0.375000
vt 0.859375 0.359375
vt 0.375000 0.484375
vt 0.359375 0.500000
vt 0.359375 0.484375
vt 0.375000 0.359375
vt 0.359375 0.375000
vt 0.359375 0.359375
vt 0.484375 0.359375
vt 0.500000 0.375000
vt 0.484375 0.375000
vt 0.421875 0.359375
vt 0.437500 0.375000
vt 0.421875 0.375000
vt 0.421875 0.296875
vt 0.437500 0.312500
vt 0.421875 0.312500
vt 0.484375 0.296875
vt 0.500000 0.312500
vt 0.484375 0.312500
vt 0.312500 0.359375
vt 0.296875 0.375000
vt 0.296875 0.359375
vt 0.312500 0.296875
vt 0.296875 0.312500
vt 0.296875 0.296875
vt 0.375000 0.296875
vt 0.359375 0.312500
vt 0.359375 0.296875
vt 0.312500 0.484375
vt 0.296875 0.500000
vt 0.296875 0.484375
vt 0.312500 0.421875
vt 0.296875 0.437500
vt 0.296875 0.421875
vt 0.375000 0.421875
vt 0.359375 0.437500
vt 0.359375 0.421875
vt 0.937500 0.359375
vt 0.921875 0.375000
vt 0.921875 0.359375
vt 0.921875 0.296875
vt 0.937500 0.312500
vt 0.921875 0.312500
vt 0.796875 0.359375
vt 0.812500 0.375000
vt 0.796875 0.375000
vt 0.796875 0.296875
vt 0.812500 0.312500
vt 0.796875 0.312500
vt 0.859375 0.296875
vt 0.875000 0.312500
vt 0.859375 0.312500
vt 0.796875 0.484375
vt 0.812500 0.500000
vt 0.796875 0.500000
vt 0.796875 0.421875
vt 0.812500 0.437500
vt 0.796875 0.437500
vt 0.859375 0.421875
vt 0.875000 0.437500
vt 0.859375 0.437500
vt 0.671875 0.359375
vt 0.687500 0.375000
vt 0.671875 0.375000
vt 0.671875 0.296875
vt 0.687500 0.312500
vt 0.671875 0.312500
vt 0.734375 0.296875
vt 0.750000 0.312500
vt 0.734375 0.312500
vt 0.546875 0.359375
vt 0.562500 0.375000
vt 0.546875 0.375000
vt 0.546875 0.296875
vt 0.562500 0.312500
vt 0.546875 0.312500
vt 0.609375 0.296875
vt 0.625000 0.312500
vt 0.609375 0.312500
vt 0.562500 0.484375
vt 0.546875 0.500000
vt 0.546875 0.484375
vt 0.546875 0.421875
vt 0.562500 0.437500
vt 0.546875 0.437500
vt 0.609375 0.421875
vt 0.625000 0.437500
vt 0.609375 0.437500
vt 0.546875 0.234375
vt 0.562500 0.250000
vt 0.546875 0.250000
vt 0.796875 0.234375
vt 0.812500 0.250000
vt 0.796875 0.250000
vt 0.187500 0.359375
vt 0.171875 0.375000
vt 0.171875 0.359375
vt 0.171875 0.296875
vt 0.187500 0.312500
vt 0.171875 0.312500
vt 0.234375 0.296875
vt 0.250000 0.312500
vt 0.234375 0.312500
vt 0.046875 0.359375
vt 0.062500 0.375000
vt 0.046875 0.375000
vt 0.046875 0.296875
vt 0.062500 0.312500
vt 0.046875 0.312500
vt 0.109375 0.296875
vt 0.125000 0.312500
vt 0.109375 0.312500
vt 0.046875 0.484375
vt 0.062500 0.500000
vt 0.046875 0.500000
vt 0.046875 0.421875
vt 0.062500 0.437500
vt 0.046875 0.437500
vt 0.109375 0.421875
vt 0.125000 0.437500
vt 0.109375 0.437500
vt 0.046875 0.234375
vt 0.062500 0.250000
vt 0.046875 0.250000
vt 0.296875 0.234375
vt 0.312500 0.250000
vt 0.296875 0.250000
vt 0.171875 0.609375
vt 0.187500 0.625000
vt 0.171875 0.625000
vt 0.171875 0.546875
vt 0.187500 0.562500
vt 0.171875 0.562500
vt 0.250000 0.546875
vt 0.234375 0.562500
vt 0.234375 0.546875
vt 0.046875 0.609375
vt 0.062500 0.625000
vt 0.046875 0.625000
vt 0.046875 0.546875
vt 0.062500 0.562500
vt 0.046875 0.562500
vt 0.109375 0.546875
vt 0.125000 0.562500
vt 0.109375 0.562500
vt 0.062500 0.671875
vt 0.046875 0.687500
vt 0.046875 0.671875
vt 0.125000 0.671875
vt 0.109375 0.687500
vt 0.109375 0.671875
vt 0.421875 0.609375
vt 0.437500 0.625000
vt 0.421875 0.625000
vt 0.421875 0.546875
vt 0.437500 0.562500
vt 0.421875 0.562500
vt 0.484375 0.546875
vt 0.500000 0.562500
vt 0.484375 0.562500
vt 0.312500 0.609375
vt 0.296875 0.625000
vt 0.296875 0.609375
vt 0.312500 0.546875
vt 0.296875 0.562500
vt 0.296875 0.546875
vt 0.375000 0.546875
vt 0.359375 0.562500
vt 0.359375 0.546875
vt 0.312500 0.671875
vt 0.296875 0.687500
vt 0.296875 0.671875
vt 0.359375 0.671875
vt 0.375000 0.687500
vt 0.359375 0.687500
vt 0.687500 0.609375
vt 0.671875 0.625000
vt 0.671875 0.609375
vt 0.687500 0.546875
vt 0.671875 0.562500
vt 0.671875 0.546875
vt 0.750000 0.546875
vt 0.734375 0.562500
vt 0.734375 0.546875
vt 0.562500 0.609375
vt 0.546875 0.625000
vt 0.546875 0.609375
vt 0.562500 0.546875
vt 0.546875 0.562500
vt 0.546875 0.546875
vt 0.625000 0.546875
vt 0.609375 0.562500
vt 0.609375 0.546875
vt 0.562500 0.671875
vt 0.546875 0.687500
vt 0.546875 0.671875
vt 0.625000 0.671875
vt 0.609375 0.687500
vt 0.609375 0.671875
vt 0.921875 0.609375
vt 0.937500 0.625000
vt 0.921875 0.625000
vt 0.921875 0.546875
vt 0.937500 0.562500
vt 0.921875 0.562500
vt 0.812500 0.609375
vt 0.796875 0.625000
vt 0.796875 0.609375
vt 0.796875 0.546875
vt 0.812500 0.562500
vt 0.796875 0.562500
vt 0.875000 0.546875
vt 0.859375 0.562500
vt 0.859375 0.546875
vt 0.812500 0.671875
vt 0.796875 0.687500
vt 0.796875 0.671875
vt 0.859375 0.671875
vt 0.875000 0.687500
vt 0.859375 0.687500
vt 0.921875 0.671875
vt 0.937500 0.687500
vt 0.921875 0.687500
vt 0.687500 0.671875
vt 0.671875 0.687500
vt 0.671875 0.671875
vt 0.750000 0.671875
vt 0.734375 0.687500
vt 0.734375 0.671875
vt 0.421875 0.671875
vt 0.437500 0.687500
vt 0.421875 0.687500
vt 0.500000 0.671875
vt 0.484375 0.687500
vt 0.484375 0.671875
vt 0.187500 0.671875
vt 0.171875 0.687500
vt 0.171875 0.671875
vt 0.250000 0.671875
vt 0.234375 0.687500
vt 0.234375 0.671875
vt 0.421875 0.234375
vt 0.437500 0.250000
vt 0.421875 0.250000
vt 0.171875 0.234375
vt 0.187500 0.250000
vt 0.171875 0.250000
vt 0.187500 0.484375
vt 0.171875 0.500000
vt 0.171875 0.484375
vt 0.187500 0.421875
vt 0.171875 0.437500
vt 0.171875 0.421875
vt 0.250000 0.421875
vt 0.234375 0.437500
vt 0.234375 0.421875
vt 0.937500 0.234375
vt 0.921875 0.250000
vt 0.921875 0.234375
vt 0.671875 0.234375
vt 0.687500 0.250000
vt 0.671875 0.250000
vt 0.671875 0.484375
vt 0.687500 0.500000
vt 0.671875 0.500000
vt 0.671875 0.421875
vt 0.687500 0.437500
vt 0.671875 0.437500
vt 0.734375 0.421875
vt 0.750000 0.437500
vt 0.734375 0.437500
vt 0.937500 0.484375
vt 0.921875 0.500000
vt 0.921875 0.484375
vt 0.937500 0.421875
vt 0.921875 0.437500
vt 0.921875 0.421875
vt 0.421875 0.484375
vt 0.437500 0.500000
vt 0.421875 0.500000
vt 0.421875 0.421875
vt 0.437500 0.437500
vt 0.421875 0.437500
vt 0.484375 0.421875
vt 0.500000 0.437500
vt 0.484375 0.437500
vt 0.453125 0.421875
vt 0.468750 0.437500
vt 0.453125 0.437500
vt 0.453125 0.390625
vt 0.468750 0.406250
vt 0.453125 0.406250
vt 0.484375 0.390625
vt 0.500000 0.406250
vt 0.484375 0.406250
vt 0.406250 0.421875
vt 0.390625 0.437500
vt 0.390625 0.421875
vt 0.406250 0.390625
vt 0.390625 0.406250
vt 0.390625 0.390625
vt 0.421875 0.390625
vt 0.437500 0.406250
vt 0.421875 0.406250
vt 0.406250 0.484375
vt 0.390625 0.500000
vt 0.390625 0.484375
vt 0.406250 0.453125
vt 0.390625 0.468750
vt 0.390625 0.453125
vt 0.421875 0.453125
vt 0.437500 0.468750
vt 0.421875 0.468750
vt 0.906250 0.421875
vt 0.890625 0.437500
vt 0.890625 0.421875
vt 0.906250 0.390625
vt 0.890625 0.406250
vt 0.890625 0.390625
vt 0.921875 0.390625
vt 0.937500 0.406250
vt 0.921875 0.406250
vt 0.890625 0.484375
vt 0.906250 0.500000
vt 0.890625 0.500000
vt 0.890625 0.453125
vt 0.906250 0.468750
vt 0.890625 0.468750
vt 0.921875 0.453125
vt 0.937500 0.468750
vt 0.921875 0.468750
vt 0.703125 0.421875
vt 0.718750 0.437500
vt 0.703125 0.437500
vt 0.703125 0.390625
vt 0.718750 0.406250
vt 0.703125 0.406250
vt 0.734375 0.390625
vt 0.750000 0.406250
vt 0.734375 0.406250
vt 0.640625 0.421875
vt 0.656250 0.437500
vt 0.640625 0.437500
vt 0.640625 0.390625
vt 0.656250 0.406250
vt 0.640625 0.406250
vt 0.671875 0.390625
vt 0.687500 0.406250
vt 0.671875 0.406250
vt 0.640625 0.484375
vt 0.656250 0.500000
vt 0.640625 0.500000
vt 0.640625 0.453125
vt 0.656250 0.468750
vt 0.640625 0.468750
vt 0.671875 0.453125
vt 0.687500 0.468750
vt 0.671875 0.468750
vt 0.640625 0.234375
vt 0.656250 0.250000
vt 0.640625 0.250000
vt 0.640625 0.203125
vt 0.656250 0.218750
vt 0.640625 0.218750
vt 0.671875 0.203125
vt 0.687500 0.218750
vt 0.671875 0.218750
vt 0.890625 0.234375
vt 0.906250 0.250000
vt 0.890625 0.250000
vt 0.906250 0.203125
vt 0.890625 0.218750
vt 0.890625 0.203125
vt 0.921875 0.203125
vt 0.937500 0.218750
vt 0.921875 0.218750
vt 0.203125 0.421875
vt 0.218750 0.437500
vt 0.203125 0.437500
vt 0.218750 0.390625
vt 0.203125 0.406250
vt 0.203125 0.390625
vt 0.250000 0.390625
vt 0.234375 0.406250
vt 0.234375 0.390625
vt 0.140625 0.421875
vt 0.156250 0.437500
vt 0.140625 0.437500
vt 0.140625 0.390625
vt 0.156250 0.406250
vt 0.140625 0.406250
vt 0.171875 0.390625
vt 0.187500 0.406250
vt 0.171875 0.406250
vt 0.156250 0.484375
vt 0.140625 0.500000
vt 0.140625 0.484375
vt 0.140625 0.453125
vt 0.156250 0.468750
vt 0.140625 0.468750
vt 0.171875 0.453125
vt 0.187500 0.468750
vt 0.171875 0.468750
vt 0.140625 0.234375
vt 0.156250 0.250000
vt 0.140625 0.250000
vt 0.140625 0.203125
vt 0.156250 0.218750
vt 0.140625 0.218750
vt 0.171875 0.203125
vt 0.187500 0.218750
vt 0.171875 0.218750
vt 0.390625 0.234375
vt 0.406250 0.250000
vt 0.390625 0.250000
vt 0.390625 0.203125
vt 0.406250 0.218750
vt 0.390625 0.218750
vt 0.421875 0.203125
vt 0.437500 0.218750
vt 0.421875 0.218750
vt 0.218750 0.671875
vt 0.203125 0.687500
vt 0.203125 0.671875
vt 0.218750 0.640625
vt 0.203125 0.656250
vt 0.203125 0.640625
vt 0.250000 0.640625
vt 0.234375 0.656250
vt 0.234375 0.640625
vt 0.140625 0.671875
vt 0.156250 0.687500
vt 0.140625 0.687500
vt 0.156250 0.640625
vt 0.140625 0.656250
vt 0.140625 0.640625
vt 0.171875 0.640625
vt 0.187500 0.656250
vt 0.171875 0.656250
vt 0.156250 0.703125
vt 0.140625 0.718750
vt 0.140625 0.703125
vt 0.171875 0.703125
vt 0.187500 0.718750
vt 0.171875 0.718750
vt 0.453125 0.671875
vt 0.468750 0.687500
vt 0.453125 0.687500
vt 0.468750 0.640625
vt 0.453125 0.656250
vt 0.453125 0.640625
vt 0.484375 0.640625
vt 0.500000 0.656250
vt 0.484375 0.656250
vt 0.390625 0.671875
vt 0.406250 0.687500
vt 0.390625 0.687500
vt 0.406250 0.640625
vt 0.390625 0.656250
vt 0.390625 0.640625
vt 0.421875 0.640625
vt 0.437500 0.656250
vt 0.421875 0.656250
vt 0.390625 0.703125
vt 0.406250 0.718750
vt 0.390625 0.718750
vt 0.421875 0.703125
vt 0.437500 0.718750
vt 0.421875 0.718750
vt 0.718750 0.671875
vt 0.703125 0.687500
vt 0.703125 0.671875
vt 0.718750 0.640625
vt 0.703125 0.656250
vt 0.703125 0.640625
vt 0.750000 0.640625
vt 0.734375 0.656250
vt 0.734375 0.640625
vt 0.656250 0.671875
vt 0.640625 0.687500
vt 0.640625 0.671875
vt 0.656250 0.640625
vt 0.640625 0.656250
vt 0.640625 0.640625
vt 0.687500 0.640625
vt 0.671875 0.656250
vt 0.671875 0.640625
vt 0.656250 0.703125
vt 0.640625 0.718750
vt 0.640625 0.703125
vt 0.687500 0.703125
vt 0.671875 0.718750
vt 0.671875 0.703125
vt 0.906250 0.671875
vt 0.890625 0.687500
vt 0.890625 0.671875
vt 0.890625 0.640625
vt 0.906250 0.656250
vt 0.890625 0.656250
vt 0.937500 0.640625
vt 0.921875 0.656250
vt 0.921875 0.640625
vt 0.890625 0.703125
vt 0.906250 0.718750
vt 0.890625 0.718750
vt 0.937500 0.703125
vt 0.921875 0.718750
vt 0.921875 0.703125
vt 0.843750 0.671875
vt 0.828125 0.687500
vt 0.828125 0.671875
vt 0.843750 0.640625
vt 0.828125 0.656250
vt 0.828125 0.640625
vt 0.875000 0.640625
vt 0.859375 0.656250
vt 0.859375 0.640625
vt 0.781250 0.671875
vt 0.765625 0.687500
vt 0.765625 0.671875
vt 0.781250 0.640625
vt 0.765625 0.656250
vt 0.765625 0.640625
vt 0.812500 0.640625
vt 0.796875 0.656250
vt 0.796875 0.640625
vt 0.781250 0.703125
vt 0.765625 0.718750
vt 0.765625 0.703125
vt 0.812500 0.703125
vt 0.796875 0.718750
vt 0.796875 0.703125
vt 0.828125 0.546875
vt 0.843750 0.562500
vt 0.828125 0.562500
vt 0.828125 0.515625
vt 0.843750 0.531250
vt 0.828125 0.531250
vt 0.859375 0.515625
vt 0.875000 0.531250
vt 0.859375 0.531250
vt 0.765625 0.546875
vt 0.781250 0.562500
vt 0.765625 0.562500
vt 0.765625 0.515625
vt 0.781250 0.531250
vt 0.765625 0.531250
vt 0.796875 0.515625
vt 0.812500 0.531250
vt 0.796875 0.531250
vt 0.765625 0.609375
vt 0.781250 0.625000
vt 0.765625 0.625000
vt 0.781250 0.578125
vt 0.765625 0.593750
vt 0.765625 0.578125
vt 0.796875 0.578125
vt 0.812500 0.593750
vt 0.796875 0.593750
vt 0.890625 0.546875
vt 0.906250 0.562500
vt 0.890625 0.562500
vt 0.906250 0.515625
vt 0.890625 0.531250
vt 0.890625 0.515625
vt 0.921875 0.515625
vt 0.937500 0.531250
vt 0.921875 0.531250
vt 0.906250 0.609375
vt 0.890625 0.625000
vt 0.890625 0.609375
vt 0.906250 0.578125
vt 0.890625 0.593750
vt 0.890625 0.578125
vt 0.937500 0.578125
vt 0.921875 0.593750
vt 0.921875 0.578125
vt 0.593750 0.671875
vt 0.578125 0.687500
vt 0.578125 0.671875
vt 0.593750 0.640625
vt 0.578125 0.656250
vt 0.578125 0.640625
vt 0.625000 0.640625
vt 0.609375 0.656250
vt 0.609375 0.640625
vt 0.531250 0.671875
vt 0.515625 0.687500
vt 0.515625 0.671875
vt 0.531250 0.640625
vt 0.515625 0.656250
vt 0.515625 0.640625
vt 0.562500 0.640625
vt 0.546875 0.656250
vt 0.546875 0.640625
vt 0.531250 0.703125
vt 0.515625 0.718750
vt 0.515625 0.703125
vt 0.562500 0.703125
vt 0.546875 0.718750
vt 0.546875 0.703125
vt 0.593750 0.546875
vt 0.578125 0.562500
vt 0.578125 0.546875
vt 0.593750 0.515625
vt 0.578125 0.531250
vt 0.578125 0.515625
vt 0.625000 0.515625
vt 0.609375 0.531250
vt 0.609375 0.515625
vt 0.531250 0.546875
vt 0.515625 0.562500
vt 0.515625 0.546875
vt 0.515625 0.515625
vt 0.531250 0.531250
vt 0.515625 0.531250
vt 0.562500 0.515625
vt 0.546875 0.531250
vt 0.546875 0.515625
vt 0.531250 0.609375
vt 0.515625 0.625000
vt 0.515625 0.609375
vt 0.531250 0.578125
vt 0.515625 0.593750
vt 0.515625 0.578125
vt 0.562500 0.578125
vt 0.546875 0.593750
vt 0.546875 0.578125
vt 0.718750 0.546875
vt 0.703125 0.562500
vt 0.703125 0.546875
vt 0.703125 0.515625
vt 0.718750 0.531250
vt 0.703125 0.531250
vt 0.734375 0.515625
vt 0.750000 0.531250
vt 0.734375 0.531250
vt 0.656250 0.546875
vt 0.640625 0.562500
vt 0.640625 0.546875
vt 0.656250 0.515625
vt 0.640625 0.531250
vt 0.640625 0.515625
vt 0.687500 0.515625
vt 0.671875 0.531250
vt 0.671875 0.515625
vt 0.656250 0.609375
vt 0.640625 0.625000
vt 0.640625 0.609375
vt 0.656250 0.578125
vt 0.640625 0.593750
vt 0.640625 0.578125
vt 0.687500 0.578125
vt 0.671875 0.593750
vt 0.671875 0.578125
vt 0.343750 0.671875
vt 0.328125 0.687500
vt 0.328125 0.671875
vt 0.328125 0.640625
vt 0.343750 0.656250
vt 0.328125 0.656250
vt 0.375000 0.640625
vt 0.359375 0.656250
vt 0.359375 0.640625
vt 0.281250 0.671875
vt 0.265625 0.687500
vt 0.265625 0.671875
vt 0.281250 0.640625
vt 0.265625 0.656250
vt 0.265625 0.640625
vt 0.296875 0.640625
vt 0.312500 0.656250
vt 0.296875 0.656250
vt 0.265625 0.703125
vt 0.281250 0.718750
vt 0.265625 0.718750
vt 0.312500 0.703125
vt 0.296875 0.718750
vt 0.296875 0.703125
vt 0.343750 0.546875
vt 0.328125 0.562500
vt 0.328125 0.546875
vt 0.343750 0.515625
vt 0.328125 0.531250
vt 0.328125 0.515625
vt 0.375000 0.515625
vt 0.359375 0.531250
vt 0.359375 0.515625
vt 0.281250 0.546875
vt 0.265625 0.562500
vt 0.265625 0.546875
vt 0.281250 0.515625
vt 0.265625 0.531250
vt 0.265625 0.515625
vt 0.312500 0.515625
vt 0.296875 0.531250
vt 0.296875 0.515625
vt 0.281250 0.609375
vt 0.265625 0.625000
vt 0.265625 0.609375
vt 0.281250 0.578125
vt 0.265625 0.593750
vt 0.265625 0.578125
vt 0.312500 0.578125
vt 0.296875 0.593750
vt 0.296875 0.578125
vt 0.453125 0.546875
vt 0.468750 0.562500
vt 0.453125 0.562500
vt 0.453125 0.515625
vt 0.468750 0.531250
vt 0.453125 0.531250
vt 0.484375 0.515625
vt 0.500000 0.531250
vt 0.484375 0.531250
vt 0.406250 0.546875
vt 0.390625 0.562500
vt 0.390625 0.546875
vt 0.390625 0.515625
vt 0.406250 0.531250
vt 0.390625 0.531250
vt 0.421875 0.515625
vt 0.437500 0.531250
vt 0.421875 0.531250
vt 0.406250 0.609375
vt 0.390625 0.625000
vt 0.390625 0.609375
vt 0.406250 0.578125
vt 0.390625 0.593750
vt 0.390625 0.578125
vt 0.421875 0.578125
vt 0.437500 0.593750
vt 0.421875 0.593750
vt 0.078125 0.671875
vt 0.093750 0.687500
vt 0.078125 0.687500
vt 0.078125 0.640625
vt 0.093750 0.656250
vt 0.078125 0.656250
vt 0.125000 0.640625
vt 0.109375 0.656250
vt 0.109375 0.640625
vt 0.046875 0.640625
vt 0.062500 0.656250
vt 0.046875 0.656250
vt 0.062500 0.703125
vt 0.046875 0.718750
vt 0.046875 0.703125
vt 0.093750 0.546875
vt 0.078125 0.562500
vt 0.078125 0.546875
vt 0.078125 0.515625
vt 0.093750 0.531250
vt 0.078125 0.531250
vt 0.125000 0.515625
vt 0.109375 0.531250
vt 0.109375 0.515625
vt 0.046875 0.515625
vt 0.062500 0.531250
vt 0.046875 0.531250
vt 0.046875 0.578125
vt 0.062500 0.593750
vt 0.046875 0.593750
vt 0.218750 0.546875
vt 0.203125 0.562500
vt 0.203125 0.546875
vt 0.218750 0.515625
vt 0.203125 0.531250
vt 0.203125 0.515625
vt 0.250000 0.515625
vt 0.234375 0.531250
vt 0.234375 0.515625
vt 0.156250 0.546875
vt 0.140625 0.562500
vt 0.140625 0.546875
vt 0.140625 0.515625
vt 0.156250 0.531250
vt 0.140625 0.531250
vt 0.187500 0.515625
vt 0.171875 0.531250
vt 0.171875 0.515625
vt 0.156250 0.609375
vt 0.140625 0.625000
vt 0.140625 0.609375
vt 0.156250 0.578125
vt 0.140625 0.593750
vt 0.140625 0.578125
vt 0.187500 0.578125
vt 0.171875 0.593750
vt 0.171875 0.578125
vt 0.265625 0.234375
vt 0.281250 0.250000
vt 0.265625 0.250000
vt 0.265625 0.203125
vt 0.281250 0.218750
vt 0.265625 0.218750
vt 0.296875 0.203125
vt 0.312500 0.218750
vt 0.296875 0.218750
vt 0.046875 0.203125
vt 0.062500 0.218750
vt 0.046875 0.218750
vt 0.078125 0.421875
vt 0.093750 0.437500
vt 0.078125 0.437500
vt 0.078125 0.390625
vt 0.093750 0.406250
vt 0.078125 0.406250
vt 0.109375 0.390625
vt 0.125000 0.406250
vt 0.109375 0.406250
vt 0.046875 0.390625
vt 0.062500 0.406250
vt 0.046875 0.406250
vt 0.046875 0.453125
vt 0.062500 0.468750
vt 0.046875 0.468750
vt 0.078125 0.296875
vt 0.093750 0.312500
vt 0.078125 0.312500
vt 0.078125 0.265625
vt 0.093750 0.281250
vt 0.078125 0.281250
vt 0.109375 0.265625
vt 0.125000 0.281250
vt 0.109375 0.281250
vt 0.046875 0.265625
vt 0.062500 0.281250
vt 0.046875 0.281250
vt 0.046875 0.328125
vt 0.062500 0.343750
vt 0.046875 0.343750
vt 0.203125 0.296875
vt 0.218750 0.312500
vt 0.203125 0.312500
vt 0.203125 0.265625
vt 0.218750 0.281250
vt 0.203125 0.281250
vt 0.234375 0.265625
vt 0.250000 0.281250
vt 0.234375 0.281250
vt 0.140625 0.296875
vt 0.156250 0.312500
vt 0.140625 0.312500
vt 0.140625 0.265625
vt 0.156250 0.281250
vt 0.140625 0.281250
vt 0.171875 0.265625
vt 0.187500 0.281250
vt 0.171875 0.281250
vt 0.140625 0.359375
vt 0.156250 0.375000
vt 0.140625 0.375000
vt 0.156250 0.328125
vt 0.140625 0.343750
vt 0.140625 0.328125
vt 0.171875 0.328125
vt 0.187500 0.343750
vt 0.171875 0.343750
vt 0.781250 0.234375
vt 0.765625 0.250000
vt 0.765625 0.234375
vt 0.765625 0.203125
vt 0.781250 0.218750
vt 0.765625 0.218750
vt 0.812500 0.203125
vt 0.796875 0.218750
vt 0.796875 0.203125
vt 0.515625 0.234375
vt 0.531250 0.250000
vt 0.515625 0.250000
vt 0.515625 0.203125
vt 0.531250 0.218750
vt 0.515625 0.218750
vt 0.546875 0.203125
vt 0.562500 0.218750
vt 0.546875 0.218750
vt 0.578125 0.421875
vt 0.593750 0.437500
vt 0.578125 0.437500
vt 0.578125 0.390625
vt 0.593750 0.406250
vt 0.578125 0.406250
vt 0.609375 0.390625
vt 0.625000 0.406250
vt 0.609375 0.406250
vt 0.515625 0.421875
vt 0.531250 0.437500
vt 0.515625 0.437500
vt 0.515625 0.390625
vt 0.531250 0.406250
vt 0.515625 0.406250
vt 0.546875 0.390625
vt 0.562500 0.406250
vt 0.546875 0.406250
vt 0.515625 0.484375
vt 0.531250 0.500000
vt 0.515625 0.500000
vt 0.515625 0.453125
vt 0.531250 0.468750
vt 0.515625 0.468750
vt 0.546875 0.453125
vt 0.562500 0.468750
vt 0.546875 0.468750
vt 0.578125 0.296875
vt 0.593750 0.312500
vt 0.578125 0.312500
vt 0.578125 0.265625
vt 0.593750 0.281250
vt 0.578125 0.281250
vt 0.609375 0.265625
vt 0.625000 0.281250
vt 0.609375 0.281250
vt 0.515625 0.296875
vt 0.531250 0.312500
vt 0.515625 0.312500
vt 0.515625 0.265625
vt 0.531250 0.281250
vt 0.515625 0.281250
vt 0.546875 0.265625
vt 0.562500 0.281250
vt 0.546875 0.281250
vt 0.515625 0.359375
vt 0.531250 0.375000
vt 0.515625 0.375000
vt 0.515625 0.328125
vt 0.531250 0.343750
vt 0.515625 0.343750
vt 0.546875 0.328125
vt 0.562500 0.343750
vt 0.546875 0.343750
vt 0.703125 0.296875
vt 0.718750 0.312500
vt 0.703125 0.312500
vt 0.703125 0.265625
vt 0.718750 0.281250
vt 0.703125 0.281250
vt 0.734375 0.265625
vt 0.750000 0.281250
vt 0.734375 0.281250
vt 0.640625 0.296875
vt 0.656250 0.312500
vt 0.640625 0.312500
vt 0.640625 0.265625
vt 0.656250 0.281250
vt 0.640625 0.281250
vt 0.671875 0.265625
vt 0.687500 0.281250
vt 0.671875 0.281250
vt 0.640625 0.359375
vt 0.656250 0.375000
vt 0.640625 0.375000
vt 0.640625 0.328125
vt 0.656250 0.343750
vt 0.640625 0.343750
vt 0.671875 0.328125
vt 0.687500 0.343750
vt 0.671875 0.343750
vt 0.828125 0.421875
vt 0.843750 0.437500
vt 0.828125 0.437500
vt 0.828125 0.390625
vt 0.843750 0.406250
vt 0.828125 0.406250
vt 0.859375 0.390625
vt 0.875000 0.406250
vt 0.859375 0.406250
vt 0.765625 0.421875
vt 0.781250 0.437500
vt 0.765625 0.437500
vt 0.765625 0.390625
vt 0.781250 0.406250
vt 0.765625 0.406250
vt 0.796875 0.390625
vt 0.812500 0.406250
vt 0.796875 0.406250
vt 0.765625 0.484375
vt 0.781250 0.500000
vt 0.765625 0.500000
vt 0.765625 0.453125
vt 0.781250 0.468750
vt 0.765625 0.468750
vt 0.796875 0.453125
vt 0.812500 0.468750
vt 0.796875 0.468750
vt 0.843750 0.296875
vt 0.828125 0.312500
vt 0.828125 0.296875
vt 0.828125 0.265625
vt 0.843750 0.281250
vt 0.828125 0.281250
vt 0.875000 0.265625
vt 0.859375 0.281250
vt 0.859375 0.265625
vt 0.765625 0.296875
vt 0.781250 0.312500
vt 0.765625 0.312500
vt 0.765625 0.265625
vt 0.781250 0.281250
vt 0.765625 0.281250
vt 0.796875 0.265625
vt 0.812500 0.281250
vt 0.796875 0.281250
vt 0.765625 0.359375
vt 0.781250 0.375000
vt 0.765625 0.375000
vt 0.765625 0.328125
vt 0.781250 0.343750
vt 0.765625 0.343750
vt 0.796875 0.328125
vt 0.812500 0.343750
vt 0.796875 0.343750
vt 0.906250 0.296875
vt 0.890625 0.312500
vt 0.890625 0.296875
vt 0.890625 0.265625
vt 0.906250 0.281250
vt 0.890625 0.281250
vt 0.921875 0.265625
vt 0.937500 0.281250
vt 0.921875 0.281250
vt 0.890625 0.359375
vt 0.906250 0.375000
vt 0.890625 0.375000
vt 0.906250 0.328125
vt 0.890625 0.343750
vt 0.890625 0.328125
vt 0.937500 0.328125
vt 0.921875 0.343750
vt 0.921875 0.328125
vt 0.343750 0.421875
vt 0.328125 0.437500
vt 0.328125 0.421875
vt 0.343750 0.390625
vt 0.328125 0.406250
vt 0.328125 0.390625
vt 0.375000 0.390625
vt 0.359375 0.406250
vt 0.359375 0.390625
vt 0.281250 0.421875
vt 0.265625 0.437500
vt 0.265625 0.421875
vt 0.281250 0.390625
vt 0.265625 0.406250
vt 0.265625 0.390625
vt 0.312500 0.390625
vt 0.296875 0.406250
vt 0.296875 0.390625
vt 0.281250 0.484375
vt 0.265625 0.500000
vt 0.265625 0.484375
vt 0.281250 0.453125
vt 0.265625 0.468750
vt 0.265625 0.453125
vt 0.312500 0.453125
vt 0.296875 0.468750
vt 0.296875 0.453125
vt 0.343750 0.296875
vt 0.328125 0.312500
vt 0.328125 0.296875
vt 0.328125 0.265625
vt 0.343750 0.281250
vt 0.328125 0.281250
vt 0.375000 0.265625
vt 0.359375 0.281250
vt 0.359375 0.265625
vt 0.265625 0.296875
vt 0.281250 0.312500
vt 0.265625 0.312500
vt 0.265625 0.265625
vt 0.281250 0.281250
vt 0.265625 0.281250
vt 0.312500 0.265625
vt 0.296875 0.281250
vt 0.296875 0.265625
vt 0.281250 0.359375
vt 0.265625 0.375000
vt 0.265625 0.359375
vt 0.281250 0.328125
vt 0.265625 0.343750
vt 0.265625 0.328125
vt 0.312500 0.328125
vt 0.296875 0.343750
vt 0.296875 0.328125
vt 0.453125 0.296875
vt 0.468750 0.312500
vt 0.453125 0.312500
vt 0.453125 0.265625
vt 0.468750 0.281250
vt 0.453125 0.281250
vt 0.484375 0.265625
vt 0.500000 0.281250
vt 0.484375 0.281250
vt 0.390625 0.296875
vt 0.406250 0.312500
vt 0.390625 0.312500
vt 0.390625 0.265625
vt 0.406250 0.281250
vt 0.390625 0.281250
vt 0.421875 0.265625
vt 0.437500 0.281250
vt 0.421875 0.281250
vt 0.406250 0.359375
vt 0.390625 0.375000
vt 0.390625 0.359375
vt 0.390625 0.328125
vt 0.406250 0.343750
vt 0.390625 0.343750
vt 0.421875 0.328125
vt 0.437500 0.343750
vt 0.421875 0.343750
vt 0.453125 0.359375
vt 0.468750 0.375000
vt 0.453125 0.375000
vt 0.453125 0.328125
vt 0.468750 0.343750
vt 0.453125 0.343750
vt 0.484375 0.328125
vt 0.500000 0.343750
vt 0.484375 0.343750
vt 0.343750 0.359375
vt 0.328125 0.375000
vt 0.328125 0.359375
vt 0.343750 0.328125
vt 0.328125 0.343750
vt 0.328125 0.328125
vt 0.375000 0.328125
vt 0.359375 0.343750
vt 0.359375 0.328125
vt 0.343750 0.484375
vt 0.328125 0.500000
vt 0.328125 0.484375
vt 0.343750 0.453125
vt 0.328125 0.468750
vt 0.328125 0.453125
vt 0.375000 0.453125
vt 0.359375 0.468750
vt 0.359375 0.453125
vt 0.828125 0.359375
vt 0.843750 0.375000
vt 0.828125 0.375000
vt 0.828125 0.328125
vt 0.843750 0.343750
vt 0.828125 0.343750
vt 0.875000 0.328125
vt 0.859375 0.343750
vt 0.859375 0.328125
vt 0.828125 0.484375
vt 0.843750 0.500000
vt 0.828125 0.500000
vt 0.843750 0.453125
vt 0.828125 0.468750
vt 0.828125 0.453125
vt 0.859375 0.453125
vt 0.875000 0.468750
vt 0.859375 0.468750
vt 0.703125 0.359375
vt 0.718750 0.375000
vt 0.703125 0.375000
vt 0.703125 0.328125
vt 0.718750 0.343750
vt 0.703125 0.343750
vt 0.734375 0.328125
vt 0.750000 0.343750
vt 0.734375 0.343750
vt 0.578125 0.359375
vt 0.593750 0.375000
vt 0.578125 0.375000
vt 0.578125 0.328125
vt 0.593750 0.343750
vt 0.578125 0.343750
vt 0.609375 0.328125
vt 0.625000 0.343750
vt 0.609375 0.343750
vt 0.593750 0.484375
vt 0.578125 0.500000
vt 0.578125 0.484375
vt 0.578125 0.453125
vt 0.593750 0.468750
vt 0.578125 0.468750
vt 0.609375 0.453125
vt 0.625000 0.468750
vt 0.609375 0.468750
vt 0.578125 0.234375
vt 0.593750 0.250000
vt 0.578125 0.250000
vt 0.578125 0.203125
vt 0.593750 0.218750
vt 0.578125 0.218750
vt 0.609375 0.203125
vt 0.625000 0.218750
vt 0.609375 0.218750
vt 0.843750 0.234375
vt 0.828125 0.250000
vt 0.828125 0.234375
vt 0.843750 0.203125
vt 0.828125 0.218750
vt 0.828125 0.203125
vt 0.859375 0.203125
vt 0.875000 0.218750
vt 0.859375 0.218750
vt 0.203125 0.359375
vt 0.218750 0.375000
vt 0.203125 0.375000
vt 0.203125 0.328125
vt 0.218750 0.343750
vt 0.203125 0.343750
vt 0.250000 0.328125
vt 0.234375 0.343750
vt 0.234375 0.328125
vt 0.078125 0.359375
vt 0.093750 0.375000
vt 0.078125 0.375000
vt 0.078125 0.328125
vt 0.093750 0.343750
vt 0.078125 0.343750
vt 0.109375 0.328125
vt 0.125000 0.343750
vt 0.109375 0.343750
vt 0.093750 0.484375
vt 0.078125 0.500000
vt 0.078125 0.484375
vt 0.078125 0.453125
vt 0.093750 0.468750
vt 0.078125 0.468750
vt 0.125000 0.453125
vt 0.109375 0.468750
vt 0.109375 0.453125
vt 0.078125 0.234375
vt 0.093750 0.250000
vt 0.078125 0.250000
vt 0.078125 0.203125
vt 0.093750 0.218750
vt 0.078125 0.218750
vt 0.109375 0.203125
vt 0.125000 0.218750
vt 0.109375 0.218750
vt 0.328125 0.234375
vt 0.343750 0.250000
vt 0.328125 0.250000
vt 0.328125 0.203125
vt 0.343750 0.218750
vt 0.328125 0.218750
vt 0.359375 0.203125
vt 0.375000 0.218750
vt 0.359375 0.218750
vt 0.203125 0.609375
vt 0.218750 0.625000
vt 0.203125 0.625000
vt 0.218750 0.578125
vt 0.203125 0.593750
vt 0.203125 0.578125
vt 0.250000 0.578125
vt 0.234375 0.593750
vt 0.234375 0.578125
vt 0.093750 0.609375
vt 0.078125 0.625000
vt 0.078125 0.609375
vt 0.078125 0.578125
vt 0.093750 0.593750
vt 0.078125 0.593750
vt 0.125000 0.578125
vt 0.109375 0.593750
vt 0.109375 0.578125
vt 0.093750 0.703125
vt 0.078125 0.718750
vt 0.078125 0.703125
vt 0.109375 0.703125
vt 0.125000 0.718750
vt 0.109375 0.718750
vt 0.453125 0.609375
vt 0.468750 0.625000
vt 0.453125 0.625000
vt 0.453125 0.578125
vt 0.468750 0.593750
vt 0.453125 0.593750
vt 0.484375 0.578125
vt 0.500000 0.593750
vt 0.484375 0.593750
vt 0.343750 0.609375
vt 0.328125 0.625000
vt 0.328125 0.609375
vt 0.343750 0.578125
vt 0.328125 0.593750
vt 0.328125 0.578125
vt 0.375000 0.578125
vt 0.359375 0.593750
vt 0.359375 0.578125
vt 0.343750 0.703125
vt 0.328125 0.718750
vt 0.328125 0.703125
vt 0.359375 0.703125
vt 0.375000 0.718750
vt 0.359375 0.718750
vt 0.718750 0.609375
vt 0.703125 0.625000
vt 0.703125 0.609375
vt 0.718750 0.578125
vt 0.703125 0.593750
vt 0.703125 0.578125
vt 0.750000 0.578125
vt 0.734375 0.593750
vt 0.734375 0.578125
vt 0.593750 0.609375
vt 0.578125 0.625000
vt 0.578125 0.609375
vt 0.593750 0.578125
vt 0.578125 0.593750
vt 0.578125 0.578125
vt 0.625000 0.578125
vt 0.609375 0.593750
vt 0.609375 0.578125
vt 0.593750 0.703125
vt 0.578125 0.718750
vt 0.578125 0.703125
vt 0.625000 0.703125
vt 0.609375 0.718750
vt 0.609375 0.703125
vt 0.843750 0.609375
vt 0.828125 0.625000
vt 0.828125 0.609375
vt 0.843750 0.578125
vt 0.828125 0.593750
vt 0.828125 0.578125
vt 0.859375 0.578125
vt 0.875000 0.593750
vt 0.859375 0.593750
vt 0.843750 0.703125
vt 0.828125 0.718750
vt 0.828125 0.703125
vt 0.875000 0.703125
vt 0.859375 0.718750
vt 0.859375 0.703125
vt 0.718750 0.703125
vt 0.703125 0.718750
vt 0.703125 0.703125
vt 0.750000 0.703125
vt 0.734375 0.718750
vt 0.734375 0.703125
vt 0.453125 0.703125
vt 0.468750 0.718750
vt 0.453125 0.718750
vt 0.500000 0.703125
vt 0.484375 0.718750
vt 0.484375 0.703125
vt 0.218750 0.703125
vt 0.203125 0.718750
vt 0.203125 0.703125
vt 0.234375 0.703125
vt 0.250000 0.718750
vt 0.234375 0.718750
vt 0.453125 0.234375
vt 0.468750 0.250000
vt 0.453125 0.250000
vt 0.453125 0.203125
vt 0.468750 0.218750
vt 0.453125 0.218750
vt 0.484375 0.203125
vt 0.500000 0.218750
vt 0.484375 0.218750
vt 0.203125 0.234375
vt 0.218750 0.250000
vt 0.203125 0.250000
vt 0.203125 0.203125
vt 0.218750 0.218750
vt 0.203125 0.218750
vt 0.234375 0.203125
vt 0.250000 0.218750
vt 0.234375 0.218750
vt 0.218750 0.484375
vt 0.203125 0.500000
vt 0.203125 0.484375
vt 0.218750 0.453125
vt 0.203125 0.468750
vt 0.203125 0.453125
vt 0.250000 0.453125
vt 0.234375 0.468750
vt 0.234375 0.453125
vt 0.703125 0.234375
vt 0.718750 0.250000
vt 0.703125 0.250000
vt 0.703125 0.203125
vt 0.718750 0.218750
vt 0.703125 0.218750
vt 0.734375 0.203125
vt 0.750000 0.218750
vt 0.734375 0.218750
vt 0.703125 0.484375
vt 0.718750 0.500000
vt 0.703125 0.500000
vt 0.703125 0.453125
vt 0.718750 0.468750
vt 0.703125 0.468750
vt 0.734375 0.453125
vt 0.750000 0.468750
vt 0.734375 0.468750
vt 0.453125 0.484375
vt 0.468750 0.500000
vt 0.453125 0.500000
vt 0.453125 0.453125
vt 0.468750 0.468750
vt 0.453125 0.468750
vt 0.484375 0.453125
vt 0.500000 0.468750
vt 0.484375 0.468750
vt 0.468750 0.453125
vt 0.500000 0.453125
vt 0.437500 0.453125
vt 0.437500 0.484375
vt 0.468750 0.484375
vt 0.937500 0.453125
vt 0.953125 0.468750
vt 0.937500 0.437500
vt 0.953125 0.453125
vt 0.953125 0.484375
vt 0.937500 0.500000
vt 0.718750 0.453125
vt 0.750000 0.453125
vt 0.687500 0.453125
vt 0.687500 0.484375
vt 0.718750 0.484375
vt 0.718750 0.203125
vt 0.718750 0.187500
vt 0.734375 0.187500
vt 0.750000 0.203125
vt 0.687500 0.203125
vt 0.687500 0.187500
vt 0.703125 0.187500
vt 0.687500 0.234375
vt 0.718750 0.234375
vt 0.953125 0.203125
vt 0.937500 0.203125
vt 0.953125 0.187500
vt 0.937500 0.187500
vt 0.953125 0.250000
vt 0.937500 0.250000
vt 0.953125 0.234375
vt 0.218750 0.468750
vt 0.250000 0.437500
vt 0.187500 0.453125
vt 0.187500 0.437500
vt 0.187500 0.500000
vt 0.218750 0.203125
vt 0.218750 0.187500
vt 0.234375 0.187500
vt 0.250000 0.203125
vt 0.187500 0.203125
vt 0.187500 0.187500
vt 0.203125 0.187500
vt 0.187500 0.234375
vt 0.218750 0.234375
vt 0.468750 0.203125
vt 0.468750 0.187500
vt 0.484375 0.187500
vt 0.500000 0.203125
vt 0.437500 0.203125
vt 0.437500 0.187500
vt 0.453125 0.187500
vt 0.437500 0.234375
vt 0.468750 0.234375
vt 0.218750 0.718750
vt 0.218750 0.687500
vt 0.250000 0.687500
vt 0.187500 0.703125
vt 0.187500 0.687500
vt 0.187500 0.734375
vt 0.203125 0.734375
vt 0.468750 0.703125
vt 0.500000 0.687500
vt 0.437500 0.703125
vt 0.453125 0.734375
vt 0.437500 0.734375
vt 0.468750 0.734375
vt 0.718750 0.718750
vt 0.718750 0.687500
vt 0.750000 0.687500
vt 0.687500 0.718750
vt 0.687500 0.687500
vt 0.687500 0.734375
vt 0.703125 0.734375
vt 0.953125 0.718750
vt 0.937500 0.718750
vt 0.953125 0.687500
vt 0.953125 0.734375
vt 0.937500 0.734375
vt 0.843750 0.718750
vt 0.843750 0.687500
vt 0.812500 0.718750
vt 0.812500 0.687500
vt 0.812500 0.734375
vt 0.828125 0.734375
vt 0.843750 0.593750
vt 0.875000 0.562500
vt 0.812500 0.578125
vt 0.812500 0.625000
vt 0.953125 0.593750
vt 0.937500 0.593750
vt 0.953125 0.562500
vt 0.937500 0.609375
vt 0.953125 0.625000
vt 0.953125 0.609375
vt 0.593750 0.718750
vt 0.593750 0.687500
vt 0.625000 0.687500
vt 0.562500 0.718750
vt 0.562500 0.687500
vt 0.562500 0.734375
vt 0.578125 0.734375
vt 0.593750 0.593750
vt 0.593750 0.562500
vt 0.625000 0.562500
vt 0.562500 0.593750
vt 0.562500 0.562500
vt 0.562500 0.625000
vt 0.718750 0.593750
vt 0.718750 0.562500
vt 0.750000 0.562500
vt 0.687500 0.593750
vt 0.687500 0.562500
vt 0.687500 0.625000
vt 0.343750 0.718750
vt 0.343750 0.687500
vt 0.375000 0.703125
vt 0.312500 0.718750
vt 0.312500 0.687500
vt 0.312500 0.734375
vt 0.328125 0.734375
vt 0.343750 0.593750
vt 0.343750 0.562500
vt 0.375000 0.562500
vt 0.312500 0.593750
vt 0.312500 0.562500
vt 0.312500 0.625000
vt 0.468750 0.578125
vt 0.500000 0.578125
vt 0.437500 0.578125
vt 0.437500 0.609375
vt 0.468750 0.609375
vt 0.093750 0.718750
vt 0.125000 0.703125
vt 0.062500 0.718750
vt 0.062500 0.687500
vt 0.062500 0.734375
vt 0.093750 0.734375
vt 0.078125 0.734375
vt 0.093750 0.578125
vt 0.093750 0.562500
vt 0.062500 0.578125
vt 0.062500 0.609375
vt 0.218750 0.593750
vt 0.218750 0.562500
vt 0.250000 0.562500
vt 0.187500 0.593750
vt 0.187500 0.609375
vt 0.218750 0.609375
vt 0.343750 0.203125
vt 0.343750 0.187500
vt 0.359375 0.187500
vt 0.375000 0.203125
vt 0.312500 0.203125
vt 0.312500 0.187500
vt 0.328125 0.187500
vt 0.312500 0.234375
vt 0.343750 0.234375
vt 0.093750 0.203125
vt 0.093750 0.187500
vt 0.109375 0.187500
vt 0.125000 0.203125
vt 0.062500 0.203125
vt 0.062500 0.187500
vt 0.078125 0.187500
vt 0.062500 0.234375
vt 0.093750 0.234375
vt 0.093750 0.453125
vt 0.062500 0.453125
vt 0.062500 0.484375
vt 0.093750 0.328125
vt 0.125000 0.328125
vt 0.062500 0.328125
vt 0.062500 0.359375
vt 0.093750 0.359375
vt 0.218750 0.328125
vt 0.187500 0.328125
vt 0.187500 0.375000
vt 0.218750 0.359375
vt 0.843750 0.218750
vt 0.859375 0.187500
vt 0.843750 0.187500
vt 0.875000 0.203125
vt 0.812500 0.218750
vt 0.812500 0.187500
vt 0.828125 0.187500
vt 0.812500 0.234375
vt 0.593750 0.203125
vt 0.593750 0.187500
vt 0.609375 0.187500
vt 0.625000 0.203125
vt 0.562500 0.203125
vt 0.562500 0.187500
vt 0.578125 0.187500
vt 0.562500 0.234375
vt 0.593750 0.234375
vt 0.593750 0.453125
vt 0.625000 0.453125
vt 0.562500 0.453125
vt 0.562500 0.500000
vt 0.593750 0.328125
vt 0.625000 0.328125
vt 0.562500 0.328125
vt 0.562500 0.359375
vt 0.593750 0.359375
vt 0.718750 0.328125
vt 0.750000 0.328125
vt 0.687500 0.328125
vt 0.687500 0.359375
vt 0.718750 0.359375
vt 0.843750 0.468750
vt 0.875000 0.453125
vt 0.812500 0.453125
vt 0.812500 0.484375
vt 0.843750 0.484375
vt 0.843750 0.328125
vt 0.843750 0.312500
vt 0.812500 0.328125
vt 0.812500 0.359375
vt 0.843750 0.359375
vt 0.953125 0.328125
vt 0.937500 0.343750
vt 0.953125 0.312500
vt 0.953125 0.375000
vt 0.937500 0.375000
vt 0.953125 0.359375
vt 0.343750 0.468750
vt 0.343750 0.437500
vt 0.375000 0.437500
vt 0.312500 0.468750
vt 0.312500 0.437500
vt 0.312500 0.500000
vt 0.343750 0.343750
vt 0.343750 0.312500
vt 0.375000 0.312500
vt 0.312500 0.343750
vt 0.312500 0.312500
vt 0.312500 0.375000
vt 0.468750 0.328125
vt 0.500000 0.328125
vt 0.437500 0.328125
vt 0.437500 0.359375
vt 0.468750 0.359375
vt 0.406250 0.328125
vt 0.375000 0.343750
vt 0.375000 0.375000
vt 0.406250 0.265625
vt 0.437500 0.265625
vt 0.375000 0.281250
vt 0.406250 0.296875
vt 0.468750 0.265625
vt 0.500000 0.265625
vt 0.437500 0.296875
vt 0.468750 0.296875
vt 0.281250 0.343750
vt 0.250000 0.343750
vt 0.250000 0.375000
vt 0.281250 0.265625
vt 0.250000 0.265625
vt 0.250000 0.296875
vt 0.281250 0.296875
vt 0.343750 0.265625
vt 0.312500 0.281250
vt 0.281250 0.468750
vt 0.281250 0.437500
vt 0.250000 0.468750
vt 0.281250 0.406250
vt 0.281250 0.375000
vt 0.250000 0.406250
vt 0.343750 0.406250
vt 0.343750 0.375000
vt 0.312500 0.406250
vt 0.906250 0.343750
vt 0.906250 0.312500
vt 0.875000 0.343750
vt 0.875000 0.375000
vt 0.906250 0.359375
vt 0.906250 0.265625
vt 0.875000 0.281250
vt 0.875000 0.296875
vt 0.937500 0.265625
vt 0.953125 0.281250
vt 0.937500 0.296875
vt 0.953125 0.296875
vt 0.781250 0.328125
vt 0.750000 0.359375
vt 0.781250 0.359375
vt 0.781250 0.265625
vt 0.781250 0.250000
vt 0.812500 0.265625
vt 0.750000 0.265625
vt 0.750000 0.296875
vt 0.781250 0.296875
vt 0.843750 0.265625
vt 0.843750 0.250000
vt 0.812500 0.296875
vt 0.781250 0.453125
vt 0.750000 0.484375
vt 0.781250 0.484375
vt 0.781250 0.390625
vt 0.812500 0.390625
vt 0.750000 0.390625
vt 0.750000 0.421875
vt 0.781250 0.421875
vt 0.843750 0.390625
vt 0.812500 0.421875
vt 0.843750 0.421875
vt 0.656250 0.328125
vt 0.625000 0.359375
vt 0.656250 0.359375
vt 0.656250 0.265625
vt 0.687500 0.265625
vt 0.625000 0.265625
vt 0.625000 0.296875
vt 0.656250 0.296875
vt 0.718750 0.265625
vt 0.687500 0.296875
vt 0.718750 0.296875
vt 0.531250 0.328125
vt 0.500000 0.359375
vt 0.531250 0.359375
vt 0.531250 0.265625
vt 0.562500 0.265625
vt 0.500000 0.296875
vt 0.531250 0.296875
vt 0.593750 0.265625
vt 0.562500 0.296875
vt 0.593750 0.296875
vt 0.531250 0.453125
vt 0.500000 0.484375
vt 0.531250 0.484375
vt 0.531250 0.390625
vt 0.562500 0.390625
vt 0.500000 0.390625
vt 0.500000 0.421875
vt 0.531250 0.421875
vt 0.593750 0.390625
vt 0.625000 0.390625
vt 0.562500 0.421875
vt 0.593750 0.421875
vt 0.531250 0.203125
vt 0.531250 0.187500
vt 0.546875 0.187500
vt 0.500000 0.187500
vt 0.515625 0.187500
vt 0.500000 0.234375
vt 0.531250 0.234375
vt 0.781250 0.203125
vt 0.781250 0.187500
vt 0.796875 0.187500
vt 0.750000 0.187500
vt 0.765625 0.187500
vt 0.750000 0.234375
vt 0.156250 0.343750
vt 0.125000 0.359375
vt 0.156250 0.265625
vt 0.187500 0.265625
vt 0.125000 0.265625
vt 0.125000 0.296875
vt 0.156250 0.296875
vt 0.218750 0.265625
vt 0.187500 0.296875
vt 0.218750 0.296875
vt 0.062500 0.265625
vt 0.093750 0.265625
vt 0.062500 0.296875
vt 0.093750 0.296875
vt 0.062500 0.390625
vt 0.093750 0.390625
vt 0.125000 0.390625
vt 0.062500 0.421875
vt 0.093750 0.421875
vt 0.046875 0.187500
vt 0.281250 0.203125
vt 0.281250 0.187500
vt 0.296875 0.187500
vt 0.265625 0.187500
vt 0.250000 0.187500
vt 0.250000 0.234375
vt 0.281250 0.234375
vt 0.156250 0.593750
vt 0.156250 0.562500
vt 0.125000 0.593750
vt 0.125000 0.625000
vt 0.156250 0.515625
vt 0.156250 0.500000
vt 0.125000 0.531250
vt 0.125000 0.546875
vt 0.218750 0.531250
vt 0.218750 0.500000
vt 0.187500 0.531250
vt 0.187500 0.546875
vt 0.062500 0.515625
vt 0.093750 0.515625
vt 0.093750 0.500000
vt 0.062500 0.546875
vt 0.062500 0.640625
vt 0.093750 0.640625
vt 0.093750 0.625000
vt 0.093750 0.671875
vt 0.406250 0.593750
vt 0.406250 0.562500
vt 0.375000 0.593750
vt 0.375000 0.625000
vt 0.406250 0.515625
vt 0.406250 0.500000
vt 0.437500 0.515625
vt 0.375000 0.531250
vt 0.375000 0.500000
vt 0.468750 0.515625
vt 0.500000 0.515625
vt 0.437500 0.546875
vt 0.468750 0.546875
vt 0.281250 0.593750
vt 0.281250 0.562500
vt 0.250000 0.593750
vt 0.250000 0.625000
vt 0.281250 0.531250
vt 0.281250 0.500000
vt 0.250000 0.531250
vt 0.343750 0.531250
vt 0.343750 0.500000
vt 0.312500 0.531250
vt 0.281250 0.703125
vt 0.281250 0.687500
vt 0.250000 0.703125
vt 0.265625 0.734375
vt 0.250000 0.734375
vt 0.281250 0.734375
vt 0.281250 0.656250
vt 0.281250 0.625000
vt 0.250000 0.656250
vt 0.343750 0.640625
vt 0.343750 0.625000
vt 0.312500 0.640625
vt 0.656250 0.593750
vt 0.656250 0.562500
vt 0.625000 0.593750
vt 0.625000 0.625000
vt 0.656250 0.531250
vt 0.625000 0.531250
vt 0.625000 0.500000
vt 0.718750 0.515625
vt 0.750000 0.515625
vt 0.687500 0.531250
vt 0.531250 0.593750
vt 0.531250 0.562500
vt 0.500000 0.625000
vt 0.531250 0.515625
vt 0.500000 0.546875
vt 0.593750 0.531250
vt 0.593750 0.500000
vt 0.562500 0.531250
vt 0.531250 0.718750
vt 0.531250 0.687500
vt 0.500000 0.718750
vt 0.500000 0.734375
vt 0.515625 0.734375
vt 0.531250 0.656250
vt 0.531250 0.625000
vt 0.500000 0.640625
vt 0.593750 0.656250
vt 0.593750 0.625000
vt 0.562500 0.656250
vt 0.906250 0.593750
vt 0.875000 0.578125
vt 0.875000 0.625000
vt 0.906250 0.531250
vt 0.875000 0.515625
vt 0.937500 0.515625
vt 0.953125 0.531250
vt 0.953125 0.515625
vt 0.953125 0.546875
vt 0.937500 0.546875
vt 0.781250 0.593750
vt 0.750000 0.593750
vt 0.750000 0.625000
vt 0.781250 0.609375
vt 0.781250 0.515625
vt 0.812500 0.515625
vt 0.781250 0.546875
vt 0.843750 0.515625
vt 0.812500 0.546875
vt 0.843750 0.546875
vt 0.781250 0.718750
vt 0.781250 0.687500
vt 0.750000 0.718750
vt 0.750000 0.734375
vt 0.765625 0.734375
vt 0.781250 0.656250
vt 0.750000 0.656250
vt 0.843750 0.656250
vt 0.843750 0.625000
vt 0.812500 0.656250
vt 0.906250 0.703125
vt 0.906250 0.687500
vt 0.875000 0.718750
vt 0.890625 0.734375
vt 0.875000 0.734375
vt 0.906250 0.734375
vt 0.906250 0.640625
vt 0.906250 0.625000
vt 0.875000 0.656250
vt 0.875000 0.671875
vt 0.953125 0.656250
vt 0.937500 0.656250
vt 0.953125 0.671875
vt 0.937500 0.671875
vt 0.656250 0.718750
vt 0.656250 0.687500
vt 0.625000 0.718750
vt 0.625000 0.734375
vt 0.640625 0.734375
vt 0.656250 0.656250
vt 0.656250 0.625000
vt 0.625000 0.656250
vt 0.718750 0.656250
vt 0.718750 0.625000
vt 0.687500 0.656250
vt 0.406250 0.703125
vt 0.390625 0.734375
vt 0.375000 0.734375
vt 0.406250 0.734375
vt 0.406250 0.656250
vt 0.406250 0.625000
vt 0.437500 0.640625
vt 0.375000 0.656250
vt 0.375000 0.671875
vt 0.406250 0.671875
vt 0.468750 0.656250
vt 0.437500 0.671875
vt 0.156250 0.718750
vt 0.125000 0.687500
vt 0.125000 0.734375
vt 0.140625 0.734375
vt 0.156250 0.656250
vt 0.156250 0.625000
vt 0.187500 0.640625
vt 0.125000 0.656250
vt 0.156250 0.671875
vt 0.218750 0.656250
vt 0.406250 0.203125
vt 0.406250 0.187500
vt 0.421875 0.187500
vt 0.375000 0.187500
vt 0.390625 0.187500
vt 0.375000 0.234375
vt 0.406250 0.234375
vt 0.156250 0.203125
vt 0.156250 0.187500
vt 0.171875 0.187500
vt 0.125000 0.187500
vt 0.140625 0.187500
vt 0.125000 0.234375
vt 0.156250 0.234375
vt 0.156250 0.453125
vt 0.125000 0.468750
vt 0.125000 0.484375
vt 0.156250 0.390625
vt 0.187500 0.390625
vt 0.125000 0.421875
vt 0.156250 0.421875
vt 0.218750 0.406250
vt 0.906250 0.218750
vt 0.906250 0.187500
vt 0.921875 0.187500
vt 0.875000 0.187500
vt 0.890625 0.187500
vt 0.875000 0.234375
vt 0.656250 0.203125
vt 0.656250 0.187500
vt 0.671875 0.187500
vt 0.625000 0.187500
vt 0.640625 0.187500
vt 0.625000 0.234375
vt 0.656250 0.234375
vt 0.656250 0.453125
vt 0.656250 0.484375
vt 0.656250 0.390625
vt 0.687500 0.390625
vt 0.625000 0.421875
vt 0.656250 0.421875
vt 0.718750 0.390625
vt 0.687500 0.421875
vt 0.718750 0.421875
vt 0.906250 0.453125
vt 0.906250 0.437500
vt 0.875000 0.484375
vt 0.906250 0.484375
vt 0.906250 0.406250
vt 0.937500 0.390625
vt 0.875000 0.390625
vt 0.875000 0.421875
vt 0.953125 0.406250
vt 0.953125 0.390625
vt 0.953125 0.437500
vt 0.953125 0.421875
vt 0.406250 0.468750
vt 0.406250 0.437500
vt 0.375000 0.468750
vt 0.406250 0.406250
vt 0.406250 0.375000
vt 0.437500 0.390625
vt 0.375000 0.406250
vt 0.468750 0.390625
vt 0.437500 0.421875
vt 0.468750 0.421875
vt 0.906250 0.234375
vt 0.218750 0.421875
vt 0.156250 0.734375
vt 0.171875 0.734375
vt 0.468750 0.671875
vt 0.421875 0.734375
vt 0.656250 0.734375
vt 0.671875 0.734375
vt 0.921875 0.734375
vt 0.781250 0.734375
vt 0.796875 0.734375
vt 0.906250 0.546875
vt 0.531250 0.734375
vt 0.546875 0.734375
vt 0.296875 0.734375
vt 0.046875 0.734375
vt 0.156250 0.359375
vt 0.109375 0.734375
vt 0.343750 0.734375
vt 0.359375 0.734375
vt 0.593750 0.734375
vt 0.609375 0.734375
vt 0.843750 0.734375
vt 0.859375 0.734375
vt 0.718750 0.734375
vt 0.734375 0.734375
vt 0.484375 0.734375
vt 0.218750 0.734375
vt 0.234375 0.734375
vt 0.953125 0.218750
vt 0.953125 0.703125
vt 0.953125 0.578125
vt 0.953125 0.343750
vt 0.953125 0.265625
vt 0.953125 0.500000
vt 0.953125 0.640625
vt 0.386333 0.354307
vt 0.886360 0.354186
vt 1.000000 1.000000
s 1
usemtl Cat_Head
f 1/1/1 16/2/16 15/3/15
f 2/4/2 18/5/18 24/6/24
f 1/7/1 15/8/15 30/9/30
f 1/10/1 30/11/30 36/12/36
f 1/13/1 36/14/36 25/15/25
f 2/4/2 24/6/24 45/16/45
f 3/17/3 21/18/21 51/19/51
f 4/20/4 33/21/33 57/22/57
f 5/23/5 39/24/39 63/25/63
f 6/26/6 42/27/42 69/28/69
f 2/4/2 45/16/45 52/29/52
f 3/17/3 51/19/51 58/30/58
f 4/20/4 57/22/57 64/31/64
f 5/23/5 63/25/63 70/32/70
f 6/26/6 69/28/69 46/33/46
f 7/34/7 75/35/75 90/36/90
f 8/37/8 78/38/78 96/39/96
f 9/40/9 81/41/81 99/42/99
f 10/43/10 84/44/84 102/45/102
f 11/46/11 87/47/87 91/48/91
f 93/49/93 100/50/100 12/51/12
f 92/52/92 103/53/103 93/49/93
f 91/48/91 104/54/104 92/52/92
f 93/49/93 103/53/103 100/50/100
f 103/53/103 101/55/101 100/50/100
f 92/52/92 104/54/104 103/53/103
f 104/54/104 105/56/105 103/53/103
f 103/53/103 105/56/105 101/55/101
f 105/56/105 102/57/102 101/55/101
f 91/48/91 87/47/87 104/54/104
f 87/47/87 86/58/86 104/54/104
f 104/54/104 86/58/86 105/56/105
f 86/58/86 85/59/85 105/56/105
f 105/56/105 85/59/85 102/57/102
f 85/59/85 10/43/10 102/57/102
f 100/60/100 97/61/97 12/62/12
f 101/63/101 106/64/106 100/60/100
f 165/65/165 164/66/164 106/64/106
f 100/60/100 106/64/106 97/61/97
f 106/64/106 98/67/98 97/61/97
f 83/68/83 167/69/167 161/70/161
f 166/71/166 165/65/165 101/63/101
f 106/64/106 107/72/107 98/67/98
f 107/72/107 99/73/99 98/67/98
f 164/66/164 163/74/163 106/64/106
f 169/75/169 83/68/83 107/72/107
f 174/76/174 179/77/179 90/78/90
f 83/68/83 82/79/82 107/72/107
f 107/72/107 82/79/82 99/73/99
f 82/79/82 9/40/9 99/73/99
f 97/80/97 94/81/94 12/82/12
f 98/83/98 108/84/108 97/80/97
f 99/42/99 109/85/109 98/83/98
f 97/80/97 108/84/108 94/81/94
f 108/84/108 95/86/95 94/81/94
f 98/83/98 109/85/109 108/84/108
f 109/85/109 110/87/110 108/84/108
f 108/84/108 110/87/110 95/86/95
f 110/87/110 96/88/96 95/86/95
f 99/42/99 81/41/81 109/85/109
f 81/41/81 80/89/80 109/85/109
f 109/85/109 80/89/80 110/87/110
f 80/89/80 79/90/79 110/87/110
f 110/87/110 79/90/79 96/88/96
f 79/90/79 8/91/8 96/88/96
f 94/92/94 88/93/88 12/94/12
f 95/95/95 111/96/111 94/92/94
f 96/39/96 112/97/112 95/95/95
f 94/92/94 111/96/111 88/93/88
f 111/96/111 89/98/89 88/93/88
f 95/95/95 112/97/112 111/96/111
f 176/99/176 175/100/175 89/98/89
f 76/101/76 179/77/179 178/102/178
f 77/103/77 184/104/184 177/105/177
f 96/39/96 78/38/78 112/97/112
f 78/38/78 77/103/77 112/97/112
f 177/105/177 176/99/176 111/96/111
f 180/106/180 90/78/90 89/98/89
f 76/101/76 7/34/7 90/78/90
f 88/107/88 93/108/93 12/109/12
f 89/110/89 113/111/113 88/107/88
f 90/36/90 114/112/114 89/110/89
f 88/107/88 113/111/113 93/108/93
f 113/111/113 92/113/92 93/108/93
f 89/110/89 114/112/114 113/111/113
f 114/112/114 115/114/115 113/111/113
f 113/111/113 115/114/115 92/113/92
f 115/114/115 91/115/91 92/113/92
f 90/36/90 75/35/75 114/112/114
f 75/35/75 74/116/74 114/112/114
f 114/112/114 74/116/74 115/114/115
f 74/116/74 73/117/73 115/114/115
f 115/114/115 73/117/73 91/115/91
f 73/117/73 11/46/11 91/115/91
f 48/118/48 87/47/87 11/46/11
f 47/119/47 116/120/116 48/118/48
f 46/33/46 117/121/117 47/119/47
f 48/118/48 116/120/116 87/47/87
f 116/120/116 86/58/86 87/47/87
f 47/119/47 117/121/117 116/120/116
f 117/121/117 118/122/118 116/120/116
f 116/120/116 118/122/118 86/58/86
f 118/122/118 85/59/85 86/58/86
f 46/33/46 69/28/69 117/121/117
f 69/28/69 68/123/68 117/121/117
f 117/121/117 68/123/68 118/122/118
f 68/123/68 67/124/67 118/122/118
f 118/122/118 67/124/67 85/59/85
f 67/124/67 10/43/10 85/59/85
f 72/125/72 84/44/84 10/43/10
f 71/126/71 119/127/119 72/125/72
f 70/32/70 120/128/120 71/126/71
f 72/125/72 119/127/119 84/44/84
f 119/127/119 83/68/83 84/44/84
f 71/126/71 120/128/120 119/127/119
f 120/128/120 121/129/121 119/127/119
f 119/127/119 121/129/121 83/68/83
f 121/129/121 82/79/82 83/68/83
f 70/32/70 63/25/63 120/128/120
f 63/25/63 62/130/62 120/128/120
f 120/128/120 62/130/62 121/129/121
f 62/130/62 61/131/61 121/129/121
f 121/129/121 61/131/61 82/79/82
f 61/131/61 9/40/9 82/79/82
f 66/132/66 81/41/81 9/40/9
f 65/133/65 122/134/122 66/132/66
f 64/31/64 123/135/123 65/133/65
f 66/132/66 122/134/122 81/41/81
f 122/134/122 80/89/80 81/41/81
f 65/133/65 123/135/123 122/134/122
f 123/135/123 124/136/124 122/134/122
f 122/134/122 124/136/124 80/89/80
f 124/136/124 79/90/79 80/89/80
f 64/31/64 57/22/57 123/135/123
f 57/22/57 56/137/56 123/135/123
f 123/135/123 56/137/56 124/136/124
f 56/137/56 55/138/55 124/136/124
f 124/136/124 55/138/55 79/90/79
f 55/138/55 8/91/8 79/90/79
f 60/139/60 78/38/78 8/37/8
f 59/140/59 125/141/125 60/139/60
f 58/30/58 126/142/126 59/140/59
f 60/139/60 125/141/125 78/38/78
f 125/141/125 77/103/77 78/38/78
f 59/140/59 126/142/126 125/141/125
f 126/142/126 127/143/127 125/141/125
f 125/141/125 127/143/127 77/103/77
f 127/143/127 76/101/76 77/103/77
f 58/30/58 51/19/51 126/142/126
f 51/19/51 50/144/50 126/142/126
f 126/142/126 50/144/50 127/143/127
f 50/144/50 49/145/49 127/143/127
f 127/143/127 49/145/49 76/101/76
f 49/145/49 7/34/7 76/101/76
f 54/146/54 75/35/75 7/34/7
f 53/147/53 128/148/128 54/146/54
f 52/29/52 129/149/129 53/147/53
f 54/146/54 128/148/128 75/35/75
f 128/148/128 74/116/74 75/35/75
f 53/147/53 129/149/129 128/148/128
f 129/149/129 130/150/130 128/148/128
f 128/148/128 130/150/130 74/116/74
f 130/150/130 73/117/73 74/116/74
f 52/29/52 45/16/45 129/149/129
f 45/16/45 44/151/44 129/149/129
f 129/149/129 44/151/44 130/150/130
f 44/151/44 43/152/43 130/150/130
f 130/150/130 43/152/43 73/117/73
f 43/152/43 11/46/11 73/117/73
f 67/124/67 72/125/72 10/43/10
f 68/123/68 131/153/131 67/124/67
f 69/28/69 132/154/132 68/123/68
f 67/124/67 131/153/131 72/125/72
f 131/153/131 71/126/71 72/125/72
f 68/123/68 132/154/132 131/153/131
f 132/154/132 133/155/133 131/153/131
f 131/153/131 133/155/133 71/126/71
f 133/155/133 70/32/70 71/126/71
f 69/28/69 42/27/42 132/154/132
f 42/27/42 41/156/41 132/154/132
f 132/154/132 41/156/41 133/155/133
f 41/156/41 40/157/40 133/155/133
f 133/155/133 40/157/40 70/32/70
f 40/157/40 5/23/5 70/32/70
f 61/131/61 66/132/66 9/40/9
f 62/130/62 134/158/134 61/131/61
f 63/25/63 135/159/135 62/130/62
f 61/131/61 134/158/134 66/132/66
f 134/158/134 65/133/65 66/132/66
f 62/130/62 135/159/135 134/158/134
f 135/159/135 136/160/136 134/158/134
f 134/158/134 136/160/136 65/133/65
f 136/160/136 64/31/64 65/133/65
f 63/25/63 39/24/39 135/159/135
f 39/24/39 38/161/38 135/159/135
f 135/159/135 38/161/38 136/160/136
f 38/161/38 37/162/37 136/160/136
f 136/160/136 37/162/37 64/31/64
f 37/162/37 4/20/4 64/31/64
f 55/138/55 60/163/60 8/91/8
f 56/137/56 137/164/137 55/138/55
f 57/22/57 138/165/138 56/137/56
f 55/138/55 137/164/137 60/163/60
f 137/164/137 59/166/59 60/163/60
f 56/137/56 138/165/138 137/164/137
f 138/165/138 139/167/139 137/164/137
f 137/164/137 139/167/139 59/166/59
f 139/167/139 58/168/58 59/166/59
f 57/22/57 33/21/33 138/165/138
f 33/21/33 32/169/32 138/165/138
f 138/165/138 32/169/32 139/167/139
f 32/169/32 31/170/31 139/167/139
f 139/167/139 31/170/31 58/168/58
f 31/170/31 3/171/3 58/168/58
f 49/145/49 54/146/54 7/34/7
f 50/144/50 140/172/140 49/145/49
f 51/19/51 141/173/141 50/144/50
f 49/145/49 140/172/140 54/146/54
f 140/172/140 53/147/53 54/146/54
f 50/144/50 141/173/141 140/172/140
f 141/173/141 142/174/142 140/172/140
f 140/172/140 142/174/142 53/147/53
f 142/174/142 52/29/52 53/147/53
f 51/19/51 21/18/21 141/173/141
f 21/18/21 20/175/20 141/173/141
f 141/173/141 20/175/20 142/174/142
f 20/175/20 19/176/19 142/174/142
f 142/174/142 19/176/19 52/29/52
f 19/176/19 2/4/2 52/29/52
f 43/152/43 48/118/48 11/46/11
f 44/151/44 143/177/143 43/152/43
f 45/16/45 144/178/144 44/151/44
f 43/152/43 143/177/143 48/118/48
f 143/177/143 47/119/47 48/118/48
f 44/151/44 144/178/144 143/177/143
f 144/178/144 145/179/145 143/177/143
f 143/177/143 145/179/145 47/119/47
f 145/179/145 46/33/46 47/119/47
f 45/16/45 24/6/24 144/178/144
f 24/6/24 23/180/23 144/178/144
f 144/178/144 23/180/23 145/179/145
f 23/180/23 22/181/22 145/179/145
f 145/179/145 22/181/22 46/33/46
f 22/181/22 6/26/6 46/33/46
f 27/182/27 42/27/42 6/26/6
f 26/183/26 146/184/146 27/182/27
f 25/15/25 147/185/147 26/183/26
f 27/182/27 146/184/146 42/27/42
f 146/184/146 41/156/41 42/27/42
f 26/183/26 147/185/147 146/184/146
f 147/185/147 148/186/148 146/184/146
f 146/184/146 148/186/148 41/156/41
f 148/186/148 40/157/40 41/156/41
f 25/15/25 36/14/36 147/185/147
f 36/14/36 35/187/35 147/185/147
f 147/185/147 35/187/35 148/186/148
f 35/187/35 34/188/34 148/186/148
f 148/186/148 34/188/34 40/157/40
f 34/188/34 5/23/5 40/157/40
f 34/189/34 39/24/39 5/23/5
f 35/190/35 149/191/149 34/189/34
f 36/12/36 150/192/150 35/190/35
f 34/189/34 149/191/149 39/24/39
f 149/191/149 38/161/38 39/24/39
f 35/190/35 150/192/150 149/191/149
f 150/192/150 151/193/151 149/191/149
f 149/191/149 151/193/151 38/161/38
f 151/193/151 37/162/37 38/161/38
f 36/12/36 30/11/30 150/192/150
f 30/11/30 29/194/29 150/192/150
f 150/192/150 29/194/29 151/193/151
f 29/194/29 28/195/28 151/193/151
f 151/193/151 28/195/28 37/162/37
f 28/195/28 4/20/4 37/162/37
f 28/196/28 33/21/33 4/20/4
f 29/197/29 152/198/152 28/196/28
f 30/9/30 153/199/153 29/197/29
f 28/196/28 152/198/152 33/21/33
f 152/198/152 32/169/32 33/21/33
f 29/197/29 153/199/153 152/198/152
f 153/199/153 154/200/154 152/198/152
f 152/198/152 154/200/154 32/169/32
f 154/200/154 31/170/31 32/169/32
f 30/9/30 15/8/15 153/199/153
f 15/8/15 14/201/14 153/199/153
f 153/199/153 14/201/14 154/200/154
f 14/201/14 13/202/13 154/200/154
f 154/200/154 13/202/13 31/170/31
f 13/202/13 3/171/3 31/170/31
f 22/181/22 27/203/27 6/26/6
f 23/180/23 155/204/155 22/181/22
f 24/6/24 156/205/156 23/180/23
f 22/181/22 155/204/155 27/203/27
f 155/204/155 26/206/26 27/203/27
f 23/180/23 156/205/156 155/204/155
f 156/205/156 157/207/157 155/204/155
f 155/204/155 157/207/157 26/206/26
f 157/207/157 25/208/25 26/206/26
f 24/6/24 18/5/18 156/205/156
f 18/5/18 17/209/17 156/205/156
f 156/205/156 17/209/17 157/207/157
f 17/209/17 16/210/16 157/207/157
f 157/207/157 16/210/16 25/208/25
f 16/210/16 1/211/1 25/208/25
f 13/212/13 21/18/21 3/17/3
f 14/213/14 158/214/158 13/212/13
f 15/3/15 159/215/159 14/213/14
f 13/212/13 158/214/158 21/18/21
f 158/214/158 20/175/20 21/18/21
f 14/213/14 159/215/159 158/214/158
f 159/215/159 160/216/160 158/214/158
f 158/214/158 160/216/160 20/175/20
f 160/216/160 19/176/19 20/175/20
f 15/3/15 16/2/16 159/215/159
f 16/2/16 17/217/17 159/215/159
f 159/215/159 17/217/17 160/216/160
f 17/217/17 18/218/18 160/216/160
f 160/216/160 18/218/18 19/176/19
f 18/218/18 2/4/2 19/176/19
f 167/69/167 173/219/173 161/70/161
f 169/75/169 167/69/167 162/220/162
f 170/221/170 169/75/169 163/74/163
f 171/222/171 170/221/170 164/66/164
f 172/223/172 171/222/171 165/65/165
f 173/219/173 172/223/172 166/71/166
f 180/106/180 186/224/186 174/76/174
f 182/225/182 180/106/180 175/100/175
f 183/226/183 182/225/182 176/99/176
f 184/104/184 183/226/183 177/105/177
f 185/227/185 184/104/184 178/102/178
f 186/224/186 185/227/185 179/77/179
f 84/44/84 173/219/173 166/71/166
f 106/64/106 101/63/101 165/65/165
f 165/65/165 171/222/171 164/66/164
f 161/70/161 84/44/84 83/68/83
f 83/68/83 162/220/162 167/69/167
f 101/63/101 102/45/102 166/71/166
f 166/71/166 172/223/172 165/65/165
f 164/66/164 170/221/170 163/74/163
f 163/74/163 107/72/107 106/64/106
f 107/72/107 163/74/163 169/75/169
f 169/75/169 162/220/162 83/68/83
f 174/76/174 186/224/186 179/77/179
f 179/77/179 76/101/76 90/78/90
f 89/98/89 111/96/111 176/99/176
f 176/99/176 182/225/182 175/100/175
f 178/102/178 77/103/77 76/101/76
f 179/77/179 185/227/185 178/102/178
f 177/105/177 112/97/112 77/103/77
f 77/103/77 178/102/178 184/104/184
f 111/96/111 112/97/112 177/105/177
f 177/105/177 183/226/183 176/99/176
f 89/98/89 175/100/175 180/106/180
f 180/106/180 174/76/174 90/78/90
f 167/69/167 168/2968/168 173/219/173
f 169/75/169 168/2968/168 167/69/167
f 170/221/170 168/2968/168 169/75/169
f 171/222/171 168/2968/168 170/221/170
f 172/223/172 168/2968/168 171/222/171
f 173/219/173 168/2968/168 172/223/172
f 180/106/180 181/2969/181 186/224/186
f 182/225/182 181/2969/181 180/106/180
f 183/226/183 181/2969/181 182/225/182
f 184/104/184 181/2969/181 183/226/183
f 185/227/185 181/2969/181 184/104/184
f 186/224/186 181/2969/181 185/227/185
f 166/71/166 102/45/102 84/44/84
f 84/44/84 161/70/161 173/219/173
usemtl Cat
f 187/1/187 202/2/202 201/3/201
f 188/228/188 204/229/204 210/230/210
f 187/7/187 201/8/201 216/9/216
f 187/10/187 216/11/216 222/12/222
f 187/13/187 222/231/222 211/15/211
f 188/228/188 210/230/210 231/232/231
f 189/17/189 207/233/207 237/234/237
f 190/235/190 219/21/219 243/236/243
f 191/237/191 225/238/225 249/239/249
f 192/240/192 228/27/228 255/241/255
f 188/228/188 231/232/231 238/242/238
f 189/17/189 237/234/237 244/243/244
f 190/235/190 243/236/243 250/31/250
f 191/237/191 249/239/249 256/244/256
f 192/240/192 255/241/255 232/245/232
f 193/246/193 261/35/261 276/247/276
f 194/248/194 264/249/264 282/250/282
f 195/40/195 267/41/267 285/251/285
f 196/252/196 270/253/270 288/254/288
f 197/255/197 273/256/273 277/48/277
f 279/49/279 286/257/286 198/51/198
f 278/52/278 289/258/289 279/49/279
f 277/48/277 290/259/290 278/52/278
f 279/49/279 289/258/289 286/257/286
f 289/258/289 287/260/287 286/257/286
f 278/52/278 290/259/290 289/258/289
f 290/259/290 291/261/291 289/258/289
f 289/258/289 291/261/291 287/260/287
f 291/261/291 288/57/288 287/260/287
f 277/48/277 273/256/273 290/259/290
f 273/256/273 272/58/272 290/259/290
f 290/259/290 272/58/272 291/261/291
f 272/58/272 271/262/271 291/261/291
f 291/261/291 271/262/271 288/57/288
f 271/262/271 196/252/196 288/57/288
f 286/60/286 283/263/283 198/62/198
f 287/264/287 292/64/292 286/60/286
f 288/254/288 293/265/293 287/264/287
f 286/60/286 292/64/292 283/263/283
f 292/64/292 284/67/284 283/263/283
f 287/264/287 293/265/293 292/64/292
f 293/265/293 294/72/294 292/64/292
f 292/64/292 294/72/294 284/67/284
f 294/72/294 285/266/285 284/67/284
f 288/254/288 270/253/270 293/265/293
f 270/253/270 269/68/269 293/265/293
f 293/265/293 269/68/269 294/72/294
f 269/68/269 268/79/268 294/72/294
f 294/72/294 268/79/268 285/266/285
f 268/79/268 195/40/195 285/266/285
f 283/267/283 280/81/280 198/82/198
f 284/268/284 295/269/295 283/267/283
f 285/251/285 296/270/296 284/268/284
f 283/267/283 295/269/295 280/81/280
f 295/269/295 281/86/281 280/81/280
f 284/268/284 296/270/296 295/269/295
f 296/270/296 297/271/297 295/269/295
f 295/269/295 297/271/297 281/86/281
f 297/271/297 282/88/282 281/86/281
f 285/251/285 267/41/267 296/270/296
f 267/41/267 266/272/266 296/270/296
f 296/270/296 266/272/266 297/271/297
f 266/272/266 265/273/265 297/271/297
f 297/271/297 265/273/265 282/88/282
f 265/273/265 194/274/194 282/88/282
f 280/275/280 274/276/274 198/94/198
f 281/277/281 298/278/298 280/275/280
f 282/250/282 299/279/299 281/277/281
f 280/275/280 298/278/298 274/276/274
f 298/278/298 275/280/275 274/276/274
f 281/277/281 299/279/299 298/278/298
f 299/279/299 300/281/300 298/278/298
f 298/278/298 300/281/300 275/280/275
f 300/281/300 276/282/276 275/280/275
f 282/250/282 264/249/264 299/279/299
f 264/249/264 263/283/263 299/279/299
f 299/279/299 263/283/263 300/281/300
f 263/283/263 262/284/262 300/281/300
f 300/281/300 262/284/262 276/282/276
f 262/284/262 193/246/193 276/282/276
f 274/285/274 279/286/279 198/109/198
f 275/287/275 301/288/301 274/285/274
f 276/247/276 302/289/302 275/287/275
f 274/285/274 301/288/301 279/286/279
f 301/288/301 278/113/278 279/286/279
f 275/287/275 302/289/302 301/288/301
f 302/289/302 303/114/303 301/288/301
f 301/288/301 303/114/303 278/113/278
f 303/114/303 277/290/277 278/113/278
f 276/247/276 261/35/261 302/289/302
f 261/35/261 260/291/260 302/289/302
f 302/289/302 260/291/260 303/114/303
f 260/291/260 259/117/259 303/114/303
f 303/114/303 259/117/259 277/290/277
f 259/117/259 197/255/197 277/290/277
f 234/292/234 273/256/273 197/255/197
f 233/293/233 304/120/304 234/292/234
f 232/245/232 305/294/305 233/293/233
f 234/292/234 304/120/304 273/256/273
f 304/120/304 272/58/272 273/256/273
f 233/293/233 305/294/305 304/120/304
f 305/294/305 306/295/306 304/120/304
f 304/120/304 306/295/306 272/58/272
f 306/295/306 271/262/271 272/58/272
f 232/245/232 255/241/255 305/294/305
f 255/241/255 254/123/254 305/294/305
f 305/294/305 254/123/254 306/295/306
f 254/123/254 253/296/253 306/295/306
f 306/295/306 253/296/253 271/262/271
f 253/296/253 196/252/196 271/262/271
f 258/297/258 270/253/270 196/252/196
f 257/298/257 307/299/307 258/297/258
f 256/244/256 308/300/308 257/298/257
f 258/297/258 307/299/307 270/253/270
f 307/299/307 269/68/269 270/253/270
f 257/298/257 308/300/308 307/299/307
f 308/300/308 309/301/309 307/299/307
f 307/299/307 309/301/309 269/68/269
f 309/301/309 268/79/268 269/68/269
f 256/244/256 249/239/249 308/300/308
f 249/239/249 248/302/248 308/300/308
f 308/300/308 248/302/248 309/301/309
f 248/302/248 247/303/247 309/301/309
f 309/301/309 247/303/247 268/79/268
f 247/303/247 195/40/195 268/79/268
f 252/304/252 267/41/267 195/40/195
f 251/305/251 310/306/310 252/304/252
f 250/31/250 311/307/311 251/305/251
f 252/304/252 310/306/310 267/41/267
f 310/306/310 266/272/266 267/41/267
f 251/305/251 311/307/311 310/306/310
f 311/307/311 312/136/312 310/306/310
f 310/306/310 312/136/312 266/272/266
f 312/136/312 265/273/265 266/272/266
f 250/31/250 243/236/243 311/307/311
f 243/236/243 242/308/242 311/307/311
f 311/307/311 242/308/242 312/136/312
f 242/308/242 241/309/241 312/136/312
f 312/136/312 241/309/241 265/273/265
f 241/309/241 194/274/194 265/273/265
f 246/310/246 264/249/264 194/248/194
f 245/311/245 313/312/313 246/310/246
f 244/243/244 314/142/314 245/311/245
f 246/310/246 313/312/313 264/249/264
f 313/312/313 263/283/263 264/249/264
f 245/311/245 314/142/314 313/312/313
f 314/142/314 315/313/315 313/312/313
f 313/312/313 315/313/315 263/283/263
f 315/313/315 262/284/262 263/283/263
f 244/243/244 237/234/237 314/142/314
f 237/234/237 236/314/236 314/142/314
f 314/142/314 236/314/236 315/313/315
f 236/314/236 235/315/235 315/313/315
f 315/313/315 235/315/235 262/284/262
f 235/315/235 193/246/193 262/284/262
f 240/316/240 261/35/261 193/246/193
f 239/317/239 316/148/316 240/316/240
f 238/242/238 317/318/317 239/317/239
f 240/316/240 316/148/316 261/35/261
f 316/148/316 260/291/260 261/35/261
f 239/317/239 317/318/317 316/148/316
f 317/318/317 318/150/318 316/148/316
f 316/148/316 318/150/318 260/291/260
f 318/150/318 259/117/259 260/291/260
f 238/242/238 231/232/231 317/318/317
f 231/232/231 230/151/230 317/318/317
f 317/318/317 230/151/230 318/150/318
f 230/151/230 229/319/229 318/150/318
f 318/150/318 229/319/229 259/117/259
f 229/319/229 197/255/197 259/117/259
f 253/296/253 258/297/258 196/252/196
f 254/123/254 319/320/319 253/296/253
f 255/241/255 320/154/320 254/123/254
f 253/296/253 319/320/319 258/297/258
f 319/320/319 257/298/257 258/297/258
f 254/123/254 320/154/320 319/320/319
f 320/154/320 321/321/321 319/320/319
f 319/320/319 321/321/321 257/298/257
f 321/321/321 256/244/256 257/298/257
f 255/241/255 228/27/228 320/154/320
f 228/27/228 227/322/227 320/154/320
f 320/154/320 227/322/227 321/321/321
f 227/322/227 226/323/226 321/321/321
f 321/321/321 226/323/226 256/244/256
f 226/323/226 191/237/191 256/244/256
f 247/303/247 252/304/252 195/40/195
f 248/302/248 322/324/322 247/303/247
f 249/239/249 323/325/323 248/302/248
f 247/303/247 322/324/322 252/304/252
f 322/324/322 251/305/251 252/304/252
f 248/302/248 323/325/323 322/324/322
f 323/325/323 324/326/324 322/324/322
f 322/324/322 324/326/324 251/305/251
f 324/326/324 250/31/250 251/305/251
f 249/239/249 225/238/225 323/325/323
f 225/238/225 224/327/224 323/325/323
f 323/325/323 224/327/224 324/326/324
f 224/327/224 223/328/223 324/326/324
f 324/326/324 223/328/223 250/31/250
f 223/328/223 190/235/190 250/31/250
f 241/309/241 246/163/246 194/274/194
f 242/308/242 325/329/325 241/309/241
f 243/236/243 326/165/326 242/308/242
f 241/309/241 325/329/325 246/163/246
f 325/329/325 245/330/245 246/163/246
f 242/308/242 326/165/326 325/329/325
f 326/165/326 327/331/327 325/329/325
f 325/329/325 327/331/327 245/330/245
f 327/331/327 244/332/244 245/330/245
f 243/236/243 219/21/219 326/165/326
f 219/21/219 218/169/218 326/165/326
f 326/165/326 218/169/218 327/331/327
f 218/169/218 217/333/217 327/331/327
f 327/331/327 217/333/217 244/332/244
f 217/333/217 189/334/189 244/332/244
f 235/315/235 240/316/240 193/246/193
f 236/314/236 328/335/328 235/315/235
f 237/234/237 329/336/329 236/314/236
f 235/315/235 328/335/328 240/316/240
f 328/335/328 239/317/239 240/316/240
f 236/314/236 329/336/329 328/335/328
f 329/336/329 330/337/330 328/335/328
f 328/335/328 330/337/330 239/317/239
f 330/337/330 238/242/238 239/317/239
f 237/234/237 207/233/207 329/336/329
f 207/233/207 206/175/206 329/336/329
f 329/336/329 206/175/206 330/337/330
f 206/175/206 205/338/205 330/337/330
f 330/337/330 205/338/205 238/242/238
f 205/338/205 188/228/188 238/242/238
f 229/319/229 234/292/234 197/255/197
f 230/151/230 331/339/331 229/319/229
f 231/232/231 332/340/332 230/151/230
f 229/319/229 331/339/331 234/292/234
f 331/339/331 233/293/233 234/292/234
f 230/151/230 332/340/332 331/339/331
f 332/340/332 333/341/333 331/339/331
f 331/339/331 333/341/333 233/293/233
f 333/341/333 232/245/232 233/293/233
f 231/232/231 210/230/210 332/340/332
f 210/230/210 209/342/209 332/340/332
f 332/340/332 209/342/209 333/341/333
f 209/342/209 208/343/208 333/341/333
f 333/341/333 208/343/208 232/245/232
f 208/343/208 192/240/192 232/245/232
f 213/344/213 228/27/228 192/240/192
f 212/183/212 334/345/334 213/344/213
f 211/15/211 335/346/335 212/183/212
f 213/344/213 334/345/334 228/27/228
f 334/345/334 227/322/227 228/27/228
f 212/183/212 335/346/335 334/345/334
f 335/346/335 336/347/336 334/345/334
f 334/345/334 336/347/336 227/322/227
f 336/347/336 226/323/226 227/322/227
f 211/15/211 222/231/222 335/346/335
f 222/231/222 221/348/221 335/346/335
f 335/346/335 221/348/221 336/347/336
f 221/348/221 220/349/220 336/347/336
f 336/347/336 220/349/220 226/323/226
f 220/349/220 191/237/191 226/323/226
f 220/189/220 225/238/225 191/237/191
f 221/190/221 337/191/337 220/189/220
f 222/12/222 338/350/338 221/190/221
f 220/189/220 337/191/337 225/238/225
f 337/191/337 224/327/224 225/238/225
f 221/190/221 338/350/338 337/191/337
f 338/350/338 339/351/339 337/191/337
f 337/191/337 339/351/339 224/327/224
f 339/351/339 223/328/223 224/327/224
f 222/12/222 216/11/216 338/350/338
f 216/11/216 215/352/215 338/350/338
f 338/350/338 215/352/215 339/351/339
f 215/352/215 214/353/214 339/351/339
f 339/351/339 214/353/214 223/328/223
f 214/353/214 190/235/190 223/328/223
f 214/196/214 219/21/219 190/235/190
f 215/197/215 340/354/340 214/196/214
f 216/9/216 341/355/341 215/197/215
f 214/196/214 340/354/340 219/21/219
f 340/354/340 218/169/218 219/21/219
f 215/197/215 341/355/341 340/354/340
f 341/355/341 342/356/342 340/354/340
f 340/354/340 342/356/342 218/169/218
f 342/356/342 217/333/217 218/169/218
f 216/9/216 201/8/201 341/355/341
f 201/8/201 200/357/200 341/355/341
f 341/355/341 200/357/200 342/356/342
f 200/357/200 199/358/199 342/356/342
f 342/356/342 199/358/199 217/333/217
f 199/358/199 189/334/189 217/333/217
f 208/343/208 213/203/213 192/240/192
f 209/342/209 343/359/343 208/343/208
f 210/230/210 344/360/344 209/342/209
f 208/343/208 343/359/343 213/203/213
f 343/359/343 212/361/212 213/203/213
f 209/342/209 344/360/344 343/359/343
f 344/360/344 345/207/345 343/359/343
f 343/359/343 345/207/345 212/361/212
f 345/207/345 211/208/211 212/361/212
f 210/230/210 204/229/204 344/360/344
f 204/229/204 203/362/203 344/360/344
f 344/360/344 203/362/203 345/207/345
f 203/362/203 202/363/202 345/207/345
f 345/207/345 202/363/202 211/208/211
f 202/363/202 187/211/187 211/208/211
f 199/364/199 207/233/207 189/17/189
f 200/213/200 346/365/346 199/364/199
f 201/3/201 347/366/347 200/213/200
f 199/364/199 346/365/346 207/233/207
f 346/365/346 206/175/206 207/233/207
f 200/213/200 347/366/347 346/365/346
f 347/366/347 348/367/348 346/365/346
f 346/365/346 348/367/348 206/175/206
f 348/367/348 205/338/205 206/175/206
f 201/3/201 202/2/202 347/366/347
f 202/2/202 203/368/203 347/366/347
f 347/366/347 203/368/203 348/367/348
f 203/368/203 204/369/204 348/367/348
f 348/367/348 204/369/204 205/338/205
f 204/369/204 188/228/188 205/338/205
f 361/370/361 360/371/360 349/372/349
f 350/373/350 361/374/361 349/375/349
f 351/376/351 362/377/362 350/373/350
f 352/378/352 363/379/363 351/376/351
f 353/380/353 364/381/364 352/378/352
f 354/382/354 365/383/365 353/380/353
f 367/384/367 354/382/354 355/385/355
f 368/386/368 355/385/355 356/387/356
f 369/388/369 356/387/356 357/389/357
f 370/390/370 357/389/357 358/391/358
f 371/392/371 358/391/358 359/393/359
f 372/394/372 359/393/359 360/371/360
f 361/370/361 384/395/384 372/394/372
f 362/377/362 373/396/373 361/374/361
f 363/379/363 374/397/374 362/377/362
f 364/381/364 375/398/375 363/379/363
f 365/383/365 376/399/376 364/381/364
f 366/400/366 377/401/377 365/383/365
f 379/402/379 366/400/366 367/384/367
f 380/403/380 367/384/367 368/386/368
f 381/404/381 368/386/368 369/388/369
f 382/405/382 369/388/369 370/390/370
f 383/406/383 370/390/370 371/392/371
f 384/395/384 371/392/371 372/394/372
f 385/407/385 384/395/384 373/408/373
f 374/397/374 385/409/385 373/396/373
f 375/398/375 386/410/386 374/397/374
f 376/399/376 387/411/387 375/398/375
f 377/401/377 388/412/388 376/399/376
f 378/413/378 389/414/389 377/401/377
f 391/415/391 378/413/378 379/402/379
f 392/416/392 379/402/379 380/403/380
f 393/417/393 380/403/380 381/404/381
f 394/418/394 381/404/381 382/405/382
f 395/419/395 382/405/382 383/406/383
f 396/420/396 383/406/383 384/395/384
f 397/421/397 396/420/396 385/407/385
f 386/410/386 397/422/397 385/409/385
f 387/411/387 398/423/398 386/410/386
f 388/412/388 399/424/399 387/411/387
f 389/414/389 400/425/400 388/412/388
f 390/426/390 401/427/401 389/414/389
f 403/428/403 390/426/390 391/415/391
f 404/429/404 391/415/391 392/416/392
f 405/430/405 392/416/392 393/417/393
f 406/431/406 393/417/393 394/418/394
f 407/432/407 394/418/394 395/419/395
f 408/433/408 395/419/395 396/420/396
f 397/421/397 420/434/420 408/433/408
f 398/423/398 409/435/409 397/422/397
f 411/436/411 398/423/398 399/424/399
f 412/437/412 399/424/399 400/425/400
f 401/427/401 412/437/412 400/425/400
f 402/438/402 413/439/413 401/427/401
f 415/440/415 402/438/402 403/428/403
f 416/441/416 403/428/403 404/429/404
f 417/442/417 404/429/404 405/430/405
f 418/443/418 405/430/405 406/431/406
f 407/432/407 418/443/418 406/431/406
f 408/433/408 419/444/419 407/432/407
f 409/445/409 432/446/432 420/434/420
f 410/447/410 421/448/421 409/435/409
f 423/449/423 410/447/410 411/436/411
f 424/450/424 411/436/411 412/437/412
f 425/451/425 412/437/412 413/439/413
f 426/452/426 413/439/413 414/453/414
f 427/454/427 414/453/414 415/440/415
f 428/455/428 415/440/415 416/441/416
f 429/456/429 416/441/416 417/442/417
f 430/457/430 417/442/417 418/443/418
f 419/444/419 430/457/430 418/443/418
f 420/434/420 431/458/431 419/444/419
f 421/459/421 444/460/444 432/446/432
f 422/461/422 433/462/433 421/448/421
f 435/463/435 422/461/422 423/449/423
f 436/464/436 423/449/423 424/450/424
f 437/465/437 424/450/424 425/451/425
f 438/466/438 425/451/425 426/452/426
f 427/454/427 438/466/438 426/452/426
f 428/455/428 439/467/439 427/454/427
f 429/456/429 440/468/440 428/455/428
f 430/457/430 441/469/441 429/456/429
f 431/458/431 442/470/442 430/457/430
f 432/446/432 443/471/443 431/458/431
f 433/472/433 456/473/456 444/460/444
f 434/474/434 445/475/445 433/462/433
f 447/476/447 434/474/434 435/463/435
f 448/477/448 435/463/435 436/464/436
f 449/478/449 436/464/436 437/465/437
f 438/466/438 449/478/449 437/465/437
f 439/467/439 450/479/450 438/466/438
f 440/468/440 451/480/451 439/467/439
f 441/469/441 452/481/452 440/468/440
f 442/470/442 453/482/453 441/469/441
f 443/471/443 454/483/454 442/470/442
f 456/473/456 443/471/443 444/460/444
f 457/484/457 456/473/456 445/485/445
f 446/486/446 457/487/457 445/475/445
f 447/476/447 458/488/458 446/486/446
f 448/477/448 459/489/459 447/476/447
f 449/478/449 460/490/460 448/477/448
f 450/479/450 461/491/461 449/478/449
f 451/480/451 462/492/462 450/479/450
f 452/481/452 463/493/463 451/480/451
f 453/482/453 464/494/464 452/481/452
f 466/495/466 453/482/453 454/483/454
f 467/496/467 454/483/454 455/497/455
f 468/498/468 455/497/455 456/473/456
f 469/499/469 468/498/468 457/484/457
f 458/488/458 469/500/469 457/487/457
f 459/489/459 470/501/470 458/488/458
f 460/490/460 471/502/471 459/489/459
f 461/491/461 472/503/472 460/490/460
f 462/492/462 473/504/473 461/491/461
f 463/493/463 474/505/474 462/492/462
f 464/494/464 475/506/475 463/493/463
f 477/507/477 464/494/464 465/508/465
f 478/509/478 465/508/465 466/495/466
f 479/510/479 466/495/466 467/496/467
f 480/511/480 467/496/467 468/498/468
f 481/512/481 480/511/480 469/499/469
f 470/501/470 481/513/481 469/500/469
f 471/502/471 482/514/482 470/501/470
f 472/503/472 483/515/483 471/502/471
f 473/504/473 484/516/484 472/503/472
f 474/505/474 485/517/485 473/504/473
f 475/506/475 486/518/486 474/505/474
f 488/519/488 475/506/475 476/520/476
f 489/521/489 476/520/476 477/507/477
f 490/522/490 477/507/477 478/509/478
f 491/523/491 478/509/478 479/510/479
f 492/524/492 479/510/479 480/511/480
f 493/525/493 492/524/492 481/512/481
f 482/514/482 493/526/493 481/513/481
f 483/515/483 494/527/494 482/514/482
f 484/516/484 495/528/495 483/515/483
f 485/517/485 496/529/496 484/516/484
f 486/518/486 497/530/497 485/517/485
f 487/531/487 498/532/498 486/518/486
f 500/533/500 487/531/487 488/519/488
f 501/534/501 488/519/488 489/521/489
f 502/535/502 489/521/489 490/522/490
f 503/536/503 490/522/490 491/523/491
f 504/537/504 491/523/491 492/524/492
f 505/538/505 504/537/504 493/525/493
f 506/539/506 493/526/493 494/527/494
f 495/528/495 506/539/506 494/527/494
f 496/529/496 507/540/507 495/528/495
f 497/530/497 508/541/508 496/529/496
f 498/532/498 509/542/509 497/530/497
f 499/543/499 510/544/510 498/532/498
f 500/533/500 511/545/511 499/543/499
f 513/546/513 500/533/500 501/534/501
f 514/547/514 501/534/501 502/535/502
f 515/548/515 502/535/502 503/536/503
f 516/549/516 503/536/503 504/537/504
f 517/550/517 516/549/516 505/538/505
f 518/551/518 505/552/505 506/539/506
f 519/553/519 506/539/506 507/540/507
f 508/541/508 519/553/519 507/540/507
f 509/542/509 520/554/520 508/541/508
f 510/544/510 521/555/521 509/542/509
f 511/545/511 522/556/522 510/544/510
f 512/557/512 523/558/523 511/545/511
f 513/546/513 524/559/524 512/557/512
f 514/547/514 525/560/525 513/546/513
f 527/561/527 514/547/514 515/548/515
f 528/562/528 515/548/515 516/549/516
f 529/563/529 528/562/528 517/550/517
f 530/564/530 517/565/517 518/551/518
f 531/566/531 518/551/518 519/553/519
f 520/554/520 531/566/531 519/553/519
f 521/555/521 532/567/532 520/554/520
f 522/556/522 533/568/533 521/555/521
f 523/558/523 534/569/534 522/556/522
f 524/559/524 535/570/535 523/558/523
f 525/560/525 536/571/536 524/559/524
f 526/572/526 537/573/537 525/560/525
f 539/574/539 526/572/526 527/561/527
f 540/575/540 527/561/527 528/562/528
f 541/576/541 540/575/540 529/563/529
f 542/577/542 529/578/529 530/564/530
f 543/579/543 530/564/530 531/566/531
f 544/580/544 531/566/531 532/567/532
f 545/581/545 532/567/532 533/568/533
f 534/569/534 545/581/545 533/568/533
f 535/570/535 546/582/546 534/569/534
f 536/571/536 547/583/547 535/570/535
f 537/573/537 548/584/548 536/571/536
f 538/585/538 549/586/549 537/573/537
f 551/587/551 538/585/538 539/574/539
f 540/575/540 551/587/551 539/574/539
f 541/576/541 564/588/564 552/589/552
f 554/590/554 541/591/541 542/577/542
f 555/592/555 542/577/542 543/579/543
f 556/593/556 543/579/543 544/580/544
f 557/594/557 544/580/544 545/581/545
f 558/595/558 545/581/545 546/582/546
f 559/596/559 546/582/546 547/583/547
f 560/597/560 547/583/547 548/584/548
f 549/586/549 560/597/560 548/584/548
f 550/598/550 561/599/561 549/586/549
f 563/600/563 550/598/550 551/587/551
f 552/589/552 563/600/563 551/587/551
f 553/601/553 576/602/576 564/588/564
f 566/603/566 553/604/553 554/590/554
f 567/605/567 554/590/554 555/592/555
f 568/606/568 555/592/555 556/593/556
f 569/607/569 556/593/556 557/594/557
f 570/608/570 557/594/557 558/595/558
f 571/609/571 558/595/558 559/596/559
f 572/610/572 559/596/559 560/597/560
f 573/611/573 560/597/560 561/599/561
f 574/612/574 561/599/561 562/613/562
f 575/614/575 562/613/562 563/600/563
f 564/588/564 575/614/575 563/600/563
f 565/615/565 588/616/588 576/602/576
f 566/603/566 577/617/577 565/618/565
f 567/605/567 578/619/578 566/603/566
f 580/620/580 567/605/567 568/606/568
f 581/621/581 568/606/568 569/607/569
f 582/622/582 569/607/569 570/608/570
f 583/623/583 570/608/570 571/609/571
f 584/624/584 571/609/571 572/610/572
f 585/625/585 572/610/572 573/611/573
f 586/626/586 573/611/573 574/612/574
f 587/627/587 574/612/574 575/614/575
f 576/602/576 587/627/587 575/614/575
f 577/628/577 600/629/600 588/616/588
f 578/619/578 589/630/589 577/617/577
f 579/631/579 590/632/590 578/619/578
f 580/620/580 591/633/591 579/631/579
f 593/634/593 580/620/580 581/621/581
f 594/635/594 581/621/581 582/622/582
f 595/636/595 582/622/582 583/623/583
f 596/637/596 583/623/583 584/624/584
f 597/638/597 584/624/584 585/625/585
f 598/639/598 585/625/585 586/626/586
f 599/640/599 586/626/586 587/627/587
f 600/629/600 587/627/587 588/616/588
f 589/641/589 612/642/612 600/629/600
f 590/632/590 601/643/601 589/630/589
f 591/633/591 602/644/602 590/632/590
f 592/645/592 603/646/603 591/633/591
f 605/647/605 592/645/592 593/634/593
f 606/648/606 593/634/593 594/635/594
f 607/649/607 594/635/594 595/636/595
f 608/650/608 595/636/595 596/637/596
f 609/651/609 596/637/596 597/638/597
f 610/652/610 597/638/597 598/639/598
f 611/653/611 598/639/598 599/640/599
f 612/642/612 599/640/599 600/629/600
f 601/654/601 624/655/624 612/642/612
f 602/644/602 613/656/613 601/643/601
f 603/646/603 614/657/614 602/644/602
f 604/658/604 615/659/615 603/646/603
f 617/660/617 604/658/604 605/647/605
f 618/661/618 605/647/605 606/648/606
f 619/662/619 606/648/606 607/649/607
f 620/663/620 607/649/607 608/650/608
f 621/664/621 608/650/608 609/651/609
f 622/665/622 609/651/609 610/652/610
f 623/666/623 610/652/610 611/653/611
f 624/655/624 611/653/611 612/642/612
f 613/667/613 636/668/636 624/655/624
f 614/657/614 625/669/625 613/656/613
f 627/670/627 614/657/614 615/659/615
f 628/671/628 615/659/615 616/672/616
f 629/673/629 616/672/616 617/660/617
f 630/674/630 617/660/617 618/661/618
f 631/675/631 618/661/618 619/662/619
f 632/676/632 619/662/619 620/663/620
f 633/677/633 620/663/620 621/664/621
f 622/665/622 633/677/633 621/664/621
f 623/666/623 634/678/634 622/665/622
f 624/655/624 635/679/635 623/666/623
f 625/680/625 648/681/648 636/668/636
f 638/682/638 625/669/625 626/683/626
f 639/684/639 626/683/626 627/670/627
f 640/685/640 627/670/627 628/671/628
f 641/686/641 628/671/628 629/673/629
f 642/687/642 629/673/629 630/674/630
f 643/688/643 630/674/630 631/675/631
f 644/689/644 631/675/631 632/676/632
f 633/677/633 644/689/644 632/676/632
f 634/678/634 645/690/645 633/677/633
f 635/679/635 646/691/646 634/678/634
f 636/668/636 647/692/647 635/679/635
f 649/693/649 648/681/648 637/694/637
f 650/695/650 637/696/637 638/682/638
f 651/697/651 638/682/638 639/684/639
f 652/698/652 639/684/639 640/685/640
f 653/699/653 640/685/640 641/686/641
f 642/687/642 653/699/653 641/686/641
f 643/688/643 654/700/654 642/687/642
f 644/689/644 655/701/655 643/688/643
f 645/690/645 656/702/656 644/689/644
f 646/691/646 657/703/657 645/690/645
f 647/692/647 658/704/658 646/691/646
f 648/681/648 659/705/659 647/692/647
f 661/706/661 660/707/660 649/693/649
f 662/708/662 649/709/649 650/695/650
f 663/710/663 650/695/650 651/697/651
f 652/698/652 663/710/663 651/697/651
f 653/699/653 664/711/664 652/698/652
f 654/700/654 665/712/665 653/699/653
f 655/701/655 666/713/666 654/700/654
f 656/702/656 667/714/667 655/701/655
f 669/715/669 656/702/656 657/703/657
f 670/716/670 657/703/657 658/704/658
f 671/717/671 658/704/658 659/705/659
f 672/718/672 659/705/659 660/707/660
f 673/719/673 672/718/672 661/706/661
f 674/720/674 661/721/661 662/708/662
f 675/722/675 662/708/662 663/710/663
f 664/711/664 675/722/675 663/710/663
f 665/712/665 676/723/676 664/711/664
f 666/713/666 677/724/677 665/712/665
f 667/714/667 678/725/678 666/713/666
f 668/726/668 679/727/679 667/714/667
f 681/728/681 668/726/668 669/715/669
f 682/729/682 669/715/669 670/716/670
f 683/730/683 670/716/670 671/717/671
f 684/731/684 671/717/671 672/718/672
f 685/732/685 684/731/684 673/719/673
f 686/733/686 673/734/673 674/720/674
f 687/735/687 674/720/674 675/722/675
f 688/736/688 675/722/675 676/723/676
f 677/724/677 688/736/688 676/723/676
f 678/725/678 689/737/689 677/724/677
f 679/727/679 690/738/690 678/725/678
f 680/739/680 691/740/691 679/727/679
f 681/728/681 692/741/692 680/739/680
f 682/729/682 693/742/693 681/728/681
f 695/743/695 682/729/682 683/730/683
f 696/744/696 683/730/683 684/731/684
f 685/732/685 708/745/708 696/744/696
f 698/746/698 685/747/685 686/733/686
f 699/748/699 686/733/686 687/735/687
f 700/749/700 687/735/687 688/736/688
f 701/750/701 688/736/688 689/737/689
f 702/751/702 689/737/689 690/738/690
f 703/752/703 690/738/690 691/740/691
f 692/741/692 703/752/703 691/740/691
f 693/742/693 704/753/704 692/741/692
f 694/754/694 705/755/705 693/742/693
f 695/743/695 706/756/706 694/754/694
f 696/744/696 707/757/707 695/743/695
f 697/758/697 720/759/720 708/745/708
f 710/760/710 697/761/697 698/746/698
f 711/762/711 698/746/698 699/748/699
f 712/763/712 699/748/699 700/749/700
f 713/764/713 700/749/700 701/750/701
f 714/765/714 701/750/701 702/751/702
f 715/766/715 702/751/702 703/752/703
f 704/753/704 715/766/715 703/752/703
f 705/755/705 716/767/716 704/753/704
f 706/756/706 717/768/717 705/755/705
f 707/757/707 718/769/718 706/756/706
f 708/745/708 719/770/719 707/757/707
f 709/771/709 732/772/732 720/759/720
f 710/760/710 721/773/721 709/774/709
f 723/775/723 710/760/710 711/762/711
f 724/776/724 711/762/711 712/763/712
f 725/777/725 712/763/712 713/764/713
f 726/778/726 713/764/713 714/765/714
f 715/766/715 726/778/726 714/765/714
f 716/767/716 727/779/727 715/766/715
f 717/768/717 728/780/728 716/767/716
f 718/769/718 729/781/729 717/768/717
f 719/770/719 730/782/730 718/769/718
f 720/759/720 731/783/731 719/770/719
f 721/784/721 744/785/744 732/772/732
f 722/786/722 733/787/733 721/773/721
f 735/788/735 722/786/722 723/775/723
f 736/789/736 723/775/723 724/776/724
f 737/790/737 724/776/724 725/777/725
f 726/778/726 737/790/737 725/777/725
f 727/779/727 738/791/738 726/778/726
f 728/780/728 739/792/739 727/779/727
f 729/781/729 740/793/740 728/780/728
f 730/782/730 741/794/741 729/781/729
f 731/783/731 742/795/742 730/782/730
f 732/772/732 743/796/743 731/783/731
f 733/797/733 756/798/756 744/785/744
f 734/799/734 745/800/745 733/787/733
f 735/788/735 746/801/746 734/799/734
f 748/802/748 735/788/735 736/789/736
f 737/790/737 748/802/748 736/789/736
f 738/791/738 749/803/749 737/790/737
f 739/792/739 750/804/750 738/791/738
f 740/793/740 751/805/751 739/792/739
f 741/794/741 752/806/752 740/793/740
f 742/795/742 753/807/753 741/794/741
f 743/796/743 754/808/754 742/795/742
f 744/785/744 755/809/755 743/796/743
f 745/810/745 768/811/768 756/798/756
f 746/801/746 757/812/757 745/800/745
f 747/813/747 758/814/758 746/801/746
f 748/802/748 759/815/759 747/813/747
f 749/803/749 760/816/760 748/802/748
f 750/804/750 761/817/761 749/803/749
f 751/805/751 762/818/762 750/804/750
f 752/806/752 763/819/763 751/805/751
f 753/807/753 764/820/764 752/806/752
f 754/808/754 765/821/765 753/807/753
f 755/809/755 766/822/766 754/808/754
f 756/798/756 767/823/767 755/809/755
f 757/824/757 780/825/780 768/811/768
f 758/814/758 769/826/769 757/812/757
f 759/815/759 770/827/770 758/814/758
f 760/816/760 771/828/771 759/815/759
f 761/817/761 772/829/772 760/816/760
f 762/818/762 773/830/773 761/817/761
f 763/819/763 774/831/774 762/818/762
f 764/820/764 775/832/775 763/819/763
f 765/821/765 776/833/776 764/820/764
f 766/822/766 777/834/777 765/821/765
f 767/823/767 778/835/778 766/822/766
f 768/811/768 779/836/779 767/823/767
f 769/837/769 792/838/792 780/825/780
f 770/827/770 781/839/781 769/826/769
f 771/828/771 782/840/782 770/827/770
f 772/829/772 783/841/783 771/828/771
f 773/830/773 784/842/784 772/829/772
f 774/831/774 785/843/785 773/830/773
f 775/832/775 786/844/786 774/831/774
f 776/833/776 787/845/787 775/832/775
f 777/834/777 788/846/788 776/833/776
f 778/835/778 789/847/789 777/834/777
f 779/836/779 790/848/790 778/835/778
f 780/825/780 791/849/791 779/836/779
f 783/841/783 787/845/787 791/849/791
f 361/370/361 372/394/372 360/371/360
f 350/373/350 362/377/362 361/374/361
f 351/376/351 363/379/363 362/377/362
f 352/378/352 364/381/364 363/379/363
f 353/380/353 365/383/365 364/381/364
f 354/382/354 366/400/366 365/383/365
f 367/384/367 366/400/366 354/382/354
f 368/386/368 367/384/367 355/385/355
f 369/388/369 368/386/368 356/387/356
f 370/390/370 369/388/369 357/389/357
f 371/392/371 370/390/370 358/391/358
f 372/394/372 371/392/371 359/393/359
f 361/370/361 373/408/373 384/395/384
f 362/377/362 374/397/374 373/396/373
f 363/379/363 375/398/375 374/397/374
f 364/381/364 376/399/376 375/398/375
f 365/383/365 377/401/377 376/399/376
f 366/400/366 378/413/378 377/401/377
f 379/402/379 378/413/378 366/400/366
f 380/403/380 379/402/379 367/384/367
f 381/404/381 380/403/380 368/386/368
f 382/405/382 381/404/381 369/388/369
f 383/406/383 382/405/382 370/390/370
f 384/395/384 383/406/383 371/392/371
f 385/407/385 396/420/396 384/395/384
f 374/397/374 386/410/386 385/409/385
f 375/398/375 387/411/387 386/410/386
f 376/399/376 388/412/388 387/411/387
f 377/401/377 389/414/389 388/412/388
f 378/413/378 390/426/390 389/414/389
f 391/415/391 390/426/390 378/413/378
f 392/416/392 391/415/391 379/402/379
f 393/417/393 392/416/392 380/403/380
f 394/418/394 393/417/393 381/404/381
f 395/419/395 394/418/394 382/405/382
f 396/420/396 395/419/395 383/406/383
f 397/421/397 408/433/408 396/420/396
f 386/410/386 398/423/398 397/422/397
f 387/411/387 399/424/399 398/423/398
f 388/412/388 400/425/400 399/424/399
f 389/414/389 401/427/401 400/425/400
f 390/426/390 402/438/402 401/427/401
f 403/428/403 402/438/402 390/426/390
f 404/429/404 403/428/403 391/415/391
f 405/430/405 404/429/404 392/416/392
f 406/431/406 405/430/405 393/417/393
f 407/432/407 406/431/406 394/418/394
f 408/433/408 407/432/407 395/419/395
f 397/421/397 409/445/409 420/434/420
f 398/423/398 410/447/410 409/435/409
f 411/436/411 410/447/410 398/423/398
f 412/437/412 411/436/411 399/424/399
f 401/427/401 413/439/413 412/437/412
f 402/438/402 414/453/414 413/439/413
f 415/440/415 414/453/414 402/438/402
f 416/441/416 415/440/415 403/428/403
f 417/442/417 416/441/416 404/429/404
f 418/443/418 417/442/417 405/430/405
f 407/432/407 419/444/419 418/443/418
f 408/433/408 420/434/420 419/444/419
f 409/445/409 421/459/421 432/446/432
f 410/447/410 422/461/422 421/448/421
f 423/449/423 422/461/422 410/447/410
f 424/450/424 423/449/423 411/436/411
f 425/451/425 424/450/424 412/437/412
f 426/452/426 425/451/425 413/439/413
f 427/454/427 426/452/426 414/453/414
f 428/455/428 427/454/427 415/440/415
f 429/456/429 428/455/428 416/441/416
f 430/457/430 429/456/429 417/442/417
f 419/444/419 431/458/431 430/457/430
f 420/434/420 432/446/432 431/458/431
f 421/459/421 433/472/433 444/460/444
f 422/461/422 434/474/434 433/462/433
f 435/463/435 434/474/434 422/461/422
f 436/464/436 435/463/435 423/449/423
f 437/465/437 436/464/436 424/450/424
f 438/466/438 437/465/437 425/451/425
f 427/454/427 439/467/439 438/466/438
f 428/455/428 440/468/440 439/467/439
f 429/456/429 441/469/441 440/468/440
f 430/457/430 442/470/442 441/469/441
f 431/458/431 443/471/443 442/470/442
f 432/446/432 444/460/444 443/471/443
f 433/472/433 445/485/445 456/473/456
f 434/474/434 446/486/446 445/475/445
f 447/476/447 446/486/446 434/474/434
f 448/477/448 447/476/447 435/463/435
f 449/478/449 448/477/448 436/464/436
f 438/466/438 450/479/450 449/478/449
f 439/467/439 451/480/451 450/479/450
f 440/468/440 452/481/452 451/480/451
f 441/469/441 453/482/453 452/481/452
f 442/470/442 454/483/454 453/482/453
f 443/471/443 455/497/455 454/483/454
f 456/473/456 455/497/455 443/471/443
f 457/484/457 468/498/468 456/473/456
f 446/486/446 458/488/458 457/487/457
f 447/476/447 459/489/459 458/488/458
f 448/477/448 460/490/460 459/489/459
f 449/478/449 461/491/461 460/490/460
f 450/479/450 462/492/462 461/491/461
f 451/480/451 463/493/463 462/492/462
f 452/481/452 464/494/464 463/493/463
f 453/482/453 465/508/465 464/494/464
f 466/495/466 465/508/465 453/482/453
f 467/496/467 466/495/466 454/483/454
f 468/498/468 467/496/467 455/497/455
f 469/499/469 480/511/480 468/498/468
f 458/488/458 470/501/470 469/500/469
f 459/489/459 471/502/471 470/501/470
f 460/490/460 472/503/472 471/502/471
f 461/491/461 473/504/473 472/503/472
f 462/492/462 474/505/474 473/504/473
f 463/493/463 475/506/475 474/505/474
f 464/494/464 476/520/476 475/506/475
f 477/507/477 476/520/476 464/494/464
f 478/509/478 477/507/477 465/508/465
f 479/510/479 478/509/478 466/495/466
f 480/511/480 479/510/479 467/496/467
f 481/512/481 492/524/492 480/511/480
f 470/501/470 482/514/482 481/513/481
f 471/502/471 483/515/483 482/514/482
f 472/503/472 484/516/484 483/515/483
f 473/504/473 485/517/485 484/516/484
f 474/505/474 486/518/486 485/517/485
f 475/506/475 487/531/487 486/518/486
f 488/519/488 487/531/487 475/506/475
f 489/521/489 488/519/488 476/520/476
f 490/522/490 489/521/489 477/507/477
f 491/523/491 490/522/490 478/509/478
f 492/524/492 491/523/491 479/510/479
f 493/525/493 504/537/504 492/524/492
f 482/514/482 494/527/494 493/526/493
f 483/515/483 495/528/495 494/527/494
f 484/516/484 496/529/496 495/528/495
f 485/517/485 497/530/497 496/529/496
f 486/518/486 498/532/498 497/530/497
f 487/531/487 499/543/499 498/532/498
f 500/533/500 499/543/499 487/531/487
f 501/534/501 500/533/500 488/519/488
f 502/535/502 501/534/501 489/521/489
f 503/536/503 502/535/502 490/522/490
f 504/537/504 503/536/503 491/523/491
f 505/538/505 516/549/516 504/537/504
f 506/539/506 505/552/505 493/526/493
f 495/528/495 507/540/507 506/539/506
f 496/529/496 508/541/508 507/540/507
f 497/530/497 509/542/509 508/541/508
f 498/532/498 510/544/510 509/542/509
f 499/543/499 511/545/511 510/544/510
f 500/533/500 512/557/512 511/545/511
f 513/546/513 512/557/512 500/533/500
f 514/547/514 513/546/513 501/534/501
f 515/548/515 514/547/514 502/535/502
f 516/549/516 515/548/515 503/536/503
f 517/550/517 528/562/528 516/549/516
f 518/551/518 517/565/517 505/552/505
f 519/553/519 518/551/518 506/539/506
f 508/541/508 520/554/520 519/553/519
f 509/542/509 521/555/521 520/554/520
f 510/544/510 522/556/522 521/555/521
f 511/545/511 523/558/523 522/556/522
f 512/557/512 524/559/524 523/558/523
f 513/546/513 525/560/525 524/559/524
f 514/547/514 526/572/526 525/560/525
f 527/561/527 526/572/526 514/547/514
f 528/562/528 527/561/527 515/548/515
f 529/563/529 540/575/540 528/562/528
f 530/564/530 529/578/529 517/565/517
f 531/566/531 530/564/530 518/551/518
f 520/554/520 532/567/532 531/566/531
f 521/555/521 533/568/533 532/567/532
f 522/556/522 534/569/534 533/568/533
f 523/558/523 535/570/535 534/569/534
f 524/559/524 536/571/536 535/570/535
f 525/560/525 537/573/537 536/571/536
f 526/572/526 538/585/538 537/573/537
f 539/574/539 538/585/538 526/572/526
f 540/575/540 539/574/539 527/561/527
f 541/576/541 552/589/552 540/575/540
f 542/577/542 541/591/541 529/578/529
f 543/579/543 542/577/542 530/564/530
f 544/580/544 543/579/543 531/566/531
f 545/581/545 544/580/544 532/567/532
f 534/569/534 546/582/546 545/581/545
f 535/570/535 547/583/547 546/582/546
f 536/571/536 548/584/548 547/583/547
f 537/573/537 549/586/549 548/584/548
f 538/585/538 550/598/550 549/586/549
f 551/587/551 550/598/550 538/585/538
f 540/575/540 552/589/552 551/587/551
f 541/576/541 553/601/553 564/588/564
f 554/590/554 553/604/553 541/591/541
f 555/592/555 554/590/554 542/577/542
f 556/593/556 555/592/555 543/579/543
f 557/594/557 556/593/556 544/580/544
f 558/595/558 557/594/557 545/581/545
f 559/596/559 558/595/558 546/582/546
f 560/597/560 559/596/559 547/583/547
f 549/586/549 561/599/561 560/597/560
f 550/598/550 562/613/562 561/599/561
f 563/600/563 562/613/562 550/598/550
f 552/589/552 564/588/564 563/600/563
f 553/601/553 565/615/565 576/602/576
f 566/603/566 565/618/565 553/604/553
f 567/605/567 566/603/566 554/590/554
f 568/606/568 567/605/567 555/592/555
f 569/607/569 568/606/568 556/593/556
f 570/608/570 569/607/569 557/594/557
f 571/609/571 570/608/570 558/595/558
f 572/610/572 571/609/571 559/596/559
f 573/611/573 572/610/572 560/597/560
f 574/612/574 573/611/573 561/599/561
f 575/614/575 574/612/574 562/613/562
f 564/588/564 576/602/576 575/614/575
f 565/615/565 577/628/577 588/616/588
f 566/603/566 578/619/578 577/617/577
f 567/605/567 579/631/579 578/619/578
f 580/620/580 579/631/579 567/605/567
f 581/621/581 580/620/580 568/606/568
f 582/622/582 581/621/581 569/607/569
f 583/623/583 582/622/582 570/608/570
f 584/624/584 583/623/583 571/609/571
f 585/625/585 584/624/584 572/610/572
f 586/626/586 585/625/585 573/611/573
f 587/627/587 586/626/586 574/612/574
f 576/602/576 588/616/588 587/627/587
f 577/628/577 589/641/589 600/629/600
f 578/619/578 590/632/590 589/630/589
f 579/631/579 591/633/591 590/632/590
f 580/620/580 592/645/592 591/633/591
f 593/634/593 592/645/592 580/620/580
f 594/635/594 593/634/593 581/621/581
f 595/636/595 594/635/594 582/622/582
f 596/637/596 595/636/595 583/623/583
f 597/638/597 596/637/596 584/624/584
f 598/639/598 597/638/597 585/625/585
f 599/640/599 598/639/598 586/626/586
f 600/629/600 599/640/599 587/627/587
f 589/641/589 601/654/601 612/642/612
f 590/632/590 602/644/602 601/643/601
f 591/633/591 603/646/603 602/644/602
f 592/645/592 604/658/604 603/646/603
f 605/647/605 604/658/604 592/645/592
f 606/648/606 605/647/605 593/634/593
f 607/649/607 606/648/606 594/635/594
f 608/650/608 607/649/607 595/636/595
f 609/651/609 608/650/608 596/637/596
f 610/652/610 609/651/609 597/638/597
f 611/653/611 610/652/610 598/639/598
f 612/642/612 611/653/611 599/640/599
f 601/654/601 613/667/613 624/655/624
f 602/644/602 614/657/614 613/656/613
f 603/646/603 615/659/615 614/657/614
f 604/658/604 616/672/616 615/659/615
f 617/660/617 616/672/616 604/658/604
f 618/661/618 617/660/617 605/647/605
f 619/662/619 618/661/618 606/648/606
f 620/663/620 619/662/619 607/649/607
f 621/664/621 620/663/620 608/650/608
f 622/665/622 621/664/621 609/651/609
f 623/666/623 622/665/622 610/652/610
f 624/655/624 623/666/623 611/653/611
f 613/667/613 625/680/625 636/668/636
f 614/657/614 626/683/626 625/669/625
f 627/670/627 626/683/626 614/657/614
f 628/671/628 627/670/627 615/659/615
f 629/673/629 628/671/628 616/672/616
f 630/674/630 629/673/629 617/660/617
f 631/675/631 630/674/630 618/661/618
f 632/676/632 631/675/631 619/662/619
f 633/677/633 632/676/632 620/663/620
f 622/665/622 634/678/634 633/677/633
f 623/666/623 635/679/635 634/678/634
f 624/655/624 636/668/636 635/679/635
f 625/680/625 637/694/637 648/681/648
f 638/682/638 637/696/637 625/669/625
f 639/684/639 638/682/638 626/683/626
f 640/685/640 639/684/639 627/670/627
f 641/686/641 640/685/640 628/671/628
f 642/687/642 641/686/641 629/673/629
f 643/688/643 642/687/642 630/674/630
f 644/689/644 643/688/643 631/675/631
f 633/677/633 645/690/645 644/689/644
f 634/678/634 646/691/646 645/690/645
f 635/679/635 647/692/647 646/691/646
f 636/668/636 648/681/648 647/692/647
f 649/693/649 660/707/660 648/681/648
f 650/695/650 649/709/649 637/696/637
f 651/697/651 650/695/650 638/682/638
f 652/698/652 651/697/651 639/684/639
f 653/699/653 652/698/652 640/685/640
f 642/687/642 654/700/654 653/699/653
f 643/688/643 655/701/655 654/700/654
f 644/689/644 656/702/656 655/701/655
f 645/690/645 657/703/657 656/702/656
f 646/691/646 658/704/658 657/703/657
f 647/692/647 659/705/659 658/704/658
f 648/681/648 660/707/660 659/705/659
f 661/706/661 672/718/672 660/707/660
f 662/708/662 661/721/661 649/709/649
f 663/710/663 662/708/662 650/695/650
f 652/698/652 664/711/664 663/710/663
f 653/699/653 665/712/665 664/711/664
f 654/700/654 666/713/666 665/712/665
f 655/701/655 667/714/667 666/713/666
f 656/702/656 668/726/668 667/714/667
f 669/715/669 668/726/668 656/702/656
f 670/716/670 669/715/669 657/703/657
f 671/717/671 670/716/670 658/704/658
f 672/718/672 671/717/671 659/705/659
f 673/719/673 684/731/684 672/718/672
f 674/720/674 673/734/673 661/721/661
f 675/722/675 674/720/674 662/708/662
f 664/711/664 676/723/676 675/722/675
f 665/712/665 677/724/677 676/723/676
f 666/713/666 678/725/678 677/724/677
f 667/714/667 679/727/679 678/725/678
f 668/726/668 680/739/680 679/727/679
f 681/728/681 680/739/680 668/726/668
f 682/729/682 681/728/681 669/715/669
f 683/730/683 682/729/682 670/716/670
f 684/731/684 683/730/683 671/717/671
f 685/732/685 696/744/696 684/731/684
f 686/733/686 685/747/685 673/734/673
f 687/735/687 686/733/686 674/720/674
f 688/736/688 687/735/687 675/722/675
f 677/724/677 689/737/689 688/736/688
f 678/725/678 690/738/690 689/737/689
f 679/727/679 691/740/691 690/738/690
f 680/739/680 692/741/692 691/740/691
f 681/728/681 693/742/693 692/741/692
f 682/729/682 694/754/694 693/742/693
f 695/743/695 694/754/694 682/729/682
f 696/744/696 695/743/695 683/730/683
f 685/732/685 697/758/697 708/745/708
f 698/746/698 697/761/697 685/747/685
f 699/748/699 698/746/698 686/733/686
f 700/749/700 699/748/699 687/735/687
f 701/750/701 700/749/700 688/736/688
f 702/751/702 701/750/701 689/737/689
f 703/752/703 702/751/702 690/738/690
f 692/741/692 704/753/704 703/752/703
f 693/742/693 705/755/705 704/753/704
f 694/754/694 706/756/706 705/755/705
f 695/743/695 707/757/707 706/756/706
f 696/744/696 708/745/708 707/757/707
f 697/758/697 709/771/709 720/759/720
f 710/760/710 709/774/709 697/761/697
f 711/762/711 710/760/710 698/746/698
f 712/763/712 711/762/711 699/748/699
f 713/764/713 712/763/712 700/749/700
f 714/765/714 713/764/713 701/750/701
f 715/766/715 714/765/714 702/751/702
f 704/753/704 716/767/716 715/766/715
f 705/755/705 717/768/717 716/767/716
f 706/756/706 718/769/718 717/768/717
f 707/757/707 719/770/719 718/769/718
f 708/745/708 720/759/720 719/770/719
f 709/771/709 721/784/721 732/772/732
f 710/760/710 722/786/722 721/773/721
f 723/775/723 722/786/722 710/760/710
f 724/776/724 723/775/723 711/762/711
f 725/777/725 724/776/724 712/763/712
f 726/778/726 725/777/725 713/764/713
f 715/766/715 727/779/727 726/778/726
f 716/767/716 728/780/728 727/779/727
f 717/768/717 729/781/729 728/780/728
f 718/769/718 730/782/730 729/781/729
f 719/770/719 731/783/731 730/782/730
f 720/759/720 732/772/732 731/783/731
f 721/784/721 733/797/733 744/785/744
f 722/786/722 734/799/734 733/787/733
f 735/788/735 734/799/734 722/786/722
f 736/789/736 735/788/735 723/775/723
f 737/790/737 736/789/736 724/776/724
f 726/778/726 738/791/738 737/790/737
f 727/779/727 739/792/739 738/791/738
f 728/780/728 740/793/740 739/792/739
f 729/781/729 741/794/741 740/793/740
f 730/782/730 742/795/742 741/794/741
f 731/783/731 743/796/743 742/795/742
f 732/772/732 744/785/744 743/796/743
f 733/797/733 745/810/745 756/798/756
f 734/799/734 746/801/746 745/800/745
f 735/788/735 747/813/747 746/801/746
f 748/802/748 747/813/747 735/788/735
f 737/790/737 749/803/749 748/802/748
f 738/791/738 750/804/750 749/803/749
f 739/792/739 751/805/751 750/804/750
f 740/793/740 752/806/752 751/805/751
f 741/794/741 753/807/753 752/806/752
f 742/795/742 754/808/754 753/807/753
f 743/796/743 755/809/755 754/808/754
f 744/785/744 756/798/756 755/809/755
f 745/810/745 757/824/757 768/811/768
f 746/801/746 758/814/758 757/812/757
f 747/813/747 759/815/759 758/814/758
f 748/802/748 760/816/760 759/815/759
f 749/803/749 761/817/761 760/816/760
f 750/804/750 762/818/762 761/817/761
f 751/805/751 763/819/763 762/818/762
f 752/806/752 764/820/764 763/819/763
f 753/807/753 765/821/765 764/820/764
f 754/808/754 766/822/766 765/821/765
f 755/809/755 767/823/767 766/822/766
f 756/798/756 768/811/768 767/823/767
f 757/824/757 769/837/769 780/825/780
f 758/814/758 770/827/770 769/826/769
f 759/815/759 771/828/771 770/827/770
f 760/816/760 772/829/772 771/828/771
f 761/817/761 773/830/773 772/829/772
f 762/818/762 774/831/774 773/830/773
f 763/819/763 775/832/775 774/831/774
f 764/820/764 776/833/776 775/832/775
f 765/821/765 777/834/777 776/833/776
f 766/822/766 778/835/778 777/834/777
f 767/823/767 779/836/779 778/835/778
f 768/811/768 780/825/780 779/836/779
f 769/837/769 781/2970/781 792/838/792
f 770/827/770 782/840/782 781/839/781
f 771/828/771 783/841/783 782/840/782
f 772/829/772 784/842/784 783/841/783
f 773/830/773 785/843/785 784/842/784
f 774/831/774 786/844/786 785/843/785
f 775/832/775 787/845/787 786/844/786
f 776/833/776 788/846/788 787/845/787
f 777/834/777 789/847/789 788/846/788
f 778/835/778 790/848/790 789/847/789
f 779/836/779 791/849/791 790/848/790
f 780/825/780 792/838/792 791/849/791
f 791/849/791 792/838/792 781/839/781
f 781/839/781 782/840/782 783/841/783
f 783/841/783 784/842/784 785/843/785
f 785/843/785 786/844/786 787/845/787
f 787/845/787 788/846/788 789/847/789
f 789/847/789 790/848/790 791/849/791
f 791/849/791 781/839/781 783/841/783
f 783/841/783 785/843/785 787/845/787
f 787/845/787 789/847/789 791/849/791
usemtl Blanket
f 2916/850/2915 793/609/793 1670/851/1670
f 2915/852/2914 796/727/796 1668/853/1668
f 2914/854/2913 797/723/797 1672/855/1672
f 1325/856/1325 1667/857/1667 2913/858/2912
f 2912/859/2911 798/490/798 1674/860/1674
f 2911/861/2910 794/606/794 1675/862/1675
f 1345/863/1345 1680/864/1680 2906/865/2905
f 1349/866/1349 1683/867/1683 2904/868/2903
f 1343/869/1343 1684/870/1684 2903/871/2902
f 1353/872/1353 1687/873/1687 2901/874/2900
f 1333/875/1333 1688/876/1688 2900/877/2899
f 1357/878/1357 1691/879/1691 2898/880/2897
f 1342/881/1342 1692/882/1692 2897/883/2896
f 2896/884/2895 810/885/810 1663/886/1663
f 2895/887/2894 809/888/809 1662/889/1662
f 2894/890/2893 800/891/800 1653/892/1653
f 2893/893/2892 817/894/817 1695/895/1695
f 1339/896/1339 1696/897/1696 2892/898/2891
f 2891/899/2890 807/900/807 1660/901/1660
f 2890/902/2889 806/903/806 1659/904/1659
f 1366/905/1366 1654/906/1654 2889/907/2888
f 2888/908/2887 818/909/818 1699/910/1699
f 2887/911/2886 805/912/805 1700/913/1700
f 2886/914/2885 804/915/804 1657/916/1657
f 1371/917/1371 1703/918/1703 2885/919/2884
f 1374/920/1374 1656/921/1656 2884/922/2883
f 1375/923/1375 1706/924/1706 2883/925/2882
f 2882/926/2881 799/927/799 1707/928/1707
f 2881/929/2880 887/930/887 1651/931/1651
f 2880/932/2879 888/933/888 1710/934/1710
f 2879/935/2878 838/936/838 1711/937/1711
f 1442/938/1442 1650/939/1650 2878/940/2877
f 1443/941/1443 1714/942/1714 2877/943/2876
f 1435/944/1435 1715/945/1715 2876/946/2875
f 1446/947/1446 1590/948/1590 2875/949/2874
f 1447/950/1447 1718/951/1718 2874/952/2873
f 1434/953/1434 1719/954/1719 2873/955/2872
f 1450/956/1450 1647/957/1647 2872/958/2871
f 2871/959/2870 891/960/891 1722/961/1722
f 2870/962/2869 882/963/882 1646/964/1646
f 2869/965/2868 892/966/892 1725/967/1725
f 2868/968/2867 881/969/881 1726/970/1726
f 2867/971/2866 827/972/827 1591/973/1591
f 2866/974/2865 893/975/893 1729/976/1729
f 2865/977/2864 880/978/880 1730/979/1730
f 2864/980/2863 879/981/879 1643/982/1643
f 2863/983/2862 894/984/894 1733/985/1733
f 2862/986/2861 844/987/844 1734/988/1734
f 2861/989/2860 878/990/878 1642/991/1642
f 2860/992/2859 895/993/895 1737/994/1737
f 2859/995/2858 877/996/877 1738/997/1738
f 1470/998/1470 1587/999/1587 2858/1000/2857
f 2857/1001/2856 896/1002/896 1741/1003/1741
f 2856/1004/2855 876/1005/876 1742/1006/1742
f 2855/1007/2854 830/1008/830 1594/1009/1594
f 2854/1010/2853 831/1011/831 1595/1012/1595
f 1480/1013/1480 1637/1014/1637 2853/1015/2852
f 2852/1016/2851 899/1017/899 1751/1018/1751
f 2851/1019/2850 847/1020/847 1752/1021/1752
f 2850/1022/2849 872/1023/872 1636/1024/1636
f 2849/1025/2848 900/1026/900 1755/1027/1755
f 2848/1028/2847 871/1029/871 1756/1030/1756
f 2847/1031/2846 822/1032/822 1586/1033/1586
f 2846/1034/2845 901/1035/901 1759/1036/1759
f 2845/1037/2844 870/1038/870 1760/1039/1760
f 2844/1040/2843 834/1041/834 1598/1042/1598
f 2843/1043/2842 835/1044/835 1599/1045/1599
f 2842/1046/2841 867/1047/867 1631/1048/1631
f 2841/1049/2840 904/1050/904 1769/1051/1769
f 1404/1052/1404 1770/1053/1770 2840/1054/2839
f 2839/1055/2838 866/1056/866 1630/1057/1630
f 2838/1058/2837 905/1059/905 1773/1060/1773
f 2837/1061/2836 865/1062/865 1774/1063/1774
f 1503/1064/1503 1777/1065/1777 2835/1066/2834
f 1418/1067/1418 1778/1068/1778 2834/1069/2833
f 2833/1070/2832 863/1071/863 1627/1072/1627
f 2832/1073/2831 907/1074/907 1781/1075/1781
f 2831/1076/2830 841/1077/841 1782/1078/1782
f 1509/1079/1509 1626/1080/1626 2830/1081/2829
f 1510/1082/1510 1785/1083/1785 2829/1084/2828
f 1415/1085/1415 1786/1086/1786 2828/1087/2827
f 1514/1088/1514 1789/1089/1789 2826/1090/2825
f 2825/1091/2824 860/1092/860 1790/1093/1790
f 1517/1094/1517 1623/1095/1623 2824/1096/2823
f 1518/1097/1518 1793/1098/1793 2823/1099/2822
f 1405/1100/1405 1794/1101/1794 2822/1102/2821
f 1521/1103/1521 1622/1104/1622 2821/1105/2820
f 1522/1106/1522 1797/1107/1797 2820/1108/2819
f 1411/1109/1411 1798/1110/1798 2819/1111/2818
f 1526/1112/1526 1801/1113/1801 2817/1114/2816
f 1410/1115/1410 1802/1116/1802 2816/1117/2815
f 2815/1118/2814 855/1119/855 1619/1120/1619
f 2814/1121/2813 913/1122/913 1805/1123/1805
f 1533/1124/1533 1618/1125/1618 2813/1126/2812
f 2812/1127/2811 914/1128/914 1808/1129/1808
f 1407/1130/1407 1809/1131/1809 2811/1132/2810
f 1538/1133/1538 1812/1134/1812 2809/1135/2808
f 2808/1136/2807 852/1137/852 1813/1138/1813
f 2806/1139/2805 916/1140/916 1816/1141/1816
f 1546/1142/1546 1819/1143/1819 2804/1144/2803
f 1391/1145/1391 1820/1146/1820 2803/1147/2802
f 2801/1148/2800 918/1149/918 1823/1150/1823
f 1381/1151/1381 1824/1152/1824 2800/1153/2799
f 1554/1154/1554 1827/1155/1827 2798/1156/2797
f 1390/1157/1390 1828/1158/1828 2797/1159/2796
f 2796/1160/2795 849/1161/849 1613/1162/1613
f 2795/1163/2794 848/1164/848 1612/1165/1612
f 1563/1166/1563 1603/1167/1603 2794/1168/2793
f 1564/1169/1564 1837/1170/1837 2793/1171/2792
f 1387/1172/1387 1838/1173/1838 2792/1174/2791
f 1567/1175/1567 1610/1176/1610 2791/1177/2790
f 2790/1178/2789 845/1179/845 1609/1180/1609
f 2789/1181/2788 840/1182/840 1604/1183/1604
f 2788/1184/2787 925/1185/925 1846/1186/1846
f 2787/1187/2786 828/1188/828 1847/1189/1847
f 1577/1190/1577 1607/1191/1607 2786/1192/2785
f 1578/1193/1578 1850/1194/1850 2785/1195/2784
f 2784/1196/2783 842/1197/842 1606/1198/1606
f 2783/1199/2782 927/1200/927 1853/1201/1853
f 2782/1202/2781 821/1203/821 1854/1204/1854
f 2781/1205/2780 1188/1206/1188 1584/1207/1584
f 2780/1208/2779 1189/1209/1189 1857/1210/1857
f 2779/1211/2778 991/1212/991 1858/1213/1858
f 1859/1214/1859 1583/1215/1583 2778/1216/2777
f 1860/1217/1860 1861/1218/1861 2777/1219/2776
f 2776/1220/2775 1186/1221/1186 1862/1222/1862
f 1863/1223/1863 1334/1224/1334 2775/1225/2774
f 1864/1226/1864 1865/1227/1865 2774/1228/2773
f 2773/1229/2772 1185/1230/1185 1866/1231/1866
f 1868/1232/1868 1579/1233/1579 2770/1234/2769
f 1869/1235/1869 1870/1236/1870 2769/1237/2768
f 2768/1238/2767 1183/1239/1183 1871/1240/1871
f 2767/1241/2766 948/1242/948 1335/1243/1335
f 2766/1244/2765 1193/1245/1193 1874/1246/1874
f 2765/1247/2764 1182/1248/1182 1875/1249/1875
f 2764/1250/2763 1181/1251/1181 1576/1252/1576
f 2763/1253/2762 1194/1254/1194 1878/1255/1878
f 2762/1256/2761 997/1257/997 1879/1258/1879
f 2761/1259/2760 1180/1260/1180 1575/1261/1575
f 2760/1262/2759 1195/1263/1195 1882/1264/1882
f 2759/1265/2758 1179/1266/1179 1883/1267/1883
f 2758/1268/2757 945/1269/945 1332/1270/1332
f 2757/1271/2756 1196/1272/1196 1886/1273/1886
f 2756/1274/2755 1178/1275/1178 1887/1276/1887
f 2755/1277/2754 950/1278/950 1337/1279/1337
f 2754/1280/2753 1197/1281/1197 1890/1282/1890
f 2753/1283/2752 1175/1284/1175 1891/1285/1891
f 2752/1286/2751 951/1287/951 1338/1288/1338
f 1893/1289/1893 1894/1290/1894 2751/1291/2750
f 2750/1292/2749 1173/1293/1173 1895/1294/1895
f 2749/1295/2748 1172/1296/1172 1566/1297/1566
f 1897/1298/1897 1898/1299/1898 2748/1300/2747
f 1661/1301/1661 1899/1302/1899 2747/1303/2746
f 2746/1304/2745 1171/1305/1171 1565/1306/1565
f 2745/1307/2744 1200/1308/1200 1902/1309/1902
f 2744/1310/2743 1170/1311/1170 1903/1312/1903
f 1904/1313/1904 1331/1314/1331 2743/1315/2742
f 2742/1316/2741 1201/1317/1201 1906/1318/1906
f 2741/1319/2740 1169/1320/1169 1907/1321/1907
f 2740/1322/1732 953/1323/953 1340/1324/1340
f 2739/1325/2739 1202/1326/1202 1910/1327/1910
f 2738/1328/2738 1166/1329/1166 1911/1330/1911
f 2737/1331/2737 954/1332/954 1341/1333/1341
f 2736/1334/2736 1203/1335/1203 1914/1336/1914
f 2735/1337/2735 1163/1338/1163 1915/1339/1915
f 1916/1340/1916 1556/1341/1556 2734/1342/2734
f 1917/1343/1917 1918/1344/1918 2733/1345/2733
f 1664/1346/1664 1919/1347/1919 2732/1348/2732
f 2731/1349/2731 1161/1350/1161 1555/1351/1555
f 1921/1352/1921 1922/1353/1922 2730/1354/2730
f 2729/1355/2729 1160/1356/1160 1923/1357/1923
f 1925/1358/1925 1926/1359/1926 2727/1360/2727
f 2726/1361/2726 1159/1362/1159 1927/1363/1927
f 2725/1364/2725 1158/1365/1158 1552/1366/1552
f 1929/1367/1929 1930/1368/1930 2724/1369/2724
f 2723/1370/2723 994/1371/994 1931/1372/1931
f 2722/1373/2722 1157/1374/1157 1551/1375/1551
f 1933/1376/1933 1934/1377/1934 2721/1378/2721
f 2720/1379/2720 1156/1380/1156 1935/1381/1935
f 2718/1382/2718 1209/1383/1209 1938/1384/1938
f 2717/1385/2717 1155/1386/1155 1939/1387/1939
f 1940/1388/1940 1548/1389/1548 2716/1390/2716
f 1941/1391/1941 1942/1392/1942 2715/1393/2715
f 1665/1394/1665 1943/1395/1943 2714/1396/2714
f 1944/1397/1944 1547/1398/1547 2713/1399/2713
f 1945/1400/1945 1946/1401/1946 2712/1402/2712
f 1818/1403/1818 1947/1404/1947 2711/1405/2711
f 1949/1406/1949 1950/1407/1950 2709/1408/2709
f 1817/1409/1817 1951/1410/1951 2708/1411/2708
f 1953/1412/1953 1543/1413/1543 2705/1414/2705
f 2704/1415/2704 1213/1416/1213 1955/1417/1955
f 1815/1418/1815 1956/1419/1956 2703/1420/2703
f 2701/1421/2701 1214/1422/1214 1959/1423/1959
f 1814/1424/1814 1960/1425/1960 2700/1426/2700
f 1961/1427/1961 1540/1428/1540 2699/1429/2699
f 1962/1430/1962 1963/1431/1963 2698/1432/2698
f 1678/1433/1678 1964/1434/1964 2697/1435/2697
f 1965/1436/1965 1539/1437/1539 2696/1438/2696
f 1966/1439/1966 1967/1440/1967 2695/1441/2695
f 1811/1442/1811 1968/1443/1968 2694/1444/2694
f 1970/1445/1970 1971/1446/1971 2692/1447/2692
f 1810/1448/1810 1972/1449/1972 2691/1450/2691
f 2690/1451/2690 1143/1452/1143 1536/1453/1536
f 2689/1454/2689 1218/1455/1218 1975/1456/1975
f 2688/1457/2688 1018/1458/1018 1976/1459/1976
f 2687/1460/2687 1142/1461/1142 1535/1462/1535
f 2686/1463/2686 1219/1464/1219 1979/1465/1979
f 2685/1466/2685 1141/1467/1141 1980/1468/1980
f 2684/1469/2684 959/1470/959 1346/1471/1346
f 1982/1472/1982 1983/1473/1983 2683/1474/2683
f 2682/1475/2682 1140/1476/1140 1984/1477/1984
f 2679/1478/2679 1139/1479/1139 1531/1480/1531
f 1987/1481/1987 1988/1482/1988 2678/1483/2678
f 2677/1484/2677 1138/1485/1138 1989/1486/1989
f 1990/1487/1990 1347/1488/1347 2676/1489/2676
f 1991/1490/1991 1992/1491/1992 2675/1492/2675
f 1803/1493/1803 1993/1494/1993 2674/1495/2674
f 1994/1496/1994 1528/1497/1528 2673/1498/2673
f 1995/1499/1995 1996/1500/1996 2672/1501/2672
f 1681/1502/1681 1997/1503/1997 2671/1504/2671
f 1998/1505/1998 1527/1506/1527 2670/1507/2670
f 1999/1508/1999 2000/1509/2000 2669/1510/2669
f 1800/1511/1800 2001/1512/2001 2668/1513/2668
f 2003/1514/2003 2004/1515/2004 2666/1516/2666
f 1799/1517/1799 2005/1518/2005 2665/1519/2665
f 2006/1520/2006 1524/1521/1524 2664/1522/2664
f 2007/1523/2007 2008/1524/2008 2663/1525/2663
f 1682/1526/1682 2009/1527/2009 2662/1528/2662
f 2010/1529/2010 1523/1530/1523 2661/1531/2661
f 2660/1532/2660 1227/1533/1227 2012/1534/2012
f 1796/1535/1796 2013/1536/2013 2659/1537/2659
f 2014/1538/2014 1350/1539/1350 2658/1540/2658
f 2015/1541/2015 2016/1542/2016 2657/1543/2657
f 1795/1544/1795 2017/1545/2017 2656/1546/2656
f 2018/1547/2018 1520/1548/1520 2655/1549/2655
f 2654/1550/2654 1229/1551/1229 2020/1552/2020
f 2653/1553/2653 1016/1554/1016 2021/1555/2021
f 2022/1556/2022 1519/1557/1519 2652/1558/2652
f 2023/1559/2023 2024/1560/2024 2651/1561/2651
f 1792/1562/1792 2025/1563/2025 2650/1564/2650
f 2026/1565/2026 1351/1566/1351 2649/1567/2649
f 2027/1568/2027 2028/1569/2028 2648/1570/2648
f 1791/1571/1791 2029/1572/2029 2647/1573/2647
f 2030/1574/2030 1516/1575/1516 2646/1576/2646
f 2645/1577/2645 1232/1578/1232 2032/1579/2032
f 1685/1580/1685 2033/1581/2033 2644/1582/2644
f 2034/1583/2034 1515/1584/1515 2643/1585/2643
f 2035/1586/2035 2036/1587/2036 2642/1588/2642
f 2641/1589/2641 1122/1590/1122 2037/1591/2037
f 2639/1592/2639 1234/1593/1234 2040/1594/2040
f 1787/1595/1787 2041/1596/2041 2638/1597/2638
f 2042/1598/2042 1512/1599/1512 2637/1600/2637
f 2043/1601/2043 2044/1602/2044 2636/1603/2636
f 1686/1604/1686 2045/1605/2045 2635/1606/2635
f 2046/1607/2046 1511/1608/1511 2634/1609/2634
f 2047/1610/2047 2048/1611/2048 2633/1612/2633
f 1784/1613/1784 2049/1614/2049 2632/1615/2632
f 2050/1616/2050 1354/1617/1354 2631/1618/2631
f 2051/1619/2051 2052/1620/2052 2630/1621/2630
f 1783/1622/1783 2053/1623/2053 2629/1624/2629
f 2628/1625/2628 1116/1626/1116 1508/1627/1508
f 2627/1628/2627 1238/1629/1238 2056/1630/2056
f 2626/1631/2626 1008/1632/1008 2057/1633/2057
f 2058/1634/2058 1507/1635/1507 2625/1636/2625
f 2624/1637/2624 1239/1638/1239 2060/1639/2060
f 2623/1640/2623 1114/1641/1114 2061/1642/2061
f 2062/1643/2062 1355/1644/1355 2622/1645/2622
f 2063/1646/2063 2064/1647/2064 2621/1648/2621
f 2620/1649/2620 1113/1650/1113 2065/1651/2065
f 2619/1652/2619 1112/1653/1112 1504/1654/1504
f 2618/1655/2618 1241/1656/1241 2068/1657/2068
f 1689/1658/1689 2069/1659/2069 2617/1660/2617
f 2616/1661/2616 1111/1662/1111 2070/1663/2070
f 1775/1664/1775 2071/1665/2071 2615/1666/2615
f 2072/1667/2072 1501/1668/1501 2614/1669/2614
f 2613/1670/2613 1242/1671/1242 2074/1672/2074
f 1690/1673/1690 2075/1674/2075 2612/1675/2612
f 2611/1676/2611 1108/1677/1108 2076/1678/2076
f 2610/1679/2610 1107/1680/1107 2077/1681/2077
f 2078/1682/2078 1498/1683/1498 2609/1684/2609
f 2079/1685/2079 2080/1686/2080 2608/1687/2608
f 1676/1688/1676 2081/1689/2081 2607/1690/2607
f 2082/1691/2082 1497/1692/1497 2606/1693/2606
f 2605/1694/2605 1244/1695/1244 2084/1696/2084
f 1768/1697/1768 2085/1698/2085 2604/1699/2604
f 2086/1700/2086 1358/1701/1358 2603/1702/2603
f 2087/1703/2087 2088/1704/2088 2602/1705/2602
f 1767/1706/1767 2089/1707/2089 2601/1708/2601
f 2600/1709/2600 940/1710/940 1327/1711/1327
f 2599/1712/2599 1246/1713/1246 2092/1714/2092
f 2598/1715/2598 1100/1716/1100 2093/1717/2093
f 2597/1718/2597 1098/1719/1098 2094/1720/2094
f 2596/1721/2596 1097/1722/1097 1489/1723/1489
f 2595/1724/2595 1247/1725/1247 2097/1726/2097
f 2594/1727/2594 1032/1728/1032 2098/1729/2098
f 2593/1730/2593 1096/1731/1096 2099/1732/2099
f 2592/1733/2592 1095/1734/1095 2100/1735/2100
f 2591/1736/2591 1094/1737/1094 1486/1738/1486
f 2590/1739/2590 1248/1740/1248 2103/1741/2103
f 2589/1742/2589 1033/1743/1033 2104/1744/2104
f 2588/1745/2588 1093/1746/1093 2105/1747/2105
f 2587/1748/2587 1092/1749/1092 2106/1750/2106
f 2586/1751/2586 1091/1752/1091 1483/1753/1483
f 2585/1754/2585 1249/1755/1249 2109/1756/2109
f 2584/1757/2584 1012/1758/1012 2110/1759/2110
f 2583/1760/2583 1090/1761/1090 1482/1762/1482
f 2582/1763/2582 1250/1764/1250 2113/1765/2113
f 2581/1766/2581 1089/1767/1089 2114/1768/2114
f 2580/1769/2580 976/1770/976 1363/1771/1363
f 2116/1772/2116 2117/1773/2117 2579/1774/2579
f 2578/1775/2578 1088/1776/1088 2118/1777/2118
f 2119/1778/2119 1324/1779/1324 2577/1780/2577
f 2576/1781/2576 1252/1782/1252 2121/1783/2121
f 1746/1784/1746 2122/1785/2122 2575/1786/2575
f 2574/1787/2574 936/1788/936 1323/1789/1323
f 2573/1790/2573 1253/1791/1253 2125/1792/2125
f 2572/1793/2572 1082/1794/1082 2126/1795/2126
f 2571/1796/2571 1081/1797/1081 1473/1798/1473
f 2570/1799/2570 1254/1800/1254 2129/1801/2129
f 2569/1802/2569 1036/1803/1036 2130/1804/2130
f 2568/1805/2568 1080/1806/1080 1472/1807/1472
f 2567/1808/2567 1255/1809/1255 2133/1810/2133
f 2566/1811/2566 1079/1812/1079 2134/1813/2134
f 2565/1814/2565 929/1815/929 1316/1816/1316
f 2564/1817/2564 1256/1818/1256 2137/1819/2137
f 2563/1820/2563 1078/1821/1078 2138/1822/2138
f 2562/1823/2562 1077/1824/1077 1469/1825/1469
f 2561/1826/2561 1257/1827/1257 2141/1828/2141
f 2560/1829/2560 1037/1830/1037 2142/1831/2142
f 2559/1832/2559 1076/1833/1076 1468/1834/1468
f 2558/1835/2558 1258/1836/1258 2145/1837/2145
f 2557/1838/2557 1075/1839/1075 2146/1840/2146
f 2556/1841/2556 981/1842/981 1368/1843/1368
f 2555/1844/2555 1259/1845/1259 2149/1846/2149
f 2554/1847/2554 1074/1848/1074 2150/1849/2150
f 2553/1850/2553 1073/1851/1073 1465/1852/1465
f 2552/1853/2552 1260/1854/1260 2153/1855/2153
f 2551/1856/2551 1010/1857/1010 2154/1858/2154
f 2550/1859/2550 1072/1860/1072 1464/1861/1464
f 2549/1862/2549 1261/1863/1261 2157/1864/2157
f 2548/1865/2548 1071/1866/1071 2158/1867/2158
f 2547/1868/2547 982/1869/982 1369/1870/1369
f 2546/1871/2546 1262/1872/1262 2161/1873/2161
f 2545/1874/2545 1070/1875/1070 2162/1876/2162
f 2544/1877/2544 1069/1878/1069 1461/1879/1461
f 2543/1880/2543 1263/1881/1263 2165/1882/2165
f 2542/1883/2542 1040/1884/1040 2166/1885/2166
f 2541/1886/2541 1068/1887/1068 1460/1888/1460
f 2540/1889/2540 1264/1890/1264 2169/1891/2169
f 2539/1892/2539 1067/1893/1067 2170/1894/2170
f 2538/1895/2538 933/1896/933 1320/1897/1320
f 2537/1898/2537 1265/1899/1265 2173/1900/2173
f 2536/1901/2536 1066/1902/1066 2174/1903/2174
f 2175/1904/2175 1457/1905/1457 2535/1906/2535
f 2534/1907/2534 1266/1908/1266 2177/1909/2177
f 1702/1910/1702 2178/1911/2178 2533/1912/2533
f 2532/1913/2532 1064/1914/1064 1456/1915/1456
f 2531/1916/2531 1267/1917/1267 2181/1918/2181
f 2530/1919/2530 1063/1920/1063 2182/1921/2182
f 2529/1922/2529 985/1923/985 1372/1924/1372
f 2528/1925/2528 1268/1926/1268 2185/1927/2185
f 2527/1928/2527 1062/1929/1062 2186/1930/2186
f 2188/1931/2188 1452/1932/1452 2524/1933/2524
f 2523/1934/2523 1269/1935/1269 2190/1936/2190
f 2522/1937/2522 1060/1938/1060 2191/1939/2191
f 2521/1940/2521 986/1941/986 1373/1942/1373
f 2193/1943/2193 2194/1944/2194 2520/1945/2520
f 1720/1946/1720 2195/1947/2195 2519/1948/2519
f 2196/1949/2196 1449/1950/1449 2518/1951/2518
f 2197/1952/2197 2198/1953/2198 2517/1954/2517
f 1704/1955/1704 2199/1956/2199 2516/1957/2516
f 2200/1958/2200 1448/1959/1448 2515/1960/2515
f 2201/1961/2201 2202/1962/2202 2514/1963/2514
f 1717/1964/1717 2203/1965/2203 2513/1966/2513
f 2204/1967/2204 1319/1968/1319 2512/1969/2512
f 2205/1970/2205 2206/1971/2206 2511/1972/2511
f 1716/1973/1716 2207/1974/2207 2510/1975/2510
f 2208/1976/2208 1445/1977/1445 2509/1978/2509
f 2508/1979/2508 1274/1980/1274 2210/1981/2210
f 1705/1982/1705 2211/1983/2211 2507/1984/2507
f 2506/1985/2506 1053/1986/1053 1444/1987/1444
f 2505/1988/2505 1275/1989/1275 2214/1990/2214
f 1713/1991/1713 2215/1992/2215 2504/1993/2504
f 2216/1994/2216 1376/1995/1376 2503/1996/2503
f 2217/1997/2217 2218/1998/2218 2502/1999/2502
f 1712/2000/1712 2219/2001/2219 2501/2002/2501
f 2500/2003/2500 1050/2004/1050 1441/2005/1441
f 2499/2006/2499 1277/2007/1277 2222/2008/2222
f 2498/2009/2498 1005/2010/1005 2223/2011/2223
f 2497/2012/2497 1049/2013/1049 1440/2014/1440
f 2496/2015/2496 1278/2016/1278 2226/2017/2226
f 2495/2018/2495 1048/2019/1048 2227/2020/2227
f 2228/2021/2228 1377/2022/1377 2494/2023/2494
f 2493/2024/2493 1279/2025/1279 2230/2026/2230
f 2492/2027/2492 1047/2028/1047 2231/2029/2231
f 2491/2030/2491 1046/2031/1046 1437/2032/1437
f 2490/2033/2490 1280/2034/1280 2234/2035/2234
f 2489/2036/2489 943/2037/943 2235/2038/2235
f 2236/2039/2236 1436/2040/1436 2488/2041/2488
f 2237/2042/2237 2238/2043/2238 2487/2044/2487
f 1649/2045/1649 2239/2046/2239 2486/2047/2486
f 2240/2048/2240 1382/2049/1382 2485/2050/2485
f 2241/2051/2241 2242/2052/2242 2484/2053/2484
f 1648/2054/1648 2243/2055/2243 2483/2056/2483
f 2480/2057/2480 1042/2058/1042 1432/2059/1432
f 2479/2060/2479 1283/2061/1283 2247/2062/2247
f 1645/2063/1645 2248/2064/2248 2478/2065/2478
f 2477/2066/2477 996/2067/996 1383/2068/1383
f 2250/2069/2250 2251/2070/2251 2476/2071/2476
f 2475/2072/2475 983/2073/983 2252/2074/2252
f 2474/2075/2474 1039/2076/1039 1429/2077/1429
f 2473/2078/2473 1285/2079/1285 2255/2080/2255
f 2472/2081/2472 949/2082/949 2256/2083/2256
f 2471/2084/2471 1038/2085/1038 1428/2086/1428
f 2470/2087/2470 1286/2088/1286 2259/2089/2259
f 2469/2090/2469 980/2091/980 2260/2092/2260
f 2261/2093/2261 1380/2094/1380 2468/2095/2468
f 2467/2096/2467 1287/2097/1287 2263/2098/2263
f 2466/2099/2466 979/2100/979 2264/2101/2264
f 2465/2102/2465 998/2103/998 1385/2104/1385
f 2464/2105/2464 1288/2106/1288 2267/2107/2267
f 2463/2108/2463 978/2109/978 2268/2110/2268
f 2269/2111/2269 1386/2112/1386 2462/2113/2462
f 2270/2114/2270 2271/2115/2271 2461/2116/2461
f 2460/2117/2460 977/2118/977 2272/2119/2272
f 2459/2120/2459 1035/2121/1035 1425/2122/1425
f 2458/2123/2458 1290/2124/1290 2275/2125/2275
f 1611/2126/1611 2276/2127/2276 2457/2128/2457
f 2456/2129/2456 1034/2130/1034 1424/2131/1424
f 2455/2132/2455 1291/2133/1291 2279/2134/2279
f 2454/2135/2454 975/2136/975 2280/2137/2280
f 2281/2138/2281 1379/2139/1379 2453/2140/2453
f 2452/2141/2452 1292/2142/1292 2283/2143/2283
f 1634/2144/1634 2284/2145/2284 2451/2146/2451
f 2450/2147/2450 1001/2148/1001 1388/2149/1388
f 2449/2150/2449 1293/2151/1293 2287/2152/2287
f 2448/2153/2448 973/2154/973 2288/2155/2288
f 2447/2156/2447 1002/2157/1002 1389/2158/1389
f 2446/2159/2446 1294/2160/1294 2291/2161/2291
f 2445/2162/2445 972/2163/972 2292/2164/2292
f 2444/2165/2444 1031/2166/1031 1421/2167/1421
f 2294/2168/2294 2295/2169/2295 2443/2170/2443
f 1614/2171/1614 2296/2172/2296 2442/2173/2442
f 2297/2174/2297 1420/2175/1420 2441/2176/2441
f 2440/2177/2440 1296/2178/1296 2299/2179/2299
f 1629/2180/1629 2300/2181/2300 2439/2182/2439
f 2302/2183/2302 2303/2184/2303 2437/2185/2437
f 2436/2186/2436 969/2187/969 2304/2188/2304
f 2435/2189/2435 1027/2190/1027 1417/2191/1417
f 2434/2192/2434 1298/2193/1298 2307/2194/2307
f 2433/2195/2433 946/2196/946 2308/2197/2308
f 2309/2198/2309 1416/2199/1416 2432/2200/2432
f 2310/2201/2310 2311/2202/2311 2431/2203/2431
f 1625/2204/1625 2312/2205/2312 2430/2206/2430
f 2314/2207/2314 2315/2208/2315 2428/2209/2428
f 2427/2210/2427 965/2211/965 2316/2212/2316
f 2317/2213/2317 1413/2214/1413 2426/2215/2426
f 2318/2216/2318 2319/2217/2319 2425/2218/2425
f 1615/2219/1615 2320/2220/2320 2424/2221/2424
f 2321/2222/2321 1412/2223/1412 2423/2224/2423
f 2322/2225/2322 2323/2226/2323 2422/2227/2422
f 1621/2228/1621 2324/2229/2324 2421/2230/2421
f 2326/2231/2326 2327/2232/2327 2419/2233/2419
f 1620/2234/1620 2328/2235/2328 2418/2236/2418
f 2330/2237/2330 1408/2238/1408 2415/2239/2415
f 2331/2240/2331 2332/2241/2332 2414/2242/2414
f 2413/2243/2413 958/2244/958 2333/2245/2333
f 2335/2246/2335 2336/2247/2336 2411/2248/2411
f 1616/2249/1616 2337/2250/2337 2410/2251/2410
f 2340/2252/2340 2341/2253/2341 2406/2254/2406
f 1601/2255/1601 2342/2256/2342 2405/2257/2405
f 2403/2258/2403 1307/2259/1307 2345/2260/2345
f 1588/2261/1588 2346/2262/2346 2402/2263/2402
f 2348/2264/2348 2349/2265/2349 2400/2266/2400
f 2399/2267/2399 941/2268/941 2350/2269/2350
f 2398/2270/2398 1014/2271/1014 1403/2272/1403
f 2397/2273/2397 1309/2274/1309 2353/2275/2353
f 2396/2276/2396 931/2277/931 2354/2278/2354
f 2395/2279/2395 1013/2280/1013 1402/2281/1402
f 2394/2282/2394 1310/2283/1310 2357/2284/2357
f 2393/2285/2393 939/2286/939 2358/2287/2358
f 2359/2288/2359 1393/2289/1393 2392/2290/2392
f 2360/2291/2360 2361/2292/2361 2391/2293/2391
f 1596/2294/1596 2362/2295/2362 2390/2296/2390
f 2387/2297/2387 1011/2298/1011 1399/2299/1399
f 2386/2300/2386 1312/2301/1312 2366/2302/2366
f 2385/2303/2385 935/2304/935 2367/2305/2367
f 2384/2306/2384 1007/2307/1007 1394/2308/1394
f 2383/2309/2383 1313/2310/1313 2370/2311/2370
f 2382/2312/2382 934/2313/934 2371/2314/2371
f 2379/2315/2379 1009/2316/1009 1396/2317/1396
f 2378/2318/2378 1314/2319/1314 2375/2320/2375
f 2377/2321/2377 928/2322/928 2376/2323/2376
f 2374/2324/2374 2376/2323/2376 1314/2319/1314
f 1188/1206/1188 2377/2321/2377 2374/2324/2374
f 1854/1204/1854 1585/2325/1585 2377/2321/2377
f 1851/2326/1851 2375/2320/2375 1185/1230/1185
f 927/1200/927 2378/2318/2378 1851/2326/1851
f 1584/1207/1584 2374/2324/2374 2378/2318/2378
f 1581/2327/1581 1396/2317/1396 842/1197/842
f 1185/1230/1185 2379/2315/2379 1581/2327/1581
f 2375/2320/2375 2373/2328/2373 2379/2315/2379
f 1848/2329/1848 2372/2330/2372 1182/1248/1182
f 926/2331/926 2380/2332/2380 1848/2329/1848
f 2381/2333/2381 843/2334/843 1577/1190/1577
f 2372/2330/2372 1577/1190/1577 1182/1248/1182
f 2369/2335/2369 2371/2314/2371 1313/2310/1313
f 1181/1251/1181 2382/2312/2382 2369/2335/2369
f 1847/1189/1847 1592/2336/1592 2382/2312/2382
f 1844/2337/1844 2370/2311/2370 1178/1275/1178
f 925/1185/925 2383/2309/2383 1844/2337/1844
f 1576/1252/1576 2369/2335/2369 2383/2309/2383
f 1573/2338/1573 1394/2308/1394 840/1182/840
f 1178/1275/1178 2384/2306/2384 1573/2338/1573
f 2370/2311/2370 2368/2339/2368 2384/2306/2384
f 2365/2340/2365 2367/2305/2367 1312/2301/1312
f 1177/2341/1177 2385/2303/2385 2365/2340/2365
f 1843/2342/1843 1593/2343/1593 2385/2303/2385
f 1841/2344/1841 2366/2302/2366 1175/1284/1175
f 924/2345/924 2386/2300/2386 1841/2344/1841
f 1572/2346/1572 2365/2340/2365 2386/2300/2386
f 1570/2347/1570 1399/2299/1399 845/1179/845
f 1175/1284/1175 2387/2297/2387 1570/2347/1570
f 2366/2302/2366 2364/2348/2364 2387/2297/2387
f 2388/2349/2388 1173/1293/1173 1839/2350/1839
f 1569/2351/1569 1839/2350/1839 923/2352/923
f 1567/1175/1567 1400/2353/1400 846/2354/846
f 1173/1293/1173 2389/2355/2389 1567/1175/1567
f 2390/2296/2390 1311/2356/1311 2360/2291/2360
f 1838/1173/1838 2360/2291/2360 1172/1296/1172
f 832/2357/832 2390/2296/2390 1838/1173/1838
f 2391/2293/2391 1169/1320/1169 1835/2358/1835
f 922/2359/922 2391/2293/2391 1835/2358/1835
f 1566/1297/1566 2360/2291/2360 2391/2293/2391
f 2392/2290/2392 839/2360/839 1563/1166/1563
f 2361/2292/2361 1563/1166/1563 1169/1320/1169
f 1311/2356/1311 2392/2290/2392 2361/2292/2361
f 2356/2361/2356 2358/2287/2358 1310/2283/1310
f 1168/2362/1168 2393/2285/2393 2356/2361/2356
f 1834/2363/1834 1597/2364/1597 2393/2285/2393
f 1832/2365/1832 2357/2284/2357 1166/1329/1166
f 921/2366/921 2394/2282/2394 1832/2365/1832
f 1562/2367/1562 2356/2361/2356 2394/2282/2394
f 1560/2368/1560 1402/2281/1402 848/1164/848
f 1166/1329/1166 2395/2279/2395 1560/2368/1560
f 2357/2284/2357 2355/2369/2355 2395/2279/2395
f 2352/2370/2352 2354/2278/2354 1309/2274/1309
f 1165/2371/1165 2396/2276/2396 2352/2370/2352
f 1831/2372/1831 1589/2373/1589 2396/2276/2396
f 1829/2374/1829 2353/2275/2353 1163/1338/1163
f 920/2375/920 2397/2273/2397 1829/2374/1829
f 1559/2376/1559 2352/2370/2352 2397/2273/2397
f 1557/2377/1557 1403/2272/1403 849/1161/849
f 1163/1338/1163 2398/2270/2398 1557/2377/1557
f 2353/2275/2353 2351/2378/2351 2398/2270/2398
f 2399/2267/2399 1308/2379/1308 2348/2264/2348
f 1828/1158/1828 2348/2264/2348 1162/2380/1162
f 836/2381/836 2399/2267/2399 1828/1158/1828
f 2400/2266/2400 1159/1362/1159 1825/2382/1825
f 1556/1341/1556 1825/2382/1825 919/2383/919
f 1162/2380/1162 2400/2266/2400 1556/1341/1556
f 2349/2265/2349 1553/2384/1553 1159/1362/1159
f 1308/2379/1308 2401/2385/2401 2349/2265/2349
f 2344/2386/2344 2346/2262/2346 1307/2259/1307
f 1824/1152/1824 2344/2386/2344 1158/1365/1158
f 824/2387/824 2402/2263/2402 1824/1152/1824
f 1821/2388/1821 2345/2260/2345 1155/1386/1155
f 918/1149/918 2403/2258/2403 1821/2388/1821
f 1552/1366/1552 2344/2386/2344 2403/2258/2403
f 1155/1386/1155 2404/2389/2404 1549/2390/1549
f 2345/2260/2345 2343/2391/2343 2404/2389/2404
f 2405/2257/2405 1306/2392/1306 2340/2252/2340
f 1820/1146/1820 2340/2252/2340 1154/2393/1154
f 837/2394/837 2405/2257/2405 1820/1146/1820
f 2406/2254/2406 1151/2395/1151 1817/1409/1817
f 1548/1389/1548 1817/1409/1817 917/2396/917
f 1154/2393/1154 2406/2254/2406 1548/1389/1548
f 2341/2253/2341 1545/2397/1545 1151/2395/1151
f 1306/2392/1306 2407/2398/2407 2341/2253/2341
f 1814/1424/1814 2338/2399/2338 1148/2400/1148
f 1544/2401/1544 1814/1424/1814 916/1140/916
f 1148/2400/1148 2409/2402/2409 1541/2403/1541
f 2410/2251/2410 1305/2404/1305 2335/2246/2335
f 1147/2405/1147 2410/2251/2410 2335/2246/2335
f 1813/1138/1813 1616/2249/1616 2410/2251/2410
f 2411/2248/2411 1144/2406/1144 1810/1448/1810
f 1540/1428/1540 1810/1448/1810 915/2407/915
f 1147/2405/1147 2411/2248/2411 1540/1428/1540
f 2336/2247/2336 1537/2408/1537 1144/2406/1144
f 1305/2404/1305 2412/2409/2412 2336/2247/2336
f 2413/2243/2413 1304/2410/1304 2331/2240/2331
f 1809/1131/1809 2331/2240/2331 1143/1452/1143
f 853/2411/853 2413/2243/2413 1809/1131/1809
f 1806/2412/1806 2332/2241/2332 1140/1476/1140
f 914/1128/914 2414/2242/2414 1806/2412/1806
f 1536/1453/1536 2331/2240/2331 2414/2242/2414
f 2415/2239/2415 854/2413/854 1533/1124/1533
f 2332/2241/2332 1533/1124/1533 1140/1476/1140
f 1304/2410/1304 2415/2239/2415 2332/2241/2332
f 1803/1493/1803 2329/2414/2329 1137/2415/1137
f 1532/2416/1532 1803/1493/1803 913/1122/913
f 1529/2417/1529 1409/2418/1409 855/1119/855
f 1137/2415/1137 2417/2419/2417 1529/2417/1529
f 2418/2236/2418 1303/2420/1303 2326/2231/2326
f 1802/1116/1802 2326/2231/2326 1136/2421/1136
f 856/2422/856 2418/2236/2418 1802/1116/1802
f 2419/2233/2419 1133/2423/1133 1799/1517/1799
f 1528/1497/1528 1799/1517/1799 912/2424/912
f 1136/2421/1136 2419/2233/2419 1528/1497/1528
f 2327/2232/2327 1525/2425/1525 1133/2423/1133
f 1303/2420/1303 2420/2426/2420 2327/2232/2327
f 2421/2230/2421 1302/2427/1302 2322/2225/2322
f 1798/1110/1798 2322/2225/2322 1132/2428/1132
f 857/2429/857 2421/2230/2421 1798/1110/1798
f 2422/2227/2422 1129/2430/1129 1795/1544/1795
f 1524/1521/1524 1795/1544/1795 911/2431/911
f 1132/2428/1132 2422/2227/2422 1524/1521/1524
f 2423/2224/2423 858/2432/858 1521/1103/1521
f 2323/2226/2323 1521/1103/1521 1129/2430/1129
f 1302/2427/1302 2423/2224/2423 2323/2226/2323
f 2424/2221/2424 1301/2433/1301 2318/2216/2318
f 1794/1101/1794 2318/2216/2318 1128/2434/1128
f 851/2435/851 2424/2221/2424 1794/1101/1794
f 2425/2218/2425 1125/2436/1125 1791/1571/1791
f 1520/1548/1520 1791/1571/1791 910/2437/910
f 1128/2434/1128 2425/2218/2425 1520/1548/1520
f 2426/2215/2426 859/2438/859 1517/1094/1517
f 2319/2217/2319 1517/1094/1517 1125/2436/1125
f 1301/2433/1301 2426/2215/2426 2319/2217/2319
f 2427/2210/2427 1300/2439/1300 2314/2207/2314
f 1790/1093/1790 2314/2207/2314 1124/2440/1124
f 1790/1093/1790 1624/2441/1624 2427/2210/2427
f 2428/2209/2428 1121/2442/1121 1787/1595/1787
f 1516/1575/1516 1787/1595/1787 909/2443/909
f 1124/2440/1124 2428/2209/2428 1516/1575/1516
f 2315/2208/2315 1513/2444/1513 1121/2442/1121
f 1300/2439/1300 2429/2445/2429 2315/2208/2315
f 2430/2206/2430 1299/2446/1299 2310/2201/2310
f 1786/1086/1786 2310/2201/2310 1120/2447/1120
f 861/2448/861 2430/2206/2430 1786/1086/1786
f 1783/1622/1783 2311/2202/2311 1117/2449/1117
f 1512/1599/1512 1783/1622/1783 908/2450/908
f 1120/2447/1120 2431/2203/2431 1512/1599/1512
f 2432/2200/2432 862/2451/862 1509/1079/1509
f 1117/2449/1117 2432/2200/2432 1509/1079/1509
f 1299/2446/1299 2432/2200/2432 2311/2202/2311
f 2306/2452/2306 2308/2197/2308 1298/2193/1298
f 1116/1626/1116 2433/2195/2433 2306/2452/2306
f 1782/1078/1782 1605/2453/1605 2433/2195/2433
f 1779/2454/1779 2307/2194/2307 1113/1650/1113
f 907/1074/907 2434/2192/2434 1779/2454/1779
f 1508/1627/1508 2306/2452/2306 2434/2192/2434
f 1505/2455/1505 1417/2191/1417 863/1071/863
f 1113/1650/1113 2435/2189/2435 1505/2455/1505
f 2307/2194/2307 2305/2456/2305 2435/2189/2435
f 2302/2183/2302 2304/2188/2304 1297/2457/1297
f 1778/1068/1778 2302/2183/2302 1112/1653/1112
f 1778/1068/1778 1628/2458/1628 2436/2186/2436
f 1775/1664/1775 2303/2184/2303 1110/2459/1110
f 1504/1654/1504 1775/1664/1775 906/2460/906
f 1112/1653/1112 2437/2185/2437 1504/1654/1504
f 2303/2184/2303 1502/2461/1502 1110/2459/1110
f 2303/2184/2303 2301/2462/2301 2438/2463/2438
f 2298/2464/2298 2300/2181/2300 1296/2178/1296
f 1109/2465/1109 2439/2182/2439 2298/2464/2298
f 1774/1063/1774 1629/2180/1629 2439/2182/2439
f 1771/2466/1771 2299/2179/2299 1107/1680/1107
f 905/1059/905 2440/2177/2440 1771/2466/1771
f 1501/1668/1501 2298/2464/2298 2440/2177/2440
f 1499/2467/1499 1420/2175/1420 866/1056/866
f 1107/1680/1107 2441/2176/2441 1499/2467/1499
f 1296/2178/1296 2441/2176/2441 2299/2179/2299
f 2294/2168/2294 2296/2172/2296 1295/2468/1295
f 1770/1053/1770 2294/2168/2294 1106/2469/1106
f 850/2470/850 2442/2173/2442 1770/1053/1770
f 2443/2170/2443 1103/2471/1103 1767/1706/1767
f 1498/1683/1498 1767/1706/1767 904/1050/904
f 1106/2469/1106 2443/2170/2443 1498/1683/1498
f 1495/2472/1495 1421/2167/1421 867/1047/867
f 2295/2169/2295 1495/2472/1495 1103/2471/1103
f 2295/2169/2295 2293/2473/2293 2444/2165/2444
f 2290/2474/2290 2292/2164/2292 1294/2160/1294
f 1102/2475/1102 2445/2162/2445 2290/2474/2290
f 1766/2476/1766 1632/2477/1632 2445/2162/2445
f 1764/2478/1764 2291/2161/2291 1100/1716/1100
f 903/2479/903 2446/2159/2446 1764/2478/1764
f 1494/2480/1494 2290/2474/2290 2446/2159/2446
f 1492/2481/1492 1389/2158/1389 835/1044/835
f 1100/1716/1100 2447/2156/2447 1492/2481/1492
f 2291/2161/2291 2289/2482/2289 2447/2156/2447
f 2286/2483/2286 2288/2155/2288 1293/2151/1293
f 1099/2484/1099 2448/2153/2448 2286/2483/2286
f 1763/2485/1763 1633/2486/1633 2448/2153/2448
f 1761/2487/1761 2287/2152/2287 1098/1719/1098
f 902/2488/902 2449/2150/2449 1761/2487/1761
f 1491/2489/1491 2286/2483/2286 2449/2150/2449
f 1490/2490/1490 1388/2149/1388 834/1041/834
f 1098/1719/1098 2450/2147/2450 1490/2490/1490
f 2287/2152/2287 2285/2491/2285 2450/2147/2450
f 2282/2492/2282 2284/2145/2284 1292/2142/1292
f 1097/1722/1097 2451/2146/2451 2282/2492/2282
f 1760/1039/1760 1634/2144/1634 2451/2146/2451
f 1757/2493/1757 2283/2143/2283 1095/1734/1095
f 901/1035/901 2452/2141/2452 1757/2493/1757
f 1489/1723/1489 2282/2492/2282 2452/2141/2452
f 1487/2494/1487 1379/2139/1379 822/1032/822
f 1095/1734/1095 2453/2140/2453 1487/2494/1487
f 2283/2143/2283 2281/2138/2281 2453/2140/2453
f 2278/2495/2278 2280/2137/2280 1291/2133/1291
f 1094/1737/1094 2454/2135/2454 2278/2495/2278
f 1756/1030/1756 1635/2496/1635 2454/2135/2454
f 1753/2497/1753 2279/2134/2279 1092/1749/1092
f 900/1026/900 2455/2132/2455 1753/2497/1753
f 1486/1738/1486 2278/2495/2278 2455/2132/2455
f 1484/2498/1484 1424/2131/1424 872/1023/872
f 1092/1749/1092 2456/2129/2456 1484/2498/1484
f 2279/2134/2279 2277/2499/2277 2456/2129/2456
f 2274/2500/2274 2276/2127/2276 1290/2124/1290
f 1091/1752/1091 2457/2128/2457 2274/2500/2274
f 847/1020/847 2457/2128/2457 1752/1021/1752
f 1749/2501/1749 2275/2125/2275 1088/1776/1088
f 899/1017/899 2458/2123/2458 1749/2501/1749
f 1483/1753/1483 2274/2500/2274 2458/2123/2458
f 1480/1013/1480 1425/2122/1425 873/2502/873
f 1088/1776/1088 2459/2120/2459 1480/1013/1480
f 2275/2125/2275 2273/2503/2273 2459/2120/2459
f 2270/2114/2270 2272/2119/2272 1289/2504/1289
f 1748/2505/1748 2270/2114/2270 1087/2506/1087
f 1748/2505/1748 1638/2507/1638 2460/2117/2460
f 2461/2116/2461 1085/2508/1085 1746/1784/1746
f 898/2509/898 2461/2116/2461 1746/1784/1746
f 1479/2510/1479 2270/2114/2270 2461/2116/2461
f 1477/2511/1477 1386/2112/1386 831/1011/831
f 2271/2115/2271 1477/2511/1477 1085/2508/1085
f 1289/2504/1289 2462/2113/2462 2271/2115/2271
f 2266/2512/2266 2268/2110/2268 1288/2106/1288
f 1084/2513/1084 2463/2108/2463 2266/2512/2266
f 1745/2514/1745 1639/2515/1639 2463/2108/2463
f 1743/2516/1743 2267/2107/2267 1082/1794/1082
f 897/2517/897 2464/2105/2464 1743/2516/1743
f 1476/2518/1476 2266/2512/2266 2464/2105/2464
f 1474/2519/1474 1385/2104/1385 830/1008/830
f 1082/1794/1082 2465/2102/2465 1474/2519/1474
f 2267/2107/2267 2265/2520/2265 2465/2102/2465
f 2262/2521/2262 2264/2101/2264 1287/2097/1287
f 1081/1797/1081 2466/2099/2466 2262/2521/2262
f 1742/1006/1742 1640/2522/1640 2466/2099/2466
f 1739/2523/1739 2263/2098/2263 1078/1821/1078
f 896/1002/896 2467/2096/2467 1739/2523/1739
f 1473/1798/1473 2262/2521/2262 2467/2096/2467
f 1470/998/1470 1380/2094/1380 823/2524/823
f 1078/1821/1078 2468/2095/2468 1470/998/1470
f 2263/2098/2263 2261/2093/2261 2468/2095/2468
f 2258/2525/2258 2260/2092/2260 1286/2088/1286
f 1077/1824/1077 2469/2090/2469 2258/2525/2258
f 1738/997/1738 1641/2526/1641 2469/2090/2469
f 1735/2527/1735 2259/2089/2259 1074/1848/1074
f 895/993/895 2470/2087/2470 1735/2527/1735
f 1469/1825/1469 2258/2525/2258 2470/2087/2470
f 1466/2528/1466 1428/2086/1428 878/990/878
f 1074/1848/1074 2471/2084/2471 1466/2528/1466
f 2259/2089/2259 2257/2529/2257 2471/2084/2471
f 2254/2530/2254 2256/2083/2256 1285/2079/1285
f 1073/1851/1073 2472/2081/2472 2254/2530/2254
f 1734/988/1734 1608/2531/1608 2472/2081/2472
f 1731/2532/1731 2255/2080/2255 1070/1875/1070
f 894/984/894 2473/2078/2473 1731/2532/1731
f 1465/1852/1465 2254/2530/2254 2473/2078/2473
f 1462/2533/1462 1429/2077/1429 879/981/879
f 1070/1875/1070 2474/2075/2474 1462/2533/1462
f 2255/2080/2255 2253/2534/2253 2474/2075/2474
f 2250/2069/2250 2252/2074/2252 1284/2535/1284
f 1069/1878/1069 2475/2072/2475 2250/2069/2250
f 1730/979/1730 1644/2536/1644 2475/2072/2475
f 1727/2537/1727 2251/2070/2251 1066/1902/1066
f 893/975/893 2476/2071/2476 1727/2537/1727
f 1461/1879/1461 2250/2069/2250 2476/2071/2476
f 1458/2538/1458 1383/2068/1383 827/972/827
f 1066/1902/1066 2477/2066/2477 1458/2538/1458
f 2251/2070/2251 2249/2539/2249 2477/2066/2477
f 2478/2065/2478 1283/2061/1283 2246/2540/2246
f 1726/970/1726 2246/2540/2246 1065/2541/1065
f 881/969/881 2478/2065/2478 1726/970/1726
f 1723/2542/1723 2247/2062/2247 1062/1929/1062
f 892/966/892 2479/2060/2479 1723/2542/1723
f 1457/1905/1457 2246/2540/2246 2479/2060/2479
f 1454/2543/1454 1432/2059/1432 882/963/882
f 1062/1929/1062 2480/2057/2480 1454/2543/1454
f 2247/2062/2247 2245/2544/2245 2480/2057/2480
f 2481/2545/2481 1059/2546/1059 1720/1946/1720
f 1453/2547/1453 1720/1946/1720 891/960/891
f 1450/956/1450 1433/2548/1433 883/2549/883
f 1059/2546/1059 2482/2550/2482 1450/956/1450
f 2483/2056/2483 1282/2551/1282 2241/2051/2241
f 1719/954/1719 2241/2051/2241 1058/2552/1058
f 884/2553/884 2483/2056/2483 1719/954/1719
f 2484/2053/2484 1055/2554/1055 1716/1973/1716
f 1449/1950/1449 1716/1973/1716 890/2555/890
f 1058/2552/1058 2484/2053/2484 1449/1950/1449
f 2485/2050/2485 826/2556/826 1446/947/1446
f 2242/2052/2242 1446/947/1446 1055/2554/1055
f 1282/2551/1282 2485/2050/2485 2242/2052/2242
f 2486/2047/2486 1281/2557/1281 2237/2042/2237
f 1715/945/1715 2237/2042/2237 1054/2558/1054
f 885/2559/885 2486/2047/2486 1715/945/1715
f 2487/2044/2487 1051/2560/1051 1712/2000/1712
f 1445/1977/1445 1712/2000/1712 889/2561/889
f 1054/2558/1054 2487/2044/2487 1445/1977/1445
f 2488/2041/2488 886/2562/886 1442/938/1442
f 2238/2043/2238 1442/938/1442 1051/2560/1051
f 1281/2557/1281 2488/2041/2488 2238/2043/2238
f 2233/2563/2233 2235/2038/2235 1280/2034/1280
f 1050/2004/1050 2489/2036/2489 2233/2563/2233
f 1711/937/1711 1602/2564/1602 2489/2036/2489
f 1708/2565/1708 2234/2035/2234 1047/2028/1047
f 888/933/888 2490/2033/2490 1708/2565/1708
f 1441/2005/1441 2233/2563/2233 2490/2033/2490
f 1438/2566/1438 1437/2032/1437 887/930/887
f 1047/2028/1047 2491/2030/2491 1438/2566/1438
f 2234/2035/2234 2232/2567/2232 2491/2030/2491
f 2229/2568/2229 2231/2029/2231 1279/2025/1279
f 1049/2013/1049 2492/2027/2492 2229/2568/2229
f 1710/934/1710 1708/2565/1708 2492/2027/2492
f 2493/2024/2493 988/2569/988 1649/2045/1649
f 1440/2014/1440 1649/2045/1649 885/2559/885
f 1440/2014/1440 2229/2568/2229 2493/2024/2493
f 2494/2023/2494 820/2570/820 1375/923/1375
f 2230/2026/2230 1375/923/1375 988/2569/988
f 1279/2025/1279 2494/2023/2494 2230/2026/2230
f 2225/2571/2225 2227/2020/2227 1278/2016/1278
f 954/1332/954 2495/2018/2495 2225/2571/2225
f 1613/1162/1613 1709/2572/1709 2495/2018/2495
f 1705/1982/1705 2226/2017/2226 1044/2573/1044
f 810/885/810 2496/2015/2496 1705/1982/1705
f 1341/1333/1341 2225/2571/2225 2496/2015/2496
f 1435/944/1435 1440/2014/1440 885/2559/885
f 1044/2573/1044 2497/2012/2497 1435/944/1435
f 2226/2017/2226 2224/2574/2224 2497/2012/2497
f 2221/2575/2221 2223/2011/2223 1277/2007/1277
f 1014/2271/1014 2498/2009/2498 2221/2575/2221
f 1675/862/1675 1666/2576/1666 2498/2009/2498
f 1709/2572/1709 2222/2008/2222 1048/2019/1048
f 849/1161/849 2499/2006/2499 1709/2572/1709
f 1403/2272/1403 2221/2575/2221 2499/2006/2499
f 1439/2577/1439 1441/2005/1441 888/933/888
f 1048/2019/1048 2500/2003/2500 1439/2577/1439
f 2222/2008/2222 2220/2578/2220 2500/2003/2500
f 2501/2002/2501 1276/2579/1276 2217/1997/2217
f 1714/942/1714 2217/1997/2217 1053/1986/1053
f 889/2561/889 2501/2002/2501 1714/942/1714
f 1611/2126/1611 2218/1998/2218 952/2580/952
f 847/1020/847 2502/1999/2502 1611/2126/1611
f 1444/1987/1444 2217/1997/2217 2502/1999/2502
f 2503/1996/2503 808/2581/808 1339/896/1339
f 2218/1998/2218 1339/896/1339 952/2580/952
f 1276/2579/1276 2503/1996/2503 2218/1998/2218
f 2213/2582/2213 2215/1992/2215 1275/1989/1275
f 940/1710/940 2504/1993/2504 2213/2582/2213
f 1599/1045/1599 1713/1991/1713 2504/1993/2504
f 1673/2583/1673 2214/1990/2214 1012/1758/1012
f 798/490/798 2505/1988/2505 1673/2583/1673
f 1327/1711/1327 2213/2582/2213 2505/1988/2505
f 1401/2584/1401 1444/1987/1444 847/1020/847
f 1012/1758/1012 2506/1985/2506 1401/2584/1401
f 2214/1990/2214 2212/2585/2212 2506/1985/2506
f 2209/2586/2209 2211/1983/2211 1274/1980/1274
f 1002/2157/1002 2507/1984/2507 2209/2586/2209
f 1663/886/1663 1705/1982/1705 2507/1984/2507
f 1713/1991/1713 2210/1981/2210 1052/2587/1052
f 835/1044/835 2508/1979/2508 1713/1991/1713
f 1389/2158/1389 2209/2586/2209 2508/1979/2508
f 2509/1978/2509 889/2561/889 1443/941/1443
f 2210/1981/2210 1443/941/1443 1052/2587/1052
f 1274/1980/1274 2509/1978/2509 2210/1981/2210
f 2510/1975/2510 1273/2588/1273 2205/1970/2205
f 1718/951/1718 2205/1970/2205 1057/2589/1057
f 890/2555/890 2510/1975/2510 1718/951/1718
f 2511/1972/2511 938/2590/938 1596/2294/1596
f 1448/1959/1448 1596/2294/1596 832/2357/832
f 1057/2589/1057 2511/1972/2511 1448/1959/1448
f 2512/1969/2512 795/493/795 1325/856/1325
f 2206/1971/2206 1325/856/1325 938/2590/938
f 1273/2588/1273 2512/1969/2512 2206/1971/2206
f 2513/1966/2513 1272/2591/1272 2201/1961/2201
f 1650/939/1650 2201/1961/2201 989/2592/989
f 886/2562/886 2513/1966/2513 1650/939/1650
f 2514/1963/2514 1000/2593/1000 1661/1301/1661
f 1376/1995/1376 1661/1301/1661 808/2581/808
f 989/2592/989 2514/1963/2514 1376/1995/1376
f 2515/1960/2515 832/2357/832 1387/1172/1387
f 2202/1962/2202 1387/1172/1387 1000/2593/1000
f 1272/2591/1272 2515/1960/2515 2202/1962/2202
f 2516/1957/2516 1271/2594/1271 2197/1952/2197
f 1706/924/1706 2197/1952/2197 1045/2595/1045
f 820/2570/820 2516/1957/2516 1706/924/1706
f 2517/1954/2517 1056/2596/1056 1717/1964/1717
f 1436/2040/1436 1717/1964/1717 886/2562/886
f 1045/2595/1045 2517/1954/2517 1436/2040/1436
f 2518/1951/2518 890/2555/890 1447/950/1447
f 2198/1953/2198 1447/950/1447 1056/2596/1056
f 1271/2594/1271 2518/1951/2518 2198/1953/2198
f 2519/1948/2519 1270/2597/1270 2193/1943/2193
f 1061/2598/1061 2519/1948/2519 2193/1943/2193
f 891/960/891 2519/1948/2519 1722/961/1722
f 1645/2063/1645 2194/1944/2194 984/2599/984
f 1452/1932/1452 1645/2063/1645 881/969/881
f 1061/2598/1061 2520/1945/2520 1452/1932/1452
f 2521/1940/2521 819/2600/819 1371/917/1371
f 984/2599/984 2521/1940/2521 1371/917/1371
f 2194/1944/2194 2192/2601/2192 2521/1940/2521
f 2189/2602/2189 2191/1939/2191 1269/1935/1269
f 1610/1176/1610 2189/2602/2189 951/1287/951
f 846/2354/846 2522/1937/2522 1610/1176/1610
f 1702/1910/1702 2190/1936/2190 1041/2603/1041
f 807/900/807 2523/1934/2523 1702/1910/1702
f 1338/1288/1338 2189/2602/2189 2523/1934/2523
f 2524/1933/2524 881/969/881 1431/2604/1431
f 2190/1936/2190 1431/2604/1431 1041/2603/1041
f 1269/1935/1269 2524/1933/2524 2190/1936/2190
f 1721/2605/1721 2187/2606/2187 1060/1938/1060
f 1400/2353/1400 1721/2605/1721 846/2354/846
f 1451/2607/1451 1453/2547/1453 891/960/891
f 1060/1938/1060 2526/2608/2526 1451/2607/1451
f 2184/2609/2184 2186/1930/2186 1268/1926/1268
f 1064/1914/1064 2527/1928/2527 2184/2609/2184
f 1725/967/1725 1723/2542/1723 2527/1928/2527
f 1608/2531/1608 2185/1927/2185 949/2082/949
f 844/987/844 2528/1925/2528 1608/2531/1608
f 1456/1915/1456 2184/2609/2184 2528/1925/2528
f 1336/2610/1336 1372/1924/1372 805/912/805
f 949/2082/949 2529/1922/2529 1336/2610/1336
f 2185/1927/2185 2183/2611/2183 2529/1922/2529
f 2180/2612/2180 2182/1921/2182 1267/1917/1267
f 937/2613/937 2530/1919/2530 2180/2612/2180
f 1595/1012/1595 1724/2614/1724 2530/1919/2530
f 1671/2615/1671 2181/1918/2181 1010/1857/1010
f 797/723/797 2531/1916/2531 1671/2615/1671
f 1324/1779/1324 2180/2612/2180 2531/1916/2531
f 1398/2616/1398 1456/1915/1456 844/987/844
f 1010/1857/1010 2532/1913/2532 1398/2616/1398
f 2181/1918/2181 2179/2617/2179 2532/1913/2532
f 2533/1912/2533 1266/1908/1266 2176/2618/2176
f 1660/901/1660 2176/2618/2176 999/2619/999
f 807/900/807 2533/1912/2533 1660/901/1660
f 2534/1907/2534 1063/1920/1063 1724/2614/1724
f 831/1011/831 2534/1907/2534 1724/2614/1724
f 1386/2112/1386 2176/2618/2176 2534/1907/2534
f 2535/1906/2535 892/966/892 1455/2620/1455
f 2177/1909/2177 1455/2620/1455 1063/1920/1063
f 1266/1908/1266 2535/1906/2535 2177/1909/2177
f 2172/2621/2172 2174/1903/2174 1265/1899/1265
f 1068/1887/1068 2536/1901/2536 2172/2621/2172
f 1729/976/1729 1727/2537/1727 2536/1901/2536
f 1592/2336/1592 2173/1900/2173 934/2313/934
f 828/1188/828 2537/1898/2537 1592/2336/1592
f 1460/1888/1460 2172/2621/2172 2537/1898/2537
f 1321/2622/1321 1320/1897/1320 796/727/796
f 934/2313/934 2538/1895/2538 1321/2622/1321
f 2173/1900/2173 2171/2623/2171 2538/1895/2538
f 2168/2624/2168 2170/1894/2170 1264/1890/1264
f 985/1923/985 2539/1892/2539 2168/2624/2168
f 1646/964/1646 1728/2625/1728 2539/1892/2539
f 1658/2626/1658 2169/1891/2169 997/1257/997
f 805/912/805 2540/1889/2540 1658/2626/1658
f 1372/1924/1372 2168/2624/2168 2540/1889/2540
f 1384/2627/1384 1460/1888/1460 828/1188/828
f 997/1257/997 2541/1886/2541 1384/2627/1384
f 2169/1891/2169 2167/2628/2167 2541/1886/2541
f 2164/2629/2164 2166/1885/2166 1263/1881/1263
f 1042/2058/1042 2542/1883/2542 2164/2629/2164
f 819/2600/819 2542/1883/2542 1703/918/1703
f 1728/2625/1728 2165/1882/2165 1067/1893/1067
f 882/963/882 2543/1880/2543 1728/2625/1728
f 1432/2059/1432 2164/2629/2164 2543/1880/2543
f 1459/2630/1459 1461/1879/1461 893/975/893
f 1067/1893/1067 2544/1877/2544 1459/2630/1459
f 2165/1882/2165 2163/2631/2163 2544/1877/2544
f 2160/2632/2160 2162/1876/2162 1262/1872/1262
f 1072/1860/1072 2545/1874/2545 2160/2632/2160
f 1733/985/1733 1731/2532/1731 2545/1874/2545
f 1641/2526/1641 2161/1873/2161 980/2091/980
f 877/996/877 2546/1871/2546 1641/2526/1641
f 1464/1861/1464 2160/2632/2160 2546/1871/2546
f 1367/2633/1367 1369/1870/1369 818/909/818
f 980/2091/980 2547/1868/2547 1367/2633/1367
f 2161/1873/2161 2159/2634/2159 2547/1868/2547
f 2156/2635/2156 2158/1867/2158 1261/1863/1261
f 950/1278/950 2548/1865/2548 2156/2635/2156
f 1609/1180/1609 1732/2636/1732 2548/1865/2548
f 1698/2637/1698 2157/1864/2157 1037/1830/1037
f 806/903/806 2549/1862/2549 1698/2637/1698
f 1337/1279/1337 2156/2635/2156 2549/1862/2549
f 1427/2638/1427 1464/1861/1464 877/996/877
f 1037/1830/1037 2550/1859/2550 1427/2638/1427
f 2157/1864/2157 2155/2639/2155 2550/1859/2550
f 2152/2640/2152 2154/1858/2154 1260/1854/1260
f 1011/2298/1011 2551/1856/2551 2152/2640/2152
f 1672/855/1672 1671/2615/1671 2551/1856/2551
f 1732/2636/1732 2153/1855/2153 1071/1866/1071
f 845/1179/845 2552/1853/2552 1732/2636/1732
f 1399/2299/1399 2152/2640/2152 2552/1853/2552
f 1463/2641/1463 1465/1852/1465 894/984/894
f 1071/1866/1071 2553/1850/2553 1463/2641/1463
f 2153/1855/2153 2151/2642/2151 2553/1850/2553
f 2148/2643/2148 2150/1849/2150 1259/1845/1259
f 1076/1833/1076 2554/1847/2554 2148/2643/2148
f 1737/994/1737 1735/2527/1735 2554/1847/2554
f 1602/2564/1602 2149/1846/2149 943/2037/943
f 838/936/838 2555/1844/2555 1602/2564/1602
f 1468/1834/1468 2148/2643/2148 2555/1844/2555
f 1330/2644/1330 1368/1843/1368 799/927/799
f 943/2037/943 2556/1841/2556 1330/2644/1330
f 2149/1846/2149 2147/2645/2147 2556/1841/2556
f 2144/2646/2144 2146/1840/2146 1258/1836/1258
f 936/1788/936 2557/1838/2557 2144/2646/2144
f 1594/1009/1594 1736/2647/1736 2557/1838/2557
f 1666/2576/1666 2145/1837/2145 1005/2010/1005
f 794/606/794 2558/1835/2558 1666/2576/1666
f 1323/1789/1323 2144/2646/2144 2558/1835/2558
f 1392/2648/1392 1468/1834/1468 838/936/838
f 1005/2010/1005 2559/1832/2559 1392/2648/1392
f 2145/1837/2145 2143/2649/2143 2559/1832/2559
f 2140/2650/2140 2142/1831/2142 1257/1827/1257
f 998/2103/998 2560/1829/2560 2140/2650/2140
f 1659/904/1659 1698/2637/1698 2560/1829/2560
f 1736/2647/1736 2141/1828/2141 1075/1839/1075
f 830/1008/830 2561/1826/2561 1736/2647/1736
f 1385/2104/1385 2140/2650/2140 2561/1826/2561
f 1467/2651/1467 1469/1825/1469 895/993/895
f 1075/1839/1075 2562/1823/2562 1467/2651/1467
f 2141/1828/2141 2139/2652/2139 2562/1823/2562
f 2136/2653/2136 2138/1822/2138 1256/1818/1256
f 1080/1806/1080 2563/1820/2563 2136/2653/2136
f 1741/1003/1741 1739/2523/1739 2563/1820/2563
f 1585/2325/1585 2137/1819/2137 928/2322/928
f 821/1203/821 2564/1817/2564 1585/2325/1585
f 1472/1807/1472 2136/2653/2136 2564/1817/2564
f 1315/2654/1315 1316/1816/1316 793/609/793
f 928/2322/928 2565/1814/2565 1315/2654/1315
f 2137/1819/2137 2135/2655/2135 2565/1814/2565
f 2132/2656/2132 2134/1813/2134 1255/1809/1255
f 981/1842/981 2566/1811/2566 2132/2656/2132
f 1642/991/1642 1740/2657/1740 2566/1811/2566
f 1652/2658/1652 2133/1810/2133 991/1212/991
f 799/927/799 2567/1808/2567 1652/2658/1652
f 1368/1843/1368 2132/2656/2132 2567/1808/2567
f 1378/2659/1378 1472/1807/1472 821/1203/821
f 991/1212/991 2568/1805/2568 1378/2659/1378
f 2133/1810/2133 2131/2660/2131 2568/1805/2568
f 2128/2661/2128 2130/1804/2130 1254/1800/1254
f 1038/2085/1038 2569/1802/2569 2128/2661/2128
f 1699/910/1699 1697/2662/1697 2569/1802/2569
f 1740/2657/1740 2129/1801/2129 1079/1812/1079
f 878/990/878 2570/1799/2570 1740/2657/1740
f 1428/2086/1428 2128/2661/2128 2570/1799/2570
f 1471/2663/1471 1473/1798/1473 896/1002/896
f 1079/1812/1079 2571/1796/2571 1471/2663/1471
f 2129/1801/2129 2127/2664/2127 2571/1796/2571
f 2124/2665/2124 2126/1795/2126 1253/1791/1253
f 1083/2666/1083 2572/1793/2572 2124/2665/2124
f 1744/2667/1744 1743/2516/1743 2572/1793/2572
f 1589/2373/1589 2125/1792/2125 931/2277/931
f 825/2668/825 2573/1790/2573 1589/2373/1589
f 1475/2669/1475 2124/2665/2124 2573/1790/2573
f 1318/2670/1318 1323/1789/1323 794/606/794
f 931/2277/931 2574/1787/2574 1318/2670/1318
f 2125/1792/2125 2123/2671/2123 2574/1787/2574
f 2120/2672/2120 2122/1785/2122 1252/1782/1252
f 1086/2673/1086 2575/1786/2575 2120/2672/2120
f 1747/2674/1747 1746/1784/1746 2575/1786/2575
f 1593/2343/1593 2121/1783/2121 935/2304/935
f 829/2675/829 2576/1781/2576 1593/2343/1593
f 1478/2676/1478 2120/2672/2120 2576/1781/2576
f 1322/2677/1322 1324/1779/1324 797/723/797
f 935/2304/935 2577/1780/2577 1322/2677/1322
f 1252/1782/1252 2577/1780/2577 2121/1783/2121
f 2116/1772/2116 2118/1777/2118 1251/2678/1251
f 1090/1761/1090 2578/1775/2578 2116/1772/2116
f 1751/1018/1751 1749/2501/1749 2578/1775/2578
f 1635/2496/1635 2117/1773/2117 975/2136/975
f 871/1029/871 2579/1774/2579 1635/2496/1635
f 1482/1762/1482 2116/1772/2116 2579/1774/2579
f 1362/2679/1362 1363/1771/1363 817/894/817
f 2117/1773/2117 1362/2679/1362 975/2136/975
f 1251/2678/1251 2580/1769/2580 2117/1773/2117
f 2112/2680/2112 2114/1768/2114 1250/1764/1250
f 953/1323/953 2581/1766/2581 2112/2680/2112
f 1612/1165/1612 1750/2681/1750 2581/1766/2581
f 1694/2682/1694 2113/1765/2113 1033/1743/1033
f 809/888/809 2582/1763/2582 1694/2682/1694
f 1340/1324/1340 2112/2680/2112 2582/1763/2582
f 1423/2683/1423 1482/1762/1482 871/1029/871
f 1033/1743/1033 2583/1760/2583 1423/2683/1423
f 2113/1765/2113 2111/2684/2111 2583/1760/2583
f 2108/2685/2108 2110/1759/2110 1249/1755/1249
f 1013/2280/1013 2584/1757/2584 2108/2685/2108
f 1674/860/1674 1673/2583/1673 2584/1757/2584
f 1750/2681/1750 2109/1756/2109 1089/1767/1089
f 848/1164/848 2585/1754/2585 1750/2681/1750
f 1402/2281/1402 2108/2685/2108 2585/1754/2585
f 1481/2686/1481 1483/1753/1483 899/1017/899
f 1089/1767/1089 2586/1751/2586 1481/2686/1481
f 2109/1756/2109 2107/2687/2107 2586/1751/2586
f 1755/1027/1755 1753/2497/1753 2587/1748/2587
f 1598/1042/1598 1754/2688/1754 2588/1745/2588
f 2102/2689/2102 2104/1744/2104 1248/1740/1248
f 1001/2148/1001 2589/1742/2589 2102/2689/2102
f 1662/889/1662 1694/2682/1694 2589/1742/2589
f 1754/2688/1754 2103/1741/2103 1093/1746/1093
f 834/1041/834 2590/1739/2590 1754/2688/1754
f 1388/2149/1388 2102/2689/2102 2590/1739/2590
f 1485/2690/1485 1486/1738/1486 900/1026/900
f 1093/1746/1093 2591/1736/2591 1485/2690/1485
f 2103/1741/2103 2101/2691/2101 2591/1736/2591
f 1759/1036/1759 1757/2493/1757 2592/1733/2592
f 1636/1024/1636 1758/2692/1758 2593/1730/2593
f 2096/2693/2096 2098/1729/2098 1247/1725/1247
f 1034/2130/1034 2594/1727/2594 2096/2693/2096
f 1695/895/1695 1693/2694/1693 2594/1727/2594
f 1758/2692/1758 2097/1726/2097 1096/1731/1096
f 872/1023/872 2595/1724/2595 1758/2692/1758
f 1424/2131/1424 2096/2693/2096 2595/1724/2595
f 1488/2695/1488 1489/1723/1489 901/1035/901
f 1096/1731/1096 2596/1721/2596 1488/2695/1488
f 2097/1726/2097 2095/2696/2095 2596/1721/2596
f 1762/2697/1762 1761/2487/1761 2597/1718/2597
f 2091/2698/2091 2093/1717/2093 1246/1713/1246
f 1101/2699/1101 2598/1715/2598 2091/2698/2091
f 1765/2700/1765 1764/2478/1764 2598/1715/2598
f 1597/2364/1597 2092/1714/2092 939/2286/939
f 1493/2701/1493 1597/2364/1597 833/2702/833
f 1493/2701/1493 2091/2698/2091 2599/1712/2599
f 1326/2703/1326 1327/1711/1327 798/490/798
f 939/2286/939 2600/1709/2600 1326/2703/1326
f 2092/1714/2092 2090/2704/2090 2600/1709/2600
f 2601/1708/2601 1245/2705/1245 2087/1703/2087
f 1769/1051/1769 2087/1703/2087 1105/2706/1105
f 904/1050/904 2601/1708/2601 1769/1051/1769
f 2602/1705/2602 970/2707/970 1629/2180/1629
f 1497/1692/1497 1629/2180/1629 865/1062/865
f 1105/2706/1105 2602/1705/2602 1497/1692/1497
f 2603/1702/2603 816/2708/816 1357/878/1357
f 2088/1704/2088 1357/878/1357 970/2707/970
f 1245/2705/1245 2603/1702/2603 2088/1704/2088
f 2604/1699/2604 1244/1695/1244 2083/2709/2083
f 1603/1167/1603 2083/2709/2083 944/2710/944
f 839/2360/839 2604/1699/2604 1603/1167/1603
f 1690/1673/1690 2084/1696/2084 1029/2711/1029
f 800/891/800 2605/1694/2605 1690/1673/1690
f 1331/1314/1331 2083/2709/2083 2605/1694/2605
f 1419/2712/1419 1497/1692/1497 865/1062/865
f 1029/2711/1029 2606/1693/2606 1419/2712/1419
f 2084/1696/2084 2082/1691/2082 2606/1693/2606
f 2607/1690/2607 1243/2713/1243 2079/1685/2079
f 1667/857/1667 2079/1685/2079 1006/2714/1006
f 795/493/795 2607/1690/2607 1667/857/1667
f 2608/1687/2608 1104/2715/1104 1768/1697/1768
f 1393/2289/1393 1768/1697/1768 839/2360/839
f 1006/2714/1006 2608/1687/2608 1393/2289/1393
f 2609/1684/2609 904/1050/904 1496/2716/1496
f 2080/1686/2080 1496/2716/1496 1104/2715/1104
f 1243/2713/1243 2609/1684/2609 2080/1686/2080
f 905/1059/905 2610/1679/2610 1773/1060/1773
f 1586/1033/1586 1772/2717/1772 2611/1676/2611
f 2073/2718/2073 2075/1674/2075 1242/1671/1242
f 992/2719/992 2612/1675/2612 2073/2718/2073
f 1653/892/1653 1690/1673/1690 2612/1675/2612
f 1772/2717/1772 2074/1672/2074 1108/1677/1108
f 1379/2139/1379 1772/2717/1772 822/1032/822
f 1379/2139/1379 2073/2718/2073 2613/1670/2613
f 2614/1669/2614 905/1059/905 1500/2720/1500
f 1108/1677/1108 2614/1669/2614 1500/2720/1500
f 1242/1671/1242 2614/1669/2614 2074/1672/2074
f 1777/1065/1777 1775/1664/1775 2615/1666/2615
f 1630/1057/1630 1776/2721/1776 2616/1661/2616
f 2617/1660/2617 1241/1656/1241 2067/2722/2067
f 1691/879/1691 2067/2722/2067 1030/2723/1030
f 816/2708/816 2617/1660/2617 1691/879/1691
f 1776/2721/1776 2068/1657/2068 1111/1662/1111
f 866/1056/866 2618/1655/2618 1776/2721/1776
f 1030/2723/1030 2618/1655/2618 1420/2175/1420
f 1503/1064/1503 1504/1654/1504 906/2460/906
f 1111/1662/1111 2619/1652/2619 1503/1064/1503
f 2068/1657/2068 2066/2724/2066 2619/1652/2619
f 2063/1646/2063 2065/1651/2065 1240/2725/1240
f 1781/1075/1781 2063/1646/2063 1115/2726/1115
f 1781/1075/1781 1779/2454/1779 2620/1649/2620
f 2621/1648/2621 966/2727/966 1625/2204/1625
f 1507/1635/1507 1625/2204/1625 861/2448/861
f 1115/2726/1115 2621/1648/2621 1507/1635/1507
f 2622/1645/2622 815/2728/815 1353/872/1353
f 2064/1647/2064 1353/872/1353 966/2727/966
f 2064/1647/2064 2062/1643/2062 2622/1645/2622
f 2059/2729/2059 2061/1642/2061 1239/1638/1239
f 947/2730/947 2623/1640/2623 2059/2729/2059
f 1606/1198/1606 1780/2731/1780 2623/1640/2623
f 2624/1637/2624 1025/2732/1025 1686/1604/1686
f 1334/1224/1334 1686/1604/1686 803/2733/803
f 947/2730/947 2624/1637/2624 1334/1224/1334
f 2625/1636/2625 861/2448/861 1415/1085/1415
f 2060/1639/2060 1415/1085/1415 1025/2732/1025
f 1239/1638/1239 2625/1636/2625 2060/1639/2060
f 2055/2734/2055 2057/1633/2057 1238/1629/1238
f 1009/2316/1009 2626/1631/2626 2055/2734/2055
f 1670/851/1670 1669/2735/1669 2626/1631/2626
f 1780/2731/1780 2056/1630/2056 1114/1641/1114
f 842/1197/842 2627/1628/2627 1780/2731/1780
f 1396/2317/1396 2055/2734/2055 2627/1628/2627
f 1506/2736/1506 1508/1627/1508 907/1074/907
f 1114/1641/1114 2628/1625/2628 1506/2736/1506
f 2056/1630/2056 2054/2737/2054 2628/1625/2628
f 2629/1624/2629 1237/2738/1237 2051/1619/2051
f 1785/1083/1785 2051/1619/2051 1119/2739/1119
f 908/2450/908 2629/1624/2629 1785/1083/1785
f 2630/1621/2630 955/2740/955 1614/2171/1614
f 1511/1608/1511 1614/2171/1614 850/2470/850
f 1119/2739/1119 2630/1621/2630 1511/1608/1511
f 2631/1618/2631 811/2741/811 1342/881/1342
f 2052/1620/2052 1342/881/1342 955/2740/955
f 1237/2738/1237 2631/1618/2631 2052/1620/2052
f 2632/1615/2632 1236/2742/1236 2047/1610/2047
f 1590/948/1590 2047/1610/2047 932/2743/932
f 826/2556/826 2632/1615/2632 1590/948/1590
f 2633/1612/2633 1015/2744/1015 1676/1688/1676
f 1319/1968/1319 1676/1688/1676 795/493/795
f 932/2743/932 2633/1612/2633 1319/1968/1319
f 2634/1609/2634 850/2470/850 1404/1052/1404
f 2048/1611/2048 1404/1052/1404 1015/2744/1015
f 1236/2742/1236 2634/1609/2634 2048/1611/2048
f 2635/1606/2635 1235/2745/1235 2043/1601/2043
f 1656/921/1656 2043/1601/2043 995/2746/995
f 803/2733/803 2635/1606/2635 1656/921/1656
f 2636/1603/2636 1118/2747/1118 1784/1613/1784
f 1382/2049/1382 1784/1613/1784 826/2556/826
f 995/2746/995 2636/1603/2636 1382/2049/1382
f 2637/1600/2637 908/2450/908 1510/1082/1510
f 2044/1602/2044 1510/1082/1510 1118/2747/1118
f 1235/2745/1235 2637/1600/2637 2044/1602/2044
f 2638/1597/2638 1234/1593/1234 2039/2748/2039
f 1789/1089/1789 2039/2748/2039 1123/2749/1123
f 909/2443/909 2638/1597/2638 1789/1089/1789
f 1600/2750/1600 2040/1594/2040 941/2268/941
f 836/2381/836 2639/1592/2639 1600/2750/1600
f 1515/1584/1515 2039/2748/2039 2639/1592/2639
f 941/2268/941 2640/2751/2640 1328/2752/1328
f 2040/1594/2040 2038/2753/2038 2640/2751/2640
f 2641/1589/2641 1233/2754/1233 2035/1586/2035
f 1626/1080/1626 2035/1586/2035 967/2755/967
f 862/2451/862 2641/1589/2641 1626/1080/1626
f 2642/1588/2642 1003/2756/1003 1664/1346/1664
f 1354/1617/1354 1664/1346/1664 811/2741/811
f 967/2755/967 2642/1588/2642 1354/1617/1354
f 2643/1585/2643 836/2381/836 1390/1157/1390
f 2036/1587/2036 1390/1157/1390 1003/2756/1003
f 1233/2754/1233 2643/1585/2643 2036/1587/2036
f 2031/2757/2031 2033/1581/2033 1232/1578/1232
f 1026/2758/1026 2644/1582/2644 2031/2757/2031
f 1687/873/1687 1685/1580/1685 2644/1582/2644
f 2645/1577/2645 1122/1590/1122 1788/2759/1788
f 1416/2199/1416 1788/2759/1788 862/2451/862
f 1416/2199/1416 2031/2757/2031 2645/1577/2645
f 2646/1576/2646 909/2443/909 1514/1088/1514
f 2032/1579/2032 1514/1088/1514 1122/1590/1122
f 1232/1578/1232 2646/1576/2646 2032/1579/2032
f 2647/1573/2647 1231/2760/1231 2027/1568/2027
f 1793/1098/1793 2027/1568/2027 1127/2761/1127
f 910/2437/910 2647/1573/2647 1793/1098/1793
f 2648/1570/2648 962/2762/962 1621/2228/1621
f 1519/1557/1519 1621/2228/1621 857/2429/857
f 1127/2761/1127 2648/1570/2648 1519/1557/1519
f 2649/1567/2649 814/2763/814 1349/866/1349
f 2028/1569/2028 1349/866/1349 962/2762/962
f 1231/2760/1231 2649/1567/2649 2028/1569/2028
f 2650/1564/2650 1230/2764/1230 2023/1559/2023
f 945/1269/945 2650/1564/2650 2023/1559/2023
f 1604/1183/1604 1792/1562/1792 2650/1564/2650
f 2651/1561/2651 1021/2765/1021 1682/1526/1682
f 1332/1270/1332 1682/1526/1682 801/2766/801
f 1332/1270/1332 2023/1559/2023 2651/1561/2651
f 2652/1558/2652 857/2429/857 1411/1109/1411
f 2024/1560/2024 1411/1109/1411 1021/2765/1021
f 1230/2764/1230 2652/1558/2652 2024/1560/2024
f 2019/2767/2019 2021/1555/2021 1229/1551/1229
f 1007/2307/1007 2653/1553/2653 2019/2767/2019
f 1668/853/1668 1677/2768/1677 2653/1553/2653
f 1792/1562/1792 2020/1552/2020 1126/2769/1126
f 840/1182/840 2654/1550/2654 1792/1562/1792
f 1394/2308/1394 2019/2767/2019 2654/1550/2654
f 2655/1549/2655 910/2437/910 1518/1097/1518
f 2020/1552/2020 1518/1097/1518 1126/2769/1126
f 2020/1552/2020 2018/1547/2018 2655/1549/2655
f 2656/1546/2656 1228/2770/1228 2015/1541/2015
f 1797/1107/1797 2015/1541/2015 1131/2771/1131
f 911/2431/911 2656/1546/2656 1797/1107/1797
f 2657/1543/2657 946/2196/946 1605/2453/1605
f 841/1077/841 2657/1543/2657 1605/2453/1605
f 1131/2771/1131 2657/1543/2657 1523/1530/1523
f 2658/1540/2658 802/2772/802 1333/875/1333
f 2016/1542/2016 1333/875/1333 946/2196/946
f 1228/2770/1228 2658/1540/2658 2016/1542/2016
f 2011/2773/2011 2013/1536/2013 1227/1533/1227
f 929/1815/929 2659/1537/2659 2011/2773/2011
f 823/2524/823 2659/1537/2659 1587/999/1587
f 1669/2735/1669 2012/1534/2012 1008/1632/1008
f 793/609/793 2660/1532/2660 1669/2735/1669
f 1316/1816/1316 2011/2773/2011 2660/1532/2660
f 1395/2774/1395 1523/1530/1523 841/1077/841
f 1008/1632/1008 2661/1531/2661 1395/2774/1395
f 1227/1533/1227 2661/1531/2661 2012/1534/2012
f 2662/1528/2662 1226/2775/1226 2007/1523/2007
f 1654/906/1654 2007/1523/2007 993/2776/993
f 801/2766/801 2662/1528/2662 1654/906/1654
f 2663/1525/2663 1130/2777/1130 1796/1535/1796
f 1380/2094/1380 1796/1535/1796 823/2524/823
f 993/2776/993 2663/1525/2663 1380/2094/1380
f 2664/1522/2664 911/2431/911 1522/1106/1522
f 2008/1524/2008 1522/1106/1522 1130/2777/1130
f 1226/2775/1226 2664/1522/2664 2008/1524/2008
f 2665/1519/2665 1225/2778/1225 2003/1514/2003
f 1801/1113/1801 2003/1514/2003 1135/2779/1135
f 912/2424/912 2665/1519/2665 1801/1113/1801
f 2666/1516/2666 930/2780/930 1588/2261/1588
f 1527/1506/1527 1588/2261/1588 824/2387/824
f 1135/2779/1135 2666/1516/2666 1527/1506/1527
f 2004/1515/2004 1317/2781/1317 930/2780/930
f 1225/2778/1225 2667/2782/2667 2004/1515/2004
f 2668/1513/2668 1224/2783/1224 1999/1508/1999
f 1622/1104/1622 1999/1508/1999 963/2784/963
f 858/2432/858 2668/1513/2668 1622/1104/1622
f 2669/1510/2669 994/1371/994 1655/2785/1655
f 1350/1539/1350 1655/2785/1655 802/2772/802
f 963/2784/963 2669/1510/2669 1350/1539/1350
f 2670/1507/2670 824/2387/824 1381/1151/1381
f 2000/1509/2000 1381/1151/1381 994/1371/994
f 1224/2783/1224 2670/1507/2670 2000/1509/2000
f 2671/1504/2671 1223/2786/1223 1995/1499/1995
f 1683/867/1683 1995/1499/1995 1022/2787/1022
f 814/2763/814 2671/1504/2671 1683/867/1683
f 2672/1501/2672 1134/2788/1134 1800/1511/1800
f 1412/2223/1412 1800/1511/1800 858/2432/858
f 1022/2787/1022 2672/1501/2672 1412/2223/1412
f 2673/1498/2673 912/2424/912 1526/1112/1526
f 1996/1500/1996 1526/1112/1526 1134/2788/1134
f 1223/2786/1223 2673/1498/2673 1996/1500/1996
f 2674/1495/2674 1222/2789/1222 1991/1490/1991
f 1139/1479/1139 2674/1495/2674 1991/1490/1991
f 913/1122/913 2674/1495/2674 1805/1123/1805
f 1617/2790/1617 1992/1491/1992 958/2244/958
f 853/2411/853 2675/1492/2675 1617/2790/1617
f 1531/1480/1531 1991/1490/1991 2675/1492/2675
f 2676/1489/2676 813/2791/813 1345/863/1345
f 1992/1491/1992 1345/863/1345 958/2244/958
f 1222/2789/1222 2676/1489/2676 1992/1491/1992
f 2677/1484/2677 1221/2792/1221 1987/1481/1987
f 1607/1191/1607 1987/1481/1987 948/1242/948
f 843/2334/843 2677/1484/2677 1607/1191/1607
f 2678/1483/2678 1018/1458/1018 1679/2793/1679
f 804/915/804 2678/1483/2678 1679/2793/1679
f 1335/1243/1335 1987/1481/1987 2678/1483/2678
f 2679/1478/2679 853/2411/853 1407/1130/1407
f 1988/1482/1988 1407/1130/1407 1018/1458/1018
f 1221/2792/1221 2679/1478/2679 1988/1482/1988
f 1804/2794/1804 1985/2795/1985 1138/1485/1138
f 843/2334/843 2680/2796/2680 1804/2794/1804
f 2681/2797/2681 913/1122/913 1530/2798/1530
f 1985/2795/1985 1530/2798/1530 1138/1485/1138
f 1982/1472/1982 1984/1477/1984 1220/2799/1220
f 1142/1461/1142 2682/1475/2682 1982/1472/1982
f 1808/1129/1808 1806/2412/1806 2682/1475/2682
f 2683/1474/2683 956/2800/956 1615/2219/1615
f 851/2435/851 2683/1474/2683 1615/2219/1615
f 1535/1462/1535 1982/1472/1982 2683/1474/2683
f 2684/1469/2684 812/2801/812 1343/869/1343
f 1983/1473/1983 1343/869/1343 956/2800/956
f 1983/1473/1983 1981/2802/1981 2684/1469/2684
f 1978/2803/1978 1980/1468/1980 1219/1464/1219
f 933/1896/933 2685/1466/2685 1978/2803/1978
f 1591/973/1591 1807/2804/1807 2685/1466/2685
f 1677/2768/1677 1979/1465/1979 1016/1554/1016
f 796/727/796 2686/1463/2686 1677/2768/1677
f 1320/1897/1320 1978/2803/1978 2686/1463/2686
f 1405/1100/1405 1535/1462/1535 851/2435/851
f 1016/1554/1016 2687/1460/2687 1405/1100/1405
f 1979/1465/1979 1977/2805/1977 2687/1460/2687
f 1974/2806/1974 1976/1459/1976 1218/1455/1218
f 996/2067/996 2688/1457/2688 1974/2806/1974
f 1657/916/1657 1679/2793/1679 2688/1457/2688
f 1807/2804/1807 1975/1456/1975 1141/1467/1141
f 827/972/827 2689/1454/2689 1807/2804/1807
f 1383/2068/1383 1974/2806/1974 2689/1454/2689
f 1534/2807/1534 1536/1453/1536 914/1128/914
f 1141/1467/1141 2690/1451/2690 1534/2807/1534
f 1975/1456/1975 1973/2808/1973 2690/1451/2690
f 2691/1450/2691 1217/2809/1217 1970/1445/1970
f 1812/1134/1812 1970/1445/1970 1146/2810/1146
f 915/2407/915 2691/1450/2691 1812/1134/1812
f 2692/1447/2692 942/2811/942 1601/2255/1601
f 1539/1437/1539 1601/2255/1601 837/2394/837
f 1146/2810/1146 2692/1447/2692 1539/1437/1539
f 1971/1446/1971 1329/2812/1329 942/2811/942
f 1217/2809/1217 2693/2813/2693 1971/1446/1971
f 2694/1444/2694 1216/2814/1216 1966/1439/1966
f 959/1470/959 2694/1444/2694 1966/1439/1966
f 854/2413/854 2694/1444/2694 1618/1125/1618
f 2695/1441/2695 1004/2815/1004 1665/1394/1665
f 1346/1471/1346 1665/1394/1665 812/2801/812
f 959/1470/959 2695/1441/2695 1346/1471/1346
f 2696/1438/2696 837/2394/837 1391/1145/1391
f 1967/1440/1967 1391/1145/1391 1004/2815/1004
f 1216/2814/1216 2696/1438/2696 1967/1440/1967
f 2697/1435/2697 1215/2816/1215 1962/1430/1962
f 1680/864/1680 1962/1430/1962 1019/2817/1019
f 813/2791/813 2697/1435/2697 1680/864/1680
f 2698/1432/2698 1145/2818/1145 1811/1442/1811
f 1408/2238/1408 1811/1442/1811 854/2413/854
f 1019/2817/1019 2698/1432/2698 1408/2238/1408
f 2699/1429/2699 915/2407/915 1538/1133/1538
f 1963/1431/1963 1538/1133/1538 1145/2818/1145
f 1215/2816/1215 2699/1429/2699 1963/1431/1963
f 2700/1426/2700 1214/1422/1214 1958/2819/1958
f 1150/2820/1150 2700/1426/2700 1958/2819/1958
f 916/1140/916 2700/1426/2700 1816/1141/1816
f 2701/1421/2701 957/2821/957 1616/2249/1616
f 1543/1413/1543 1616/2249/1616 852/1137/852
f 1150/2820/1150 2701/1421/2701 1543/1413/1543
f 957/2821/957 2702/2822/2702 1344/2823/1344
f 1959/1423/1959 1957/2824/1957 2702/2822/2702
f 1954/2825/1954 1956/1419/1956 1213/1416/1213
f 960/2826/960 2703/1420/2703 1954/2825/1954
f 1619/1120/1619 1815/1418/1815 2703/1420/2703
f 1678/1433/1678 1955/1417/1955 1017/2827/1017
f 1347/1488/1347 1678/1433/1678 813/2791/813
f 1347/1488/1347 1954/2825/1954 2704/1415/2704
f 1406/2828/1406 1543/1413/1543 852/1137/852
f 1017/2827/1017 2705/1414/2705 1406/2828/1406
f 1955/1417/1955 1953/1412/1953 2705/1414/2705
f 1815/1418/1815 1952/2829/1952 1149/2830/1149
f 1409/2418/1409 1815/1418/1815 855/1119/855
f 2707/2831/2707 916/1140/916 1542/2832/1542
f 1149/2830/1149 2707/2831/2707 1542/2832/1542
f 2708/1411/2708 1212/2833/1212 1949/1406/1949
f 1819/1143/1819 1949/1406/1949 1153/2834/1153
f 917/2396/917 2708/1411/2708 1819/1143/1819
f 2709/1408/2709 961/2835/961 1620/2234/1620
f 1547/1398/1547 1620/2234/1620 856/2422/856
f 1153/2834/1153 2709/1408/2709 1547/1398/1547
f 1950/1407/1950 1348/2836/1348 961/2835/961
f 1212/2833/1212 2710/2837/2710 1950/1407/1950
f 2711/1405/2711 1211/2838/1211 1945/1400/1945
f 1623/1095/1623 1945/1400/1945 964/2839/964
f 859/2438/859 2711/1405/2711 1623/1095/1623
f 2712/1402/2712 1020/2840/1020 1681/1502/1681
f 1351/1566/1351 1681/1502/1681 814/2763/814
f 964/2839/964 2712/1402/2712 1351/1566/1351
f 2713/1399/2713 856/2422/856 1410/1115/1410
f 1946/1401/1946 1410/1115/1410 1020/2840/1020
f 1211/2838/1211 2713/1399/2713 1946/1401/1946
f 2714/1396/2714 1210/2841/1210 1941/1391/1941
f 1684/870/1684 1941/1391/1941 1023/2842/1023
f 812/2801/812 2714/1396/2714 1684/870/1684
f 2715/1393/2715 1152/2843/1152 1818/1403/1818
f 1413/2214/1413 1818/1403/1818 859/2438/859
f 1023/2842/1023 2715/1393/2715 1413/2214/1413
f 2716/1390/2716 917/2396/917 1546/1142/1546
f 1942/1392/1942 1546/1142/1546 1152/2843/1152
f 1210/2841/1210 2716/1390/2716 1942/1392/1942
f 1937/2844/1937 1939/1387/1939 1209/1383/1209
f 1157/1374/1157 2717/1385/2717 1937/2844/1937
f 1823/1150/1823 1821/2388/1821 2717/1385/2717
f 1624/2441/1624 1938/1384/1938 965/2211/965
f 860/1092/860 2718/1382/2718 1624/2441/1624
f 1551/1375/1551 1937/2844/1937 2718/1382/2718
f 965/2211/965 2719/2845/2719 1352/2846/1352
f 1938/1384/1938 1936/2847/1936 2719/2845/2719
f 1933/1376/1933 1935/1381/1935 1208/2848/1208
f 968/2849/968 2720/1379/2720 1933/1376/1933
f 1627/1072/1627 1822/2850/1822 2720/1379/2720
f 2721/1378/2721 1024/2851/1024 1685/1580/1685
f 1355/1644/1355 1685/1580/1685 815/2728/815
f 968/2849/968 2721/1378/2721 1355/1644/1355
f 1414/2852/1414 1551/1375/1551 860/1092/860
f 1024/2851/1024 2722/1373/2722 1414/2852/1414
f 1934/1377/1934 1932/2853/1932 2722/1373/2722
f 1929/1367/1929 1931/1372/1931 1207/2854/1207
f 1688/876/1688 1929/1367/1929 1027/2190/1027
f 802/2772/802 2723/1370/2723 1688/876/1688
f 1822/2850/1822 1930/1368/1930 1156/1380/1156
f 863/1071/863 2724/1369/2724 1822/2850/1822
f 1417/2191/1417 1929/1367/1929 2724/1369/2724
f 1550/2855/1550 1552/1366/1552 918/1149/918
f 1930/1368/1930 1550/2855/1550 1156/1380/1156
f 1207/2854/1207 2725/1364/2725 1930/1368/1930
f 2726/1361/2726 1206/2856/1206 1925/1358/1925
f 1827/1155/1827 1925/1358/1925 1161/1350/1161
f 919/2383/919 2726/1361/2726 1827/1155/1827
f 1628/2458/1628 1926/1359/1926 969/2187/969
f 864/2857/864 2727/1360/2727 1628/2458/1628
f 1555/1351/1555 1925/1358/1925 2727/1360/2727
f 1926/1359/1926 1356/2858/1356 969/2187/969
f 1206/2856/1206 2728/2859/2728 1926/1359/1926
f 1921/1352/1921 1923/1357/1923 1205/2860/1205
f 971/2861/971 2729/1355/2729 1921/1352/1921
f 1631/1048/1631 1826/2862/1826 2729/1355/2729
f 2730/1354/2730 1028/2863/1028 1689/1658/1689
f 816/2708/816 2730/1354/2730 1689/1658/1689
f 971/2861/971 2730/1354/2730 1358/1701/1358
f 1418/1067/1418 1555/1351/1555 864/2857/864
f 1922/1353/1922 1418/1067/1418 1028/2863/1028
f 1922/1353/1922 1920/2864/1920 2731/1349/2731
f 2732/1348/2732 1204/2865/1204 1917/1343/1917
f 1692/882/1692 1917/1343/1917 1031/2166/1031
f 811/2741/811 2732/1348/2732 1692/882/1692
f 2733/1345/2733 1160/1356/1160 1826/2862/1826
f 867/1047/867 2733/1345/2733 1826/2862/1826
f 1031/2166/1031 2733/1345/2733 1421/2167/1421
f 2734/1342/2734 919/2383/919 1554/1154/1554
f 1918/1344/1918 1554/1154/1554 1160/1356/1160
f 1204/2865/1204 2734/1342/2734 1918/1344/1918
f 1913/2866/1913 1915/1339/1915 1203/1335/1203
f 1164/2867/1164 2735/1337/2735 1913/2866/1913
f 1830/2868/1830 1829/2374/1829 2735/1337/2735
f 1632/2477/1632 1914/1336/1914 972/2163/972
f 868/2869/868 2736/1334/2736 1632/2477/1632
f 1558/2870/1558 1913/2866/1913 2736/1334/2736
f 1359/2871/1359 1341/1333/1341 810/885/810
f 972/2163/972 2737/1331/2737 1359/2871/1359
f 1914/1336/1914 1912/2872/1912 2737/1331/2737
f 1909/2873/1909 1911/1330/1911 1202/1326/1202
f 1167/2874/1167 2738/1328/2738 1909/2873/1909
f 1833/2875/1833 1832/2365/1832 2738/1328/2738
f 1633/2486/1633 1910/1327/1910 973/2154/973
f 869/2876/869 2739/1325/2739 1633/2486/1633
f 1561/2877/1561 1909/2873/1909 2739/1325/2739
f 1360/2878/1360 1340/1324/1340 809/888/809
f 973/2154/973 2740/1322/1732 1360/2878/1360
f 1910/1327/1910 1908/2879/1908 2740/1322/1732
f 1905/2880/1905 1907/1321/1907 1201/1317/1201
f 1171/1305/1171 2741/1319/2740 1905/2880/1905
f 1837/1170/1837 1835/2358/1835 2741/1319/2740
f 2742/1316/2741 974/2881/974 1634/2144/1634
f 1565/1306/1565 1634/2144/1634 870/1038/870
f 1171/1305/1171 2742/1316/2741 1565/1306/1565
f 1361/2882/1361 1331/1314/1331 800/891/800
f 974/2881/974 2743/1315/2742 1361/2882/1361
f 1906/1318/1906 1904/1313/1904 2743/1315/2742
f 1901/2883/1901 1903/1312/1903 1200/1308/1200
f 1637/1014/1637 1901/2883/1901 976/1770/976
f 1637/1014/1637 1836/2884/1836 2744/1310/2743
f 1693/2694/1693 1902/1309/1902 1032/1728/1032
f 817/894/817 2745/1307/2744 1693/2694/1693
f 1363/1771/1363 1901/2883/1901 2745/1307/2744
f 1422/2885/1422 1565/1306/1565 870/1038/870
f 1032/1728/1032 2746/1304/2745 1422/2885/1422
f 1902/1309/1902 1900/2886/1900 2746/1304/2745
f 2747/1303/2746 1199/2887/1199 1897/1298/1897
f 1035/2121/1035 2747/1303/2746 1897/1298/1897
f 808/2581/808 2747/1303/2746 1696/897/1696
f 1836/2884/1836 1898/1299/1898 1170/1311/1170
f 873/2502/873 2748/1300/2747 1836/2884/1836
f 1035/2121/1035 2748/1300/2747 1425/2122/1425
f 2749/1295/2748 922/2359/922 1564/1169/1564
f 1898/1299/1898 1564/1169/1564 1170/1311/1170
f 1199/2887/1199 2749/1295/2748 1898/1299/1898
f 1893/1289/1893 1895/1294/1895 1198/2888/1198
f 1174/2889/1174 2750/1292/2749 1893/1289/1893
f 923/2352/923 2750/1292/2749 1840/2890/1840
f 2751/1291/2750 977/2118/977 1638/2507/1638
f 874/2891/874 2751/1291/2750 1638/2507/1638
f 1568/2892/1568 1893/1289/1893 2751/1291/2750
f 1364/2893/1364 1338/1288/1338 807/900/807
f 1894/1290/1894 1364/2893/1364 977/2118/977
f 1198/2888/1198 2752/1286/2751 1894/1290/1894
f 1889/2894/1889 1891/1285/1891 1197/1281/1197
f 1176/2895/1176 2753/1283/2752 1889/2894/1889
f 1842/2896/1842 1841/2344/1841 2753/1283/2752
f 1639/2515/1639 1890/1282/1890 978/2109/978
f 875/2897/875 2754/1280/2753 1639/2515/1639
f 1571/2898/1571 1889/2894/1889 2754/1280/2753
f 1365/2899/1365 1337/1279/1337 806/903/806
f 978/2109/978 2755/1277/2754 1365/2899/1365
f 1890/1282/1890 1888/2900/1888 2755/1277/2754
f 1885/2901/1885 1887/1276/1887 1196/1272/1196
f 1180/1260/1180 2756/1274/2755 1885/2901/1885
f 1846/1186/1846 1844/2337/1844 2756/1274/2755
f 1640/2522/1640 1886/1273/1886 979/2100/979
f 876/1005/876 2757/1271/2756 1640/2522/1640
f 1575/1261/1575 1885/2901/1885 2757/1271/2756
f 2758/1268/2757 801/2766/801 1366/905/1366
f 1886/1273/1886 1366/905/1366 979/2100/979
f 1886/1273/1886 1884/2902/1884 2758/1268/2757
f 1881/2903/1881 1883/1267/1883 1195/1263/1195
f 982/1869/982 2759/1265/2758 1881/2903/1881
f 1643/982/1643 1845/2904/1845 2759/1265/2758
f 1697/2662/1697 1882/1264/1882 1036/1803/1036
f 818/909/818 2760/1262/2759 1697/2662/1697
f 1369/1870/1369 1881/2903/1881 2760/1262/2759
f 1426/2905/1426 1575/1261/1575 876/1005/876
f 1036/1803/1036 2761/1259/2760 1426/2905/1426
f 1882/1264/1882 1880/2906/1880 2761/1259/2760
f 1877/2907/1877 1879/1258/1879 1194/1254/1194
f 1039/2076/1039 2762/1256/2761 1877/2907/1877
f 1700/913/1700 1658/2626/1658 2762/1256/2761
f 1845/2904/1845 1878/1255/1878 1179/1266/1179
f 879/981/879 2763/1253/2762 1845/2904/1845
f 1429/2077/1429 1877/2907/1877 2763/1253/2762
f 1574/2908/1574 1576/1252/1576 925/1185/925
f 1179/1266/1179 2764/1250/2763 1574/2908/1574
f 1878/1255/1878 1876/2909/1876 2764/1250/2763
f 1873/2910/1873 1875/1249/1875 1193/1245/1193
f 1850/1194/1850 1873/2910/1873 1184/2911/1184
f 1850/1194/1850 1848/2329/1848 2765/1247/2764
f 2766/1244/2765 983/2073/983 1644/2536/1644
f 1579/1233/1579 1644/2536/1644 880/978/880
f 1184/2911/1184 2766/1244/2765 1579/1233/1579
f 1370/2912/1370 1335/1243/1335 804/915/804
f 983/2073/983 2767/1241/2766 1370/2912/1370
f 1874/1246/1874 1872/2913/1872 2767/1241/2766
f 1869/1235/1869 1871/1240/1871 1192/2914/1192
f 1647/957/1647 1869/1235/1869 986/1941/986
f 1647/957/1647 1849/2915/1849 2768/1238/2767
f 1701/2916/1701 1870/1236/1870 1040/1884/1040
f 1373/1942/1373 1701/2916/1701 819/2600/819
f 986/1941/986 2769/1237/2768 1373/1942/1373
f 2770/1234/2769 880/978/880 1430/2917/1430
f 1870/1236/1870 1430/2917/1430 1040/1884/1040
f 1192/2914/1192 2770/1234/2769 1870/1236/1870
f 1849/2915/1849 1867/2918/1867 1183/1239/1183
f 883/2549/883 2771/2919/2770 1849/2915/1849
f 1578/1193/1578 1580/2920/1580 926/2331/926
f 1183/1239/1183 2772/2921/2771 1578/1193/1578
f 1864/1226/1864 1866/1231/1866 1191/2922/1191
f 1853/1201/1853 1864/1226/1864 1187/2923/1187
f 1853/1201/1853 1851/2326/1851 2773/1229/2772
f 2774/1228/2773 987/2924/987 1648/2054/1648
f 1583/1215/1583 1648/2054/1648 884/2553/884
f 1187/2923/1187 2774/1228/2773 1583/1215/1583
f 2775/1225/2774 803/2733/803 1374/920/1374
f 1865/1227/1865 1374/920/1374 987/2924/987
f 1191/2922/1191 2775/1225/2774 1865/1227/1865
f 1860/1217/1860 1862/1222/1862 1190/2925/1190
f 990/2926/990 2776/1220/2775 1860/1217/1860
f 1651/931/1651 1852/2927/1852 2776/1220/2775
f 2777/1219/2776 1043/2928/1043 1704/1955/1704
f 1377/2022/1377 1704/1955/1704 820/2570/820
f 990/2926/990 2777/1219/2776 1377/2022/1377
f 2778/1216/2777 884/2553/884 1434/953/1434
f 1861/1218/1861 1434/953/1434 1043/2928/1043
f 1190/2925/1190 2778/1216/2777 1861/1218/1861
f 1856/2929/1856 1858/1213/1858 1189/1209/1189
f 1046/2031/1046 2779/1211/2778 1856/2929/1856
f 1707/928/1707 1652/2658/1652 2779/1211/2778
f 1852/2927/1852 1857/1210/1857 1186/1221/1186
f 887/930/887 2780/1208/2779 1852/2927/1852
f 1437/2032/1437 1856/2929/1856 2780/1208/2779
f 1582/2930/1582 1584/1207/1584 927/1200/927
f 1186/1221/1186 2781/1205/2780 1582/2930/1582
f 1857/1210/1857 1855/2931/1855 2781/1205/2780
f 1855/2931/1855 1854/1204/1854 1188/1206/1188
f 1189/1209/1189 2782/1202/2781 1855/2931/1855
f 1858/1213/1858 1378/2659/1378 2782/1202/2781
f 1859/1214/1859 1853/1201/1853 1187/2923/1187
f 1190/2925/1190 2783/1199/2782 1859/1214/1859
f 1862/1222/1862 1582/2930/1582 2783/1199/2782
f 1863/1223/1863 1606/1198/1606 947/2730/947
f 1191/2922/1191 2784/1196/2783 1863/1223/1863
f 1866/1231/1866 1581/2327/1581 2784/1196/2783
f 2785/1195/2784 1184/2911/1184 1868/1232/1868
f 1192/2914/1192 2785/1195/2784 1868/1232/1868
f 1871/1240/1871 1578/1193/1578 2785/1195/2784
f 1872/2913/1872 1607/1191/1607 948/1242/948
f 1193/1245/1193 2786/1192/2785 1872/2913/1872
f 1875/1249/1875 1577/1190/1577 2786/1192/2785
f 1876/2909/1876 1847/1189/1847 1181/1251/1181
f 1194/1254/1194 2787/1187/2786 1876/2909/1876
f 1879/1258/1879 1384/2627/1384 2787/1187/2786
f 1880/2906/1880 1846/1186/1846 1180/1260/1180
f 1195/1263/1195 2788/1184/2787 1880/2906/1880
f 1883/1267/1883 1574/2908/1574 2788/1184/2787
f 1884/2902/1884 1604/1183/1604 945/1269/945
f 1196/1272/1196 2789/1181/2788 1884/2902/1884
f 1887/1276/1887 1573/2338/1573 2789/1181/2788
f 1888/2900/1888 1609/1180/1609 950/1278/950
f 1197/1281/1197 2790/1178/2789 1888/2900/1888
f 1891/1285/1891 1570/2347/1570 2790/1178/2789
f 2791/1177/2790 951/1287/951 1892/2932/1892
f 1895/1294/1895 1892/2932/1892 1198/2888/1198
f 1895/1294/1895 1567/1175/1567 2791/1177/2790
f 2792/1174/2791 1172/1296/1172 1896/2933/1896
f 1899/1302/1899 1896/2933/1896 1199/2887/1199
f 1000/2593/1000 2792/1174/2791 1899/1302/1899
f 1900/2886/1900 1837/1170/1837 1171/1305/1171
f 1200/1308/1200 2793/1171/2792 1900/2886/1900
f 1903/1312/1903 1564/1169/1564 2793/1171/2792
f 2794/1168/2793 944/2710/944 1904/1313/1904
f 1907/1321/1907 1904/1313/1904 1201/1317/1201
f 1169/1320/1169 2794/1168/2793 1907/1321/1907
f 1908/2879/1908 1612/1165/1612 953/1323/953
f 1202/1326/1202 2795/1163/2794 1908/2879/1908
f 1911/1330/1911 1560/2368/1560 2795/1163/2794
f 1912/2872/1912 1613/1162/1613 954/1332/954
f 1203/1335/1203 2796/1160/2795 1912/2872/1912
f 1915/1339/1915 1557/2377/1557 2796/1160/2795
f 2797/1159/2796 1162/2380/1162 1916/1340/1916
f 1919/1347/1919 1916/1340/1916 1204/2865/1204
f 1003/2756/1003 2797/1159/2796 1919/1347/1919
f 2798/1156/2797 1161/1350/1161 1920/2864/1920
f 1205/2860/1205 2798/1156/2797 1920/2864/1920
f 1160/1356/1160 2798/1156/2797 1923/1357/1923
f 1927/1363/1927 1924/2934/1924 1206/2856/1206
f 1159/1362/1159 2799/2935/2798 1927/1363/1927
f 2800/1153/2799 1158/1365/1158 1928/2936/1928
f 1207/2854/1207 2800/1153/2799 1928/2936/1928
f 994/1371/994 2800/1153/2799 1931/1372/1931
f 1932/2853/1932 1823/1150/1823 1157/1374/1157
f 1208/2848/1208 2801/1148/2800 1932/2853/1932
f 1935/1381/1935 1550/2855/1550 2801/1148/2800
f 1209/1383/1209 2802/2937/2801 1936/2847/1936
f 1939/1387/1939 1549/2390/1549 2802/2937/2801
f 2803/1147/2802 1154/2393/1154 1940/1388/1940
f 1943/1395/1943 1940/1388/1940 1210/2841/1210
f 1004/2815/1004 2803/1147/2802 1943/1395/1943
f 2804/1144/2803 1153/2834/1153 1944/1397/1944
f 1947/1404/1947 1944/1397/1944 1211/2838/1211
f 1152/2843/1152 2804/1144/2803 1947/1404/1947
f 1951/1410/1951 1948/2938/1948 1212/2833/1212
f 1151/2395/1151 2805/2939/2804 1951/1410/1951
f 2806/1139/2805 1150/2820/1150 1953/1412/1953
f 1956/1419/1956 1953/1412/1953 1213/1416/1213
f 1149/2830/1149 2806/1139/2805 1956/1419/1956
f 1960/1425/1960 1957/2824/1957 1214/1422/1214
f 1148/2400/1148 2807/2940/2806 1960/1425/1960
f 1961/1427/1961 1813/1138/1813 1147/2405/1147
f 1964/1434/1964 1961/1427/1961 1215/2816/1215
f 1964/1434/1964 1406/2828/1406 2808/1136/2807
f 2809/1135/2808 1146/2810/1146 1965/1436/1965
f 1968/1443/1968 1965/1436/1965 1216/2814/1216
f 1145/2818/1145 2809/1135/2808 1968/1443/1968
f 1972/1449/1972 1969/2941/1969 1217/2809/1217
f 1144/2406/1144 2810/2942/2809 1972/1449/1972
f 1973/2808/1973 1809/1131/1809 1143/1452/1143
f 1218/1455/1218 2811/1132/2810 1973/2808/1973
f 1976/1459/1976 1407/1130/1407 2811/1132/2810
f 1977/2805/1977 1808/1129/1808 1142/1461/1142
f 1219/1464/1219 2812/1127/2811 1977/2805/1977
f 1980/1468/1980 1534/2807/1534 2812/1127/2811
f 1981/2802/1981 1618/1125/1618 959/1470/959
f 1220/2799/1220 2813/1126/2812 1981/2802/1981
f 1984/1477/1984 1533/1124/1533 2813/1126/2812
f 1986/2943/1986 1805/1123/1805 1139/1479/1139
f 1221/2792/1221 2814/1121/2813 1986/2943/1986
f 1989/1486/1989 1530/2798/1530 2814/1121/2813
f 1990/1487/1990 1619/1120/1619 960/2826/960
f 1993/1494/1993 1990/1487/1990 1222/2789/1222
f 1993/1494/1993 1529/2417/1529 2815/1118/2814
f 2816/1117/2815 1136/2421/1136 1994/1496/1994
f 1997/1503/1997 1994/1496/1994 1223/2786/1223
f 1020/2840/1020 2816/1117/2815 1997/1503/1997
f 2817/1114/2816 1135/2779/1135 1998/1505/1998
f 2001/1512/2001 1998/1505/1998 1224/2783/1224
f 1134/2788/1134 2817/1114/2816 2001/1512/2001
f 2005/1518/2005 2002/2944/2002 1225/2778/1225
f 1133/2423/1133 2818/2945/2817 2005/1518/2005
f 2819/1111/2818 1132/2428/1132 2006/1520/2006
f 2009/1527/2009 2006/1520/2006 1226/2775/1226
f 1021/2765/1021 2819/1111/2818 2009/1527/2009
f 2820/1108/2819 1131/2771/1131 2010/1529/2010
f 2013/1536/2013 2010/1529/2010 1227/1533/1227
f 1130/2777/1130 2820/1108/2819 2013/1536/2013
f 2821/1105/2820 963/2784/963 2014/1538/2014
f 2017/1545/2017 2014/1538/2014 1228/2770/1228
f 1129/2430/1129 2821/1105/2820 2017/1545/2017
f 2822/1102/2821 1128/2434/1128 2018/1547/2018
f 1229/1551/1229 2822/1102/2821 2018/1547/2018
f 2021/1555/2021 1405/1100/1405 2822/1102/2821
f 2823/1099/2822 1127/2761/1127 2022/1556/2022
f 2025/1563/2025 2022/1556/2022 1230/2764/1230
f 1126/2769/1126 2823/1099/2822 2025/1563/2025
f 2824/1096/2823 964/2839/964 2026/1565/2026
f 2029/1572/2029 2026/1565/2026 1231/2760/1231
f 1125/2436/1125 2824/1096/2823 2029/1572/2029
f 2030/1574/2030 1790/1093/1790 1124/2440/1124
f 1232/1578/1232 2825/1091/2824 2030/1574/2030
f 2033/1581/2033 1414/2852/1414 2825/1091/2824
f 2826/1090/2825 1123/2749/1123 2034/1583/2034
f 1233/2754/1233 2826/1090/2825 2034/1583/2034
f 2037/1591/2037 1514/1088/1514 2826/1090/2825
f 2041/1596/2041 2038/2753/2038 1234/1593/1234
f 1121/2442/1121 2827/2946/2826 2041/1596/2041
f 2828/1087/2827 1120/2447/1120 2042/1598/2042
f 2045/1605/2045 2042/1598/2042 1235/2745/1235
f 1025/2732/1025 2828/1087/2827 2045/1605/2045
f 2829/1084/2828 1119/2739/1119 2046/1607/2046
f 2049/1614/2049 2046/1607/2046 1236/2742/1236
f 1118/2747/1118 2829/1084/2828 2049/1614/2049
f 2830/1081/2829 967/2755/967 2050/1616/2050
f 2053/1623/2053 2050/1616/2050 1237/2738/1237
f 1117/2449/1117 2830/1081/2829 2053/1623/2053
f 2054/2737/2054 1782/1078/1782 1116/1626/1116
f 1238/1629/1238 2831/1076/2830 2054/2737/2054
f 2057/1633/2057 1395/2774/1395 2831/1076/2830
f 2832/1073/2831 1115/2726/1115 2058/1634/2058
f 2061/1642/2061 2058/1634/2058 1239/1638/1239
f 2061/1642/2061 1506/2736/1506 2832/1073/2831
f 2062/1643/2062 1627/1072/1627 968/2849/968
f 2065/1651/2065 2062/1643/2062 1240/2725/1240
f 1113/1650/1113 2833/1070/2832 2065/1651/2065
f 2834/1069/2833 1112/1653/1112 2066/2724/2066
f 1241/1656/1241 2834/1069/2833 2066/2724/2066
f 1028/2863/1028 2834/1069/2833 2069/1659/2069
f 2070/1663/2070 1503/1064/1503 2835/1066/2834
f 1110/2459/1110 2836/2947/2835 2071/1665/2071
f 2072/1667/2072 1774/1063/1774 1109/2465/1109
f 2075/1674/2075 2072/1667/2072 1242/1671/1242
f 2075/1674/2075 1419/2712/1419 2837/1061/2836
f 2076/1678/2076 1500/2720/1500 2838/1058/2837
f 2077/1681/2077 1499/2467/1499 2839/1055/2838
f 2840/1054/2839 1106/2469/1106 2078/1682/2078
f 2081/1689/2081 2078/1682/2078 1243/2713/1243
f 1015/2744/1015 2840/1054/2839 2081/1689/2081
f 2841/1049/2840 1105/2706/1105 2082/1691/2082
f 1244/1695/1244 2841/1049/2840 2082/1691/2082
f 1104/2715/1104 2841/1049/2840 2085/1698/2085
f 2842/1046/2841 971/2861/971 2086/1700/2086
f 2089/1707/2089 2086/1700/2086 1245/2705/1245
f 1103/2471/1103 2842/1046/2841 2089/1707/2089
f 2090/2704/2090 1599/1045/1599 940/1710/940
f 1246/1713/1246 2843/1043/2842 2090/2704/2090
f 2093/1717/2093 1492/2481/1492 2843/1043/2842
f 2094/1720/2094 1490/2490/1490 2844/1040/2843
f 2095/2696/2095 1760/1039/1760 1097/1722/1097
f 1247/1725/1247 2845/1037/2844 2095/2696/2095
f 2098/1729/2098 1422/2885/1422 2845/1037/2844
f 1096/1731/1096 2846/1034/2845 2099/1732/2099
f 2100/1735/2100 1487/2494/1487 2847/1031/2846
f 2101/2691/2101 1756/1030/1756 1094/1737/1094
f 1248/1740/1248 2848/1028/2847 2101/2691/2101
f 2104/1744/2104 1423/2683/1423 2848/1028/2847
f 2105/1747/2105 1485/2690/1485 2849/1025/2848
f 2106/1750/2106 1484/2498/1484 2850/1022/2849
f 2107/2687/2107 1752/1021/1752 1091/1752/1091
f 1249/1755/1249 2851/1019/2850 2107/2687/2107
f 2110/1759/2110 1401/2584/1401 2851/1019/2850
f 2111/2684/2111 1751/1018/1751 1090/1761/1090
f 1250/1764/1250 2852/1016/2851 2111/2684/2111
f 2114/1768/2114 1481/2686/1481 2852/1016/2851
f 2853/1015/2852 976/1770/976 2115/2948/2115
f 1251/2678/1251 2853/1015/2852 2115/2948/2115
f 2118/1777/2118 1480/1013/1480 2853/1015/2852
f 2854/1010/2853 937/2613/937 2119/1778/2119
f 2122/1785/2122 2119/1778/2119 1252/1782/1252
f 1085/2508/1085 2854/1010/2853 2122/1785/2122
f 2123/2671/2123 1594/1009/1594 936/1788/936
f 1253/1791/1253 2855/1007/2854 2123/2671/2123
f 2126/1795/2126 1474/2519/1474 2855/1007/2854
f 2127/2664/2127 1742/1006/1742 1081/1797/1081
f 1254/1800/1254 2856/1004/2855 2127/2664/2127
f 2130/1804/2130 1426/2905/1426 2856/1004/2855
f 2131/2660/2131 1741/1003/1741 1080/1806/1080
f 1255/1809/1255 2857/1001/2856 2131/2660/2131
f 2134/1813/2134 1471/2663/1471 2857/1001/2856
f 2135/2655/2135 1587/999/1587 929/1815/929
f 1256/1818/1256 2858/1000/2857 2135/2655/2135
f 2138/1822/2138 1470/998/1470 2858/1000/2857
f 2139/2652/2139 1738/997/1738 1077/1824/1077
f 1257/1827/1257 2859/995/2858 2139/2652/2139
f 2142/1831/2142 1427/2638/1427 2859/995/2858
f 2143/2649/2143 1737/994/1737 1076/1833/1076
f 1258/1836/1258 2860/992/2859 2143/2649/2143
f 2146/1840/2146 1467/2651/1467 2860/992/2859
f 2147/2645/2147 1642/991/1642 981/1842/981
f 1259/1845/1259 2861/989/2860 2147/2645/2147
f 2150/1849/2150 1466/2528/1466 2861/989/2860
f 2151/2642/2151 1734/988/1734 1073/1851/1073
f 1260/1854/1260 2862/986/2861 2151/2642/2151
f 2154/1858/2154 1398/2616/1398 2862/986/2861
f 2155/2639/2155 1733/985/1733 1072/1860/1072
f 1261/1863/1261 2863/983/2862 2155/2639/2155
f 2158/1867/2158 1463/2641/1463 2863/983/2862
f 2159/2634/2159 1643/982/1643 982/1869/982
f 1262/1872/1262 2864/980/2863 2159/2634/2159
f 2162/1876/2162 1462/2533/1462 2864/980/2863
f 2163/2631/2163 1730/979/1730 1069/1878/1069
f 1263/1881/1263 2865/977/2864 2163/2631/2163
f 2166/1885/2166 1430/2917/1430 2865/977/2864
f 2167/2628/2167 1729/976/1729 1068/1887/1068
f 1264/1890/1264 2866/974/2865 2167/2628/2167
f 2170/1894/2170 1459/2630/1459 2866/974/2865
f 2171/2623/2171 1591/973/1591 933/1896/933
f 1265/1899/1265 2867/971/2866 2171/2623/2171
f 2174/1903/2174 1458/2538/1458 2867/971/2866
f 2175/1904/2175 1726/970/1726 1065/2541/1065
f 1266/1908/1266 2868/968/2867 2175/1904/2175
f 2178/1911/2178 1431/2604/1431 2868/968/2867
f 2179/2617/2179 1725/967/1725 1064/1914/1064
f 1267/1917/1267 2869/965/2868 2179/2617/2179
f 2182/1921/2182 1455/2620/1455 2869/965/2868
f 2183/2611/2183 1646/964/1646 985/1923/985
f 1268/1926/1268 2870/962/2869 2183/2611/2183
f 2186/1930/2186 1454/2543/1454 2870/962/2869
f 2188/1931/2188 1722/961/1722 1061/2598/1061
f 1269/1935/1269 2871/959/2870 2188/1931/2188
f 2191/1939/2191 1451/2607/1451 2871/959/2870
f 2872/958/2871 986/1941/986 2192/2601/2192
f 2195/1947/2195 2192/2601/2192 1270/2597/1270
f 1059/2546/1059 2872/958/2871 2195/1947/2195
f 2873/955/2872 1058/2552/1058 2196/1949/2196
f 2199/1956/2199 2196/1949/2196 1271/2594/1271
f 1043/2928/1043 2873/955/2872 2199/1956/2199
f 2874/952/2873 1057/2589/1057 2200/1958/2200
f 2203/1965/2203 2200/1958/2200 1272/2591/1272
f 1056/2596/1056 2874/952/2873 2203/1965/2203
f 2875/949/2874 932/2743/932 2204/1967/2204
f 2207/1974/2207 2204/1967/2204 1273/2588/1273
f 1055/2554/1055 2875/949/2874 2207/1974/2207
f 2876/946/2875 1054/2558/1054 2208/1976/2208
f 2211/1983/2211 2208/1976/2208 1274/1980/1274
f 1044/2573/1044 2876/946/2875 2211/1983/2211
f 2877/943/2876 1053/1986/1053 2212/2585/2212
f 2215/1992/2215 2212/2585/2212 1275/1989/1275
f 1052/2587/1052 2877/943/2876 2215/1992/2215
f 2878/940/2877 989/2592/989 2216/1994/2216
f 2219/2001/2219 2216/1994/2216 1276/2579/1276
f 1051/2560/1051 2878/940/2877 2219/2001/2219
f 2220/2578/2220 1711/937/1711 1050/2004/1050
f 1277/2007/1277 2879/935/2878 2220/2578/2220
f 2223/2011/2223 1392/2648/1392 2879/935/2878
f 2224/2574/2224 1710/934/1710 1049/2013/1049
f 1278/2016/1278 2880/932/2879 2224/2574/2224
f 2227/2020/2227 1439/2577/1439 2880/932/2879
f 2228/2021/2228 1651/931/1651 990/2926/990
f 1279/2025/1279 2881/929/2880 2228/2021/2228
f 2231/2029/2231 1438/2566/1438 2881/929/2880
f 2232/2567/2232 1707/928/1707 1046/2031/1046
f 1280/2034/1280 2882/926/2881 2232/2567/2232
f 2235/2038/2235 1330/2644/1330 2882/926/2881
f 2883/925/2882 1045/2595/1045 2236/2039/2236
f 2239/2046/2239 2236/2039/2236 1281/2557/1281
f 988/2569/988 2883/925/2882 2239/2046/2239
f 2884/922/2883 995/2746/995 2240/2048/2240
f 2243/2055/2243 2240/2048/2240 1282/2551/1282
f 987/2924/987 2884/922/2883 2243/2055/2243
f 2245/2544/2245 1703/918/1703 1042/2058/1042
f 2248/2064/2248 2245/2544/2245 1283/2061/1283
f 984/2599/984 2885/919/2884 2248/2064/2248
f 2886/914/2885 996/2067/996 2249/2539/2249
f 2252/2074/2252 2249/2539/2249 1284/2535/1284
f 983/2073/983 2886/914/2885 2252/2074/2252
f 2253/2534/2253 1700/913/1700 1039/2076/1039
f 1285/2079/1285 2887/911/2886 2253/2534/2253
f 2256/2083/2256 1336/2610/1336 2887/911/2886
f 2257/2529/2257 1699/910/1699 1038/2085/1038
f 1286/2088/1286 2888/908/2887 2257/2529/2257
f 2260/2092/2260 1367/2633/1367 2888/908/2887
f 2889/907/2888 993/2776/993 2261/2093/2261
f 1287/2097/1287 2889/907/2888 2261/2093/2261
f 2264/2101/2264 1366/905/1366 2889/907/2888
f 2265/2520/2265 1659/904/1659 998/2103/998
f 1288/2106/1288 2890/902/2889 2265/2520/2265
f 2268/2110/2268 1365/2899/1365 2890/902/2889
f 2891/899/2890 999/2619/999 2269/2111/2269
f 1289/2504/1289 2891/899/2890 2269/2111/2269
f 2272/2119/2272 1364/2893/1364 2891/899/2890
f 2273/2503/2273 1696/897/1696 1035/2121/1035
f 2276/2127/2276 2273/2503/2273 1290/2124/1290
f 952/2580/952 2892/898/2891 2276/2127/2276
f 2277/2499/2277 1695/895/1695 1034/2130/1034
f 1291/2133/1291 2893/893/2892 2277/2499/2277
f 2280/2137/2280 1362/2679/1362 2893/893/2892
f 2281/2138/2281 1653/892/1653 992/2719/992
f 2284/2145/2284 2281/2138/2281 1292/2142/1292
f 974/2881/974 2894/890/2893 2284/2145/2284
f 2285/2491/2285 1662/889/1662 1001/2148/1001
f 1293/2151/1293 2895/887/2894 2285/2491/2285
f 2288/2155/2288 1360/2878/1360 2895/887/2894
f 2289/2482/2289 1663/886/1663 1002/2157/1002
f 1294/2160/1294 2896/884/2895 2289/2482/2289
f 2292/2164/2292 1359/2871/1359 2896/884/2895
f 2897/883/2896 1031/2166/1031 2293/2473/2293
f 1295/2468/1295 2897/883/2896 2293/2473/2293
f 955/2740/955 2897/883/2896 2296/2172/2296
f 2898/880/2897 1030/2723/1030 2297/2174/2297
f 2300/2181/2300 2297/2174/2297 1296/2178/1296
f 970/2707/970 2898/880/2897 2300/2181/2300
f 1297/2457/1297 2899/2949/2898 2301/2462/2301
f 2304/2188/2304 1356/2858/1356 2899/2949/2898
f 2305/2456/2305 1688/876/1688 1027/2190/1027
f 1298/2193/1298 2900/877/2899 2305/2456/2305
f 2308/2197/2308 1333/875/1333 2900/877/2899
f 2901/874/2900 1026/2758/1026 2309/2198/2309
f 2312/2205/2312 2309/2198/2309 1299/2446/1299
f 966/2727/966 2901/874/2900 2312/2205/2312
f 2316/2212/2316 2313/2950/2313 1300/2439/1300
f 2316/2212/2316 1352/2846/1352 2902/2951/2901
f 2903/871/2902 1023/2842/1023 2317/2213/2317
f 2320/2220/2320 2317/2213/2317 1301/2433/1301
f 956/2800/956 2903/871/2902 2320/2220/2320
f 2904/868/2903 1022/2787/1022 2321/2222/2321
f 2324/2229/2324 2321/2222/2321 1302/2427/1302
f 962/2762/962 2904/868/2903 2324/2229/2324
f 2328/2235/2328 2325/2952/2325 1303/2420/1303
f 961/2835/961 2905/2953/2904 2328/2235/2328
f 2906/865/2905 1019/2817/1019 2330/2237/2330
f 2333/2245/2333 2330/2237/2330 1304/2410/1304
f 2333/2245/2333 1345/863/1345 2906/865/2905
f 2337/2250/2337 2334/2954/2334 1305/2404/1305
f 2337/2250/2337 1344/2823/1344 2907/2955/2906
f 2342/2256/2342 2339/2956/2339 1306/2392/1306
f 942/2811/942 2908/2957/2907 2342/2256/2342
f 2346/2262/2346 2343/2391/2343 1307/2259/1307
f 930/2780/930 2909/2958/2908 2346/2262/2346
f 2350/2269/2350 2347/2959/2347 1308/2379/1308
f 2350/2269/2350 1328/2752/1328 2910/2960/2909
f 2351/2378/2351 1675/862/1675 1014/2271/1014
f 1309/2274/1309 2911/861/2910 2351/2378/2351
f 2354/2278/2354 1318/2670/1318 2911/861/2910
f 2355/2369/2355 1674/860/1674 1013/2280/1013
f 1310/2283/1310 2912/859/2911 2355/2369/2355
f 2358/2287/2358 1326/2703/1326 2912/859/2911
f 2913/858/2912 1006/2714/1006 2359/2288/2359
f 1311/2356/1311 2913/858/2912 2359/2288/2359
f 938/2590/938 2913/858/2912 2362/2295/2362
f 2364/2348/2364 1672/855/1672 1011/2298/1011
f 1312/2301/1312 2914/854/2913 2364/2348/2364
f 2367/2305/2367 1322/2677/1322 2914/854/2913
f 2368/2339/2368 1668/853/1668 1007/2307/1007
f 1313/2310/1313 2915/852/2914 2368/2339/2368
f 2371/2314/2371 1321/2622/1321 2915/852/2914
f 2373/2328/2373 1670/851/1670 1009/2316/1009
f 1314/2319/1314 2916/850/2915 2373/2328/2373
f 2376/2323/2376 1315/2654/1315 2916/850/2915
f 5040/850/5039 2917/609/2916 3439/2654/3438
f 5039/852/5038 2920/727/2919 3445/2622/3444
f 5038/854/5037 2921/723/2920 3446/2677/3445
f 3791/857/3790 3449/856/3448 5037/858/5036
f 5036/859/5035 2922/490/2921 3450/2703/3449
f 5035/861/5034 2918/606/2917 3442/2670/3441
f 3804/864/3803 3469/863/3468 5030/865/5029
f 3807/867/3806 3473/866/3472 5028/868/5027
f 3808/870/3807 3467/869/3466 5027/871/5026
f 5025/874/5024 2939/2728/2938 3477/872/3476
f 3812/876/3811 3457/875/3456 5024/877/5023
f 3815/879/3814 3481/878/3480 5022/880/5021
f 3816/882/3815 3466/881/3465 5021/883/5020
f 3787/886/3786 3483/2871/3482 5020/884/5019
f 3786/889/3785 3484/2878/3483 5019/887/5018
f 5018/890/5017 2924/891/2923 3485/2882/3484
f 5017/893/5016 2941/894/2940 3486/2679/3485
f 3820/897/3819 3463/896/3462 5016/898/5015
f 5015/899/5014 2931/900/2930 3488/2893/3487
f 5014/902/5013 2930/903/2929 3489/2899/3488
f 3778/906/3777 3490/905/3489 5013/907/5012
f 5012/908/5011 2942/909/2941 3491/2633/3490
f 5011/911/5010 2929/912/2928 3460/2610/3459
f 5010/914/5009 2928/915/2927 3494/2912/3493
f 3827/918/3826 3495/917/3494 5009/919/5008
f 3780/921/3779 3498/920/3497 5008/922/5007
f 3830/924/3829 3499/923/3498 5007/925/5006
f 5006/926/5005 2923/927/2922 3454/2644/3453
f 5005/929/5004 3011/930/3010 3562/2566/3561
f 5004/932/5003 3012/933/3011 3563/2577/3562
f 5003/935/5002 2962/936/2961 3516/2648/3515
f 3774/939/3773 3566/938/3565 5002/940/5001
f 3838/942/3837 3567/941/3566 5001/943/5000
f 3839/945/3838 3559/944/3558 5000/946/4999
f 3714/948/3713 3570/947/3569 4999/949/4998
f 3842/951/3841 3571/950/3570 4998/952/4997
f 3843/954/3842 3558/953/3557 4997/955/4996
f 3771/957/3770 3574/956/3573 4996/958/4995
f 4995/959/4994 3015/960/3014 3575/2607/3574
f 4994/962/4993 3006/963/3005 3578/2543/3577
f 4993/965/4992 3016/966/3015 3579/2620/3578
f 4992/968/4991 3005/969/3004 3555/2604/3554
f 3715/973/3714 3582/2538/3581 4991/971/4990
f 4990/974/4989 3017/975/3016 3583/2630/3582
f 4989/977/4988 3004/978/3003 3554/2917/3553
f 4988/980/4987 3003/981/3002 3586/2533/3585
f 4987/983/4986 3018/984/3017 3587/2641/3586
f 4986/986/4985 2968/987/2967 3522/2616/3521
f 4985/989/4984 3002/990/3001 3590/2528/3589
f 4984/992/4983 3019/993/3018 3591/2651/3590
f 3862/997/3861 3551/2638/3550 4983/995/4982
f 3711/999/3710 3594/998/3593 4982/1000/4981
f 4981/1001/4980 3020/1002/3019 3595/2663/3594
f 4980/1004/4979 3000/1005/2999 3550/2905/3549
f 4979/1007/4978 2954/1008/2953 3598/2519/3597
f 4978/1010/4977 2955/1011/2954 3601/2511/3600
f 3761/1014/3760 3604/1013/3603 4977/1015/4976
f 4976/1016/4975 3023/1017/3022 3605/2686/3604
f 4975/1019/4974 2971/1020/2970 3525/2584/3524
f 4974/1022/4973 2996/1023/2995 3608/2498/3607
f 4973/1025/4972 3024/1026/3023 3609/2690/3608
f 4972/1028/4971 2995/1029/2994 3547/2683/3546
f 4971/1031/4970 2946/1032/2945 3611/2494/3610
f 4970/1034/4969 3025/1035/3024 3612/2695/3611
f 4969/1037/4968 2994/1038/2993 3546/2885/3545
f 3722/1042/3721 3614/2490/3613 4968/1040/4967
f 4967/1043/4966 2959/1044/2958 3616/2481/3615
f 4966/1046/4965 2991/1047/2990 3619/2472/3618
f 4965/1049/4964 3028/1050/3027 3620/2716/3619
f 3894/1053/3893 3528/1052/3527 4964/1054/4963
f 4963/1055/4962 2990/1056/2989 3623/2467/3622
f 4962/1058/4961 3029/1059/3028 3624/2720/3623
f 4961/1061/4960 2989/1062/2988 3543/2712/3542
f 3901/1065/3900 3627/1064/3626 4959/1066/4958
f 3902/1068/3901 3542/1067/3541 4958/1069/4957
f 3751/1072/3750 3629/2455/3628 4957/1070/4956
f 4956/1073/4955 3031/1074/3030 3630/2736/3629
f 3906/1078/3905 3519/2774/3518 4955/1076/4954
f 4954/1081/4953 2986/2451/2985 3633/1079/3632
f 4953/1084/4952 3032/2450/3031 3634/1082/3633
f 4952/1087/4951 2985/2448/2984 3539/1085/3538
f 3913/1089/3912 3638/1088/3637 4950/1090/4949
f 4949/1091/4948 2984/1092/2983 3538/2852/3537
f 3747/1095/3746 3641/1094/3640 4948/1096/4947
f 3917/1098/3916 3642/1097/3641 4947/1099/4946
f 3918/1101/3917 3529/1100/3528 4946/1102/4945
f 3746/1104/3745 3645/1103/3644 4945/1105/4944
f 3921/1107/3920 3646/1106/3645 4944/1108/4943
f 3922/1110/3921 3535/1109/3534 4943/1111/4942
f 3925/1113/3924 3650/1112/3649 4941/1114/4940
f 3926/1116/3925 3534/1115/3533 4940/1117/4939
f 4939/1118/4938 2979/1119/2978 3653/2417/3652
f 4938/1121/4937 3037/1122/3036 3654/2798/3653
f 3742/1125/3741 3657/1124/3656 4937/1126/4936
f 4936/1127/4935 3038/1128/3037 3658/2807/3657
f 3933/1131/3932 3531/1130/3530 4935/1132/4934
f 3936/1134/3935 3662/1133/3661 4933/1135/4932
f 4932/1136/4931 2976/1137/2975 3530/2828/3529
f 4930/1139/4929 3040/1140/3039 3666/2832/3665
f 3943/1143/3942 3670/1142/3669 4928/1144/4927
f 3944/1146/3943 3515/1145/3514 4927/1147/4926
f 4925/1148/4924 3042/1149/3041 3674/2855/3673
f 3948/1152/3947 3505/1151/3504 4924/1153/4923
f 3951/1155/3950 3678/1154/3677 4922/1156/4921
f 3952/1158/3951 3514/1157/3513 4921/1159/4920
f 4920/1160/4919 2973/1161/2972 3681/2377/3680
f 4919/1163/4918 2972/1164/2971 3684/2368/3683
f 3727/1167/3726 3687/1166/3686 4918/1168/4917
f 3961/1170/3960 3688/1169/3687 4917/1171/4916
f 3962/1173/3961 3511/1172/3510 4916/1174/4915
f 3734/1176/3733 3691/1175/3690 4915/1177/4914
f 4914/1178/4913 2969/1179/2968 3694/2347/3693
f 4913/1181/4912 2964/1182/2963 3697/2338/3696
f 4912/1184/4911 3049/1185/3048 3698/2908/3697
f 4911/1187/4910 2952/1188/2951 3508/2627/3507
f 3731/1191/3730 3701/1190/3700 4910/1192/4909
f 3974/1194/3973 3702/1193/3701 4909/1195/4908
f 4908/1196/4907 2966/1197/2965 3705/2327/3704
f 4907/1199/4906 3051/1200/3050 3706/2930/3705
f 4906/1202/4905 2945/1203/2944 3502/2659/3501
f 4905/1205/4904 3312/1206/3311 3979/2931/3978
f 4904/1208/4903 3313/1209/3312 3980/2929/3979
f 4903/1211/4902 3115/1212/3114 3776/2658/3775
f 3707/1215/3706 3983/1214/3982 4902/1216/4901
f 3985/1218/3984 3984/1217/3983 4901/1219/4900
f 4900/1220/4899 3310/1221/3309 3976/2927/3975
f 3458/1224/3457 3987/1223/3986 4899/1225/4898
f 3989/1227/3988 3988/1226/3987 4898/1228/4897
f 4897/1229/4896 3309/1230/3308 3975/2326/3974
f 3703/1233/3702 3992/1232/3991 4894/1234/4893
f 3994/1236/3993 3993/1235/3992 4893/1237/4892
f 4892/1238/4891 3307/1239/3306 3973/2915/3972
f 4891/1241/4890 3072/1242/3071 3996/2913/3995
f 4890/1244/4889 3317/1245/3316 3997/2910/3996
f 4889/1247/4888 3306/1248/3305 3972/2329/3971
f 4888/1250/4887 3305/1251/3304 4000/2909/3999
f 4887/1253/4886 3318/1254/3317 4001/2907/4000
f 4886/1256/4885 3121/1257/3120 3782/2626/3781
f 4885/1259/4884 3304/1260/3303 4004/2906/4003
f 4884/1262/4883 3319/1263/3318 4005/2903/4004
f 4883/1265/4882 3303/1266/3302 3969/2904/3968
f 4882/1268/4881 3069/1269/3068 4008/2902/4007
f 4881/1271/4880 3320/1272/3319 4009/2901/4008
f 4880/1274/4879 3302/1275/3301 3968/2337/3967
f 4879/1277/4878 3074/1278/3073 4012/2900/4011
f 4878/1280/4877 3321/1281/3320 4013/2894/4012
f 4877/1283/4876 3299/1284/3298 3965/2344/3964
f 4876/1286/4875 3075/1287/3074 4016/2932/4015
f 4018/1290/4017 4017/1289/4016 4875/1291/4874
f 4874/1292/4873 3297/1293/3296 3963/2350/3962
f 4873/1295/4872 3296/1296/3295 4020/2933/4019
f 4022/1299/4021 4021/1298/4020 4872/1300/4871
f 4023/1302/4022 3785/1301/3784 4871/1303/4870
f 4870/1304/4869 3295/1305/3294 4024/2886/4023
f 4869/1307/4868 3324/1308/3323 4025/2883/4024
f 4868/1310/4867 3294/1311/3293 3960/2884/3959
f 3455/1314/3454 4028/1313/4027 4867/1315/4866
f 4866/1316/4865 3325/1317/3324 4029/2880/4028
f 4865/1319/4864 3293/1320/3292 3959/2358/3958
f 4864/1322/4863 3077/1323/3076 4032/2879/4031
f 4863/1325/4862 3326/1326/3325 4033/2873/4032
f 4862/1328/4861 3290/1329/3289 3956/2365/3955
f 3465/1333/3464 4036/2872/4035 4861/1331/4860
f 4038/1336/4037 4037/2866/4036 4860/1334/4859
f 4859/1337/4858 3287/1338/3286 3953/2374/3952
f 4858/1342/4857 3286/2380/3285 4040/1340/4039
f 4042/1344/4041 4041/1343/4040 4857/1345/4856
f 4043/1347/4042 3788/1346/3787 4856/1348/4855
f 4855/1349/4854 3285/1350/3284 4044/2864/4043
f 4046/1353/4045 4045/1352/4044 4854/1354/4853
f 4853/1355/4852 3284/1356/3283 3950/2862/3949
f 4050/1359/4049 4049/1358/4048 4851/1360/4850
f 4850/1361/4849 3283/1362/3282 3949/2382/3948
f 4849/1364/4848 3282/1365/3281 4052/2936/4051
f 4054/1368/4053 4053/1367/4052 4848/1369/4847
f 4847/1370/4846 3118/1371/3117 3779/2785/3778
f 4846/1373/4845 3281/1374/3280 4056/2853/4055
f 4058/1377/4057 4057/1376/4056 4845/1378/4844
f 4844/1379/4843 3280/1380/3279 3946/2850/3945
f 4842/1382/4841 3333/1383/3332 4061/2844/4060
f 4841/1385/4840 3279/1386/3278 3945/2388/3944
f 3672/1389/3671 4064/1388/4063 4840/1390/4839
f 4066/1392/4065 4065/1391/4064 4839/1393/4838
f 4067/1395/4066 3789/1394/3788 4838/1396/4837
f 3671/1398/3670 4068/1397/4067 4837/1399/4836
f 4070/1401/4069 4069/1400/4068 4836/1402/4835
f 4071/1404/4070 3942/1403/3941 4835/1405/4834
f 4074/1407/4073 4073/1406/4072 4833/1408/4832
f 4075/1410/4074 3941/1409/3940 4832/1411/4831
f 3667/1413/3666 4077/1412/4076 4829/1414/4828
f 4828/1415/4827 3337/1416/3336 4078/2825/4077
f 4080/1419/4079 3939/1418/3938 4827/1420/4826
f 4825/1421/4824 3338/1422/3337 4082/2819/4081
f 4084/1425/4083 3938/1424/3937 4824/1426/4823
f 3664/1428/3663 4085/1427/4084 4823/1429/4822
f 4087/1431/4086 4086/1430/4085 4822/1432/4821
f 4088/1434/4087 3802/1433/3801 4821/1435/4820
f 3663/1437/3662 4089/1436/4088 4820/1438/4819
f 4091/1440/4090 4090/1439/4089 4819/1441/4818
f 4092/1443/4091 3935/1442/3934 4818/1444/4817
f 4095/1446/4094 4094/1445/4093 4816/1447/4815
f 4096/1449/4095 3934/1448/3933 4815/1450/4814
f 4814/1451/4813 3267/1452/3266 4097/2808/4096
f 4099/1456/4098 4098/2806/4097 4813/1454/4812
f 4812/1457/4811 3142/1458/3141 3803/2793/3802
f 4811/1460/4810 3266/1461/3265 4101/2805/4100
f 4810/1463/4809 3343/1464/3342 4102/2803/4101
f 4809/1466/4808 3265/1467/3264 3931/2804/3930
f 3470/1471/3469 4105/2802/4104 4808/1469/4807
f 4107/1473/4106 4106/1472/4105 4807/1474/4806
f 4806/1475/4805 3264/1476/3263 3930/2412/3929
f 4803/1478/4802 3263/1479/3262 4110/2943/4109
f 4112/1482/4111 4111/1481/4110 4802/1483/4801
f 4801/1484/4800 3262/1485/3261 3928/2794/3927
f 3471/1488/3470 4114/1487/4113 4800/1489/4799
f 4116/1491/4115 4115/1490/4114 4799/1492/4798
f 4117/1494/4116 3927/1493/3926 4798/1495/4797
f 3652/1497/3651 4118/1496/4117 4797/1498/4796
f 4120/1500/4119 4119/1499/4118 4796/1501/4795
f 4121/1503/4120 3805/1502/3804 4795/1504/4794
f 3651/1506/3650 4122/1505/4121 4794/1507/4793
f 4124/1509/4123 4123/1508/4122 4793/1510/4792
f 4125/1512/4124 3924/1511/3923 4792/1513/4791
f 4128/1515/4127 4127/1514/4126 4790/1516/4789
f 4129/1518/4128 3923/1517/3922 4789/1519/4788
f 3648/1521/3647 4130/1520/4129 4788/1522/4787
f 4132/1524/4131 4131/1523/4130 4787/1525/4786
f 4133/1527/4132 3806/1526/3805 4786/1528/4785
f 3647/1530/3646 4134/1529/4133 4785/1531/4784
f 4136/1534/4135 4135/2773/4134 4784/1532/4783
f 4137/1536/4136 3920/1535/3919 4783/1537/4782
f 3474/1539/3473 4138/1538/4137 4782/1540/4781
f 4140/1542/4139 4139/1541/4138 4781/1543/4780
f 4141/1545/4140 3919/1544/3918 4780/1546/4779
f 3644/1548/3643 4142/1547/4141 4779/1549/4778
f 4778/1550/4777 3353/1551/3352 4143/2767/4142
f 4777/1553/4776 3140/1554/3139 3801/2768/3800
f 3643/1557/3642 4146/1556/4145 4776/1558/4775
f 4148/1560/4147 4147/1559/4146 4775/1561/4774
f 4774/1564/4773 3250/2769/3249 3916/1562/3915
f 3475/1566/3474 4150/1565/4149 4773/1567/4772
f 4152/1569/4151 4151/1568/4150 4772/1570/4771
f 4153/1572/4152 3915/1571/3914 4771/1573/4770
f 4770/1576/4769 3248/2440/3247 4154/1574/4153
f 4769/1577/4768 3356/1578/3355 4155/2757/4154
f 4768/1582/4767 3148/2851/3147 3809/1580/3808
f 3639/1584/3638 4158/1583/4157 4767/1585/4766
f 4160/1587/4159 4159/1586/4158 4766/1588/4765
f 4765/1589/4764 3246/1590/3245 3912/2759/3911
f 4763/1592/4762 3358/1593/3357 4163/2748/4162
f 4165/1596/4164 3911/1595/3910 4762/1597/4761
f 3636/1599/3635 4166/1598/4165 4761/1600/4760
f 4168/1602/4167 4167/1601/4166 4760/1603/4759
f 4169/1605/4168 3810/1604/3809 4759/1606/4758
f 3635/1608/3634 4170/1607/4169 4758/1609/4757
f 4172/1611/4171 4171/1610/4170 4757/1612/4756
f 4756/1615/4755 3242/2747/3241 3908/1613/3907
f 4755/1618/4754 3091/2755/3090 4174/1616/4173
f 4176/1620/4175 4175/1619/4174 4754/1621/4753
f 4753/1624/4752 3241/2449/3240 3907/1622/3906
f 4752/1625/4751 3240/1626/3239 4178/2737/4177
f 4751/1628/4750 3362/1629/3361 4179/2734/4178
f 4750/1631/4749 3132/1632/3131 3793/2735/3792
f 3631/1635/3630 4182/1634/4181 4749/1636/4748
f 4748/1637/4747 3363/1638/3362 4183/2729/4182
f 4185/1642/4184 3904/2731/3903 4747/1640/4746
f 3479/1644/3478 4186/1643/4185 4746/1645/4745
f 4745/1648/4744 3364/2725/3363 4187/1646/4186
f 4189/1651/4188 3903/2454/3902 4744/1649/4743
f 4743/1652/4742 3236/1653/3235 4190/2724/4189
f 4742/1655/4741 3365/1656/3364 4191/2722/4190
f 4193/1659/4192 3813/1658/3812 4741/1660/4740
f 4740/1661/4739 3235/1662/3234 3900/2721/3899
f 4195/1665/4194 3899/1664/3898 4739/1666/4738
f 3625/1668/3624 4196/1667/4195 4738/1669/4737
f 4737/1670/4736 3366/1671/3365 4197/2718/4196
f 4199/1674/4198 3814/1673/3813 4736/1675/4735
f 4200/1678/4199 3896/2717/3895 4735/1676/4734
f 4734/1679/4733 3231/1680/3230 3895/2466/3894
f 3622/1683/3621 4202/1682/4201 4733/1684/4732
f 4204/1686/4203 4203/1685/4202 4732/1687/4731
f 4205/1689/4204 3800/1688/3799 4731/1690/4730
f 3621/1692/3620 4206/1691/4205 4730/1693/4729
f 4729/1694/4728 3368/1695/3367 4207/2709/4206
f 4209/1698/4208 3892/1697/3891 4728/1699/4727
f 4727/1702/4726 3095/2861/3094 4210/1700/4209
f 4212/1704/4211 4211/1703/4210 4726/1705/4725
f 4213/1707/4212 3891/1706/3890 4725/1708/4724
f 4724/1709/4723 3064/1710/3063 4214/2704/4213
f 4216/1714/4215 4215/2698/4214 4723/1712/4722
f 4722/1715/4721 3224/1716/3223 3888/2478/3887
f 4721/1718/4720 3222/1719/3221 3885/2487/3884
f 4720/1721/4719 3221/1722/3220 4219/2696/4218
f 4221/1726/4220 4220/2693/4219 4719/1724/4718
f 4718/1727/4717 3156/1728/3155 3817/2694/3816
f 4717/1730/4716 3220/1731/3219 3882/2692/3881
f 4716/1733/4715 3219/1734/3218 3881/2493/3880
f 4715/1736/4714 3218/1737/3217 4225/2691/4224
f 4714/1739/4713 3372/1740/3371 4226/2689/4225
f 4713/1742/4712 3157/1743/3156 3818/2682/3817
f 4712/1745/4711 3217/1746/3216 3878/2688/3877
f 4711/1748/4710 3216/1749/3215 3877/2497/3876
f 4710/1751/4709 3215/1752/3214 4231/2687/4230
f 4709/1754/4708 3373/1755/3372 4232/2685/4231
f 4708/1757/4707 3136/1758/3135 3797/2583/3796
f 4707/1760/4706 3214/1761/3213 4235/2684/4234
f 4706/1763/4705 3374/1764/3373 4236/2680/4235
f 4705/1766/4704 3213/1767/3212 3874/2681/3873
f 4704/1769/4703 3100/1770/3099 4239/2948/4238
f 4241/1773/4240 4240/1772/4239 4703/1774/4702
f 4702/1775/4701 3212/1776/3211 3873/2501/3872
f 3448/1779/3447 4243/1778/4242 4701/1780/4700
f 4700/1781/4699 3376/1782/3375 4244/2672/4243
f 4246/1785/4245 3870/1784/3869 4699/1786/4698
f 4698/1787/4697 3060/1788/3059 4247/2671/4246
f 4697/1790/4696 3377/1791/3376 4248/2665/4247
f 4696/1793/4695 3206/1794/3205 3867/2516/3866
f 4695/1796/4694 3205/1797/3204 4251/2664/4250
f 4694/1799/4693 3378/1800/3377 4252/2661/4251
f 4693/1802/4692 3160/1803/3159 3821/2662/3820
f 4692/1805/4691 3204/1806/3203 4255/2660/4254
f 4691/1808/4690 3379/1809/3378 4256/2656/4255
f 4690/1811/4689 3203/1812/3202 3864/2657/3863
f 4689/1814/4688 3053/1815/3052 4259/2655/4258
f 4261/1819/4260 4260/2653/4259 4688/1817/4687
f 4687/1820/4686 3202/1821/3201 3863/2523/3862
f 4686/1823/4685 3201/1824/3200 4263/2652/4262
f 4685/1826/4684 3381/1827/3380 4264/2650/4263
f 4684/1829/4683 3161/1830/3160 3822/2637/3821
f 4683/1832/4682 3200/1833/3199 4267/2649/4266
f 4682/1835/4681 3382/1836/3381 4268/2646/4267
f 4681/1838/4680 3199/1839/3198 3860/2647/3859
f 4680/1841/4679 3105/1842/3104 4271/2645/4270
f 4679/1844/4678 3383/1845/3382 4272/2643/4271
f 4678/1847/4677 3198/1848/3197 3859/2527/3858
f 4677/1850/4676 3197/1851/3196 4275/2642/4274
f 4676/1853/4675 3384/1854/3383 4276/2640/4275
f 4675/1856/4674 3134/1857/3133 3795/2615/3794
f 4674/1859/4673 3196/1860/3195 4279/2639/4278
f 4673/1862/4672 3385/1863/3384 4280/2635/4279
f 4672/1865/4671 3195/1866/3194 3856/2636/3855
f 4671/1868/4670 3106/1869/3105 4283/2634/4282
f 4670/1871/4669 3386/1872/3385 4284/2632/4283
f 4669/1874/4668 3194/1875/3193 3855/2532/3854
f 4668/1877/4667 3193/1878/3192 4287/2631/4286
f 4667/1880/4666 3387/1881/3386 4288/2629/4287
f 4666/1883/4665 3164/1884/3163 3825/2916/3824
f 4665/1886/4664 3192/1887/3191 4291/2628/4290
f 4664/1889/4663 3388/1890/3387 4292/2624/4291
f 4663/1892/4662 3191/1893/3190 3852/2625/3851
f 4662/1895/4661 3057/1896/3056 4295/2623/4294
f 4661/1898/4660 3389/1899/3388 4296/2621/4295
f 4660/1901/4659 3190/1902/3189 3851/2537/3850
f 3581/1905/3580 4299/1904/4298 4659/1906/4658
f 4658/1907/4657 3390/1908/3389 4300/2618/4299
f 4302/1911/4301 3826/1910/3825 4657/1912/4656
f 4656/1913/4655 3188/1914/3187 4303/2617/4302
f 4305/1918/4304 4304/2612/4303 4655/1916/4654
f 4654/1919/4653 3187/1920/3186 3848/2614/3847
f 4653/1922/4652 3109/1923/3108 4307/2611/4306
f 4652/1925/4651 3392/1926/3391 4308/2609/4307
f 4651/1928/4650 3186/1929/3185 3847/2542/3846
f 3576/1932/3575 4312/1931/4311 4648/1933/4647
f 4647/1934/4646 3393/1935/3392 4313/2602/4312
f 4646/1937/4645 3184/1938/3183 3845/2605/3844
f 4645/1940/4644 3110/1941/3109 4316/2601/4315
f 4644/1945/4643 3394/2597/3393 4317/1943/4316
f 4319/1947/4318 3844/1946/3843 4643/1948/4642
f 3573/1950/3572 4320/1949/4319 4642/1951/4641
f 4322/1953/4321 4321/1952/4320 4641/1954/4640
f 4323/1956/4322 3828/1955/3827 4640/1957/4639
f 3572/1959/3571 4324/1958/4323 4639/1960/4638
f 4326/1962/4325 4325/1961/4324 4638/1963/4637
f 4327/1965/4326 3841/1964/3840 4637/1966/4636
f 4636/1969/4635 3056/2743/3055 4328/1967/4327
f 4330/1971/4329 4329/1970/4328 4635/1972/4634
f 4331/1974/4330 3840/1973/3839 4634/1975/4633
f 3569/1977/3568 4332/1976/4331 4633/1978/4632
f 4632/1979/4631 3398/1980/3397 4333/2586/4332
f 4335/1983/4334 3829/1982/3828 4631/1984/4630
f 4630/1985/4629 3177/1986/3176 4336/2585/4335
f 4629/1988/4628 3399/1989/3398 4337/2582/4336
f 4339/1992/4338 3837/1991/3836 4628/1993/4627
f 3500/1995/3499 4340/1994/4339 4627/1996/4626
f 4626/1999/4625 3400/2579/3399 4341/1997/4340
f 4343/2001/4342 3836/2000/3835 4625/2002/4624
f 4624/2003/4623 3174/2004/3173 4344/2578/4343
f 4623/2006/4622 3401/2007/3400 4345/2575/4344
f 4622/2009/4621 3129/2010/3128 3790/2576/3789
f 4621/2012/4620 3173/2013/3172 4348/2574/4347
f 4620/2015/4619 3402/2016/3401 4349/2571/4348
f 4619/2018/4618 3172/2019/3171 3833/2572/3832
f 3501/2022/3500 4352/2021/4351 4618/2023/4617
f 4617/2024/4616 3403/2025/3402 4353/2568/4352
f 4616/2027/4615 3171/2028/3170 3832/2565/3831
f 4615/2030/4614 3170/2031/3169 4356/2567/4355
f 4614/2033/4613 3404/2034/3403 4357/2563/4356
f 4613/2036/4612 3067/2037/3066 3726/2564/3725
f 3560/2040/3559 4360/2039/4359 4612/2041/4611
f 4362/2043/4361 4361/2042/4360 4611/2044/4610
f 4363/2046/4362 3773/2045/3772 4610/2047/4609
f 3506/2049/3505 4364/2048/4363 4609/2050/4608
f 4366/2052/4365 4365/2051/4364 4608/2053/4607
f 4367/2055/4366 3772/2054/3771 4607/2056/4606
f 4604/2057/4603 3166/2058/3165 4369/2544/4368
f 4603/2060/4602 3407/2061/3406 4370/2540/4369
f 4372/2064/4371 3769/2063/3768 4602/2065/4601
f 4601/2066/4600 3120/2067/3119 4373/2539/4372
f 4375/2070/4374 4374/2069/4373 4600/2071/4599
f 4376/2074/4375 3768/2536/3767 4599/2072/4598
f 4598/2075/4597 3163/2076/3162 4377/2534/4376
f 4597/2078/4596 3409/2079/3408 4378/2530/4377
f 4596/2081/4595 3073/2082/3072 3732/2531/3731
f 4595/2084/4594 3162/2085/3161 4381/2529/4380
f 4594/2087/4593 3410/2088/3409 4382/2525/4381
f 4593/2090/4592 3104/2091/3103 3765/2526/3764
f 3504/2094/3503 4385/2093/4384 4592/2095/4591
f 4591/2096/4590 3411/2097/3410 4386/2521/4385
f 4590/2099/4589 3103/2100/3102 3764/2522/3763
f 4589/2102/4588 3122/2103/3121 4389/2520/4388
f 4588/2105/4587 3412/2106/3411 4390/2512/4389
f 4587/2108/4586 3102/2109/3101 3763/2515/3762
f 3510/2112/3509 4393/2111/4392 4586/2113/4585
f 4395/2115/4394 4394/2114/4393 4585/2116/4584
f 4584/2117/4583 3101/2118/3100 3762/2507/3761
f 4583/2120/4582 3159/2121/3158 4397/2503/4396
f 4582/2123/4581 3414/2124/3413 4398/2500/4397
f 4400/2127/4399 3735/2126/3734 4581/2128/4580
f 4580/2129/4579 3158/2130/3157 4401/2499/4400
f 4579/2132/4578 3415/2133/3414 4402/2495/4401
f 4578/2135/4577 3099/2136/3098 3759/2496/3758
f 3503/2139/3502 4405/2138/4404 4577/2140/4576
f 4576/2141/4575 3416/2142/3415 4406/2492/4405
f 4408/2145/4407 3758/2144/3757 4575/2146/4574
f 4574/2147/4573 3125/2148/3124 4409/2491/4408
f 4411/2152/4410 4410/2483/4409 4573/2150/4572
f 4572/2153/4571 3097/2154/3096 3757/2486/3756
f 4571/2156/4570 3126/2157/3125 4413/2482/4412
f 4570/2159/4569 3418/2160/3417 4414/2474/4413
f 4416/2164/4415 3756/2477/3755 4569/2162/4568
f 4568/2165/4567 3155/2166/3154 4417/2473/4416
f 4567/2170/4566 3419/2468/3418 4418/2168/4417
f 4566/2173/4565 3079/2740/3078 3738/2171/3737
f 3544/2175/3543 4421/2174/4420 4565/2176/4564
f 4564/2177/4563 3420/2178/3419 4422/2464/4421
f 4424/2181/4423 3753/2180/3752 4563/2182/4562
f 4427/2184/4426 4426/2183/4425 4561/2185/4560
f 4560/2186/4559 3093/2187/3092 3752/2458/3751
f 4559/2189/4558 3151/2190/3150 4429/2456/4428
f 4558/2192/4557 3422/2193/3421 4430/2452/4429
f 4432/2197/4431 3729/2453/3728 4557/2195/4556
f 4556/2200/4555 3150/2758/3149 4433/2198/4432
f 4435/2202/4434 4434/2201/4433 4555/2203/4554
f 4436/2205/4435 3749/2204/3748 4554/2206/4553
f 4439/2208/4438 4438/2207/4437 4552/2209/4551
f 4551/2210/4550 3089/2211/3088 3748/2441/3747
f 4550/2215/4549 3147/2842/3146 4441/2213/4440
f 4443/2217/4442 4442/2216/4441 4549/2218/4548
f 4444/2220/4443 3739/2219/3738 4548/2221/4547
f 3536/2223/3535 4445/2222/4444 4547/2224/4546
f 4447/2226/4446 4446/2225/4445 4546/2227/4545
f 4448/2229/4447 3745/2228/3744 4545/2230/4544
f 4451/2232/4450 4450/2231/4449 4543/2233/4542
f 4452/2235/4451 3744/2234/3743 4542/2236/4541
f 3532/2238/3531 4454/2237/4453 4539/2239/4538
f 4456/2241/4455 4455/2240/4454 4538/2242/4537
f 4537/2243/4536 3082/2244/3081 3741/2790/3740
f 4460/2247/4459 4459/2246/4458 4535/2248/4534
f 4461/2250/4460 3740/2249/3739 4534/2251/4533
f 4465/2253/4464 4464/2252/4463 4530/2254/4529
f 4466/2256/4465 3725/2255/3724 4529/2257/4528
f 4527/2258/4526 3431/2259/3430 4468/2386/4467
f 4470/2262/4469 3712/2261/3711 4526/2263/4525
f 4473/2265/4472 4472/2264/4471 4524/2266/4523
f 4523/2267/4522 3065/2268/3064 3724/2750/3723
f 4522/2270/4521 3138/2271/3137 4475/2378/4474
f 4521/2273/4520 3433/2274/3432 4476/2370/4475
f 4520/2276/4519 3055/2277/3054 3713/2373/3712
f 3526/2281/3525 4479/2369/4478 4519/2279/4518
f 4518/2282/4517 3434/2283/3433 4480/2361/4479
f 4517/2285/4516 3063/2286/3062 3721/2364/3720
f 4516/2290/4515 3130/2714/3129 4483/2288/4482
f 4485/2292/4484 4484/2291/4483 4515/2293/4514
f 4514/2296/4513 3062/2590/3061 3720/2294/3719
f 4511/2297/4510 3135/2298/3134 4488/2348/4487
f 4510/2300/4509 3436/2301/3435 4489/2340/4488
f 4509/2303/4508 3059/2304/3058 3717/2343/3716
f 4508/2306/4507 3131/2307/3130 4492/2339/4491
f 4507/2309/4506 3437/2310/3436 4493/2335/4492
f 4506/2312/4505 3058/2313/3057 3716/2336/3715
f 4503/2315/4502 3133/2316/3132 4497/2328/4496
f 4502/2318/4501 3438/2319/3437 4498/2324/4497
f 4501/2321/4500 3052/2322/3051 3709/2325/3708
f 4498/2324/4497 4500/2323/4499 4501/2321/4500
f 3312/1206/3311 4501/2321/4500 3978/1204/3977
f 3978/1204/3977 3709/2325/3708 2945/1203/2944
f 3975/2326/3974 4499/2320/4498 4502/2318/4501
f 3051/1200/3050 4502/2318/4501 3708/1207/3707
f 3708/1207/3707 4498/2324/4497 3312/1206/3311
f 3705/2327/3704 3520/2317/3519 4503/2315/4502
f 3309/1230/3308 4503/2315/4502 4499/2320/4498
f 4499/2320/4498 4497/2328/4496 3438/2319/3437
f 3972/2329/3971 4496/2330/4495 4504/2332/4503
f 3050/2331/3049 4504/2332/4503 3704/2920/3703
f 2967/2334/2966 4505/2333/4504 3701/1190/3700
f 3701/1190/3700 4496/2330/4495 3306/1248/3305
f 4493/2335/4492 4495/2314/4494 4506/2312/4505
f 3305/1251/3304 4506/2312/4505 3971/1189/3970
f 3971/1189/3970 3716/2336/3715 2952/1188/2951
f 3968/2337/3967 4494/2311/4493 4507/2309/4506
f 3049/1185/3048 4507/2309/4506 3700/1252/3699
f 3700/1252/3699 4493/2335/4492 3305/1251/3304
f 3697/2338/3696 3518/2308/3517 4508/2306/4507
f 3302/1275/3301 4508/2306/4507 4494/2311/4493
f 4494/2311/4493 4492/2339/4491 3437/2310/3436
f 4489/2340/4488 4491/2305/4490 4509/2303/4508
f 3301/2341/3300 4509/2303/4508 3967/2342/3966
f 3967/2342/3966 3717/2343/3716 2953/2675/2952
f 3965/2344/3964 4490/2302/4489 4510/2300/4509
f 3048/2345/3047 4510/2300/4509 3696/2346/3695
f 3696/2346/3695 4489/2340/4488 3301/2341/3300
f 3694/2347/3693 3523/2299/3522 4511/2297/4510
f 3299/1284/3298 4511/2297/4510 4490/2302/4489
f 4490/2302/4489 4488/2348/4487 3436/2301/3435
f 3297/1293/3296 4512/2349/4511 3963/2350/3962
f 3963/2350/3962 3693/2351/3692 3047/2352/3046
f 3691/1175/3690 3524/2353/3523 4513/2355/4512
f 3297/1293/3296 4513/2355/4512 4487/2961/4486
f 4484/2291/4483 4486/2295/4485 4514/2296/4513
f 3296/1296/3295 4514/2296/4513 3962/1173/3961
f 4514/2296/4513 2956/2357/2955 3962/1173/3961
f 3293/1320/3292 4515/2293/4514 3959/2358/3958
f 3046/2359/3045 4515/2293/4514 3690/1297/3689
f 3690/1297/3689 4484/2291/4483 3296/1296/3295
f 3687/1166/3686 3517/2289/3516 4516/2290/4515
f 3687/1166/3686 4485/2292/4484 3293/1320/3292
f 4485/2292/4484 4483/2288/4482 3435/2356/3434
f 4480/2361/4479 4482/2287/4481 4517/2285/4516
f 3292/2362/3291 4517/2285/4516 3958/2363/3957
f 3958/2363/3957 3721/2364/3720 2957/2702/2956
f 3956/2365/3955 4481/2284/4480 4518/2282/4517
f 3045/2366/3044 4518/2282/4517 3686/2367/3685
f 3686/2367/3685 4480/2361/4479 3292/2362/3291
f 3684/2368/3683 3526/2281/3525 4519/2279/4518
f 3290/1329/3289 4519/2279/4518 4481/2284/4480
f 4481/2284/4480 4479/2369/4478 3434/2283/3433
f 4476/2370/4475 4478/2278/4477 4520/2276/4519
f 3289/2371/3288 4520/2276/4519 3955/2372/3954
f 3955/2372/3954 3713/2373/3712 2949/2668/2948
f 3953/2374/3952 4477/2275/4476 4521/2273/4520
f 3044/2375/3043 4521/2273/4520 3683/2376/3682
f 3683/2376/3682 4476/2370/4475 3289/2371/3288
f 3681/2377/3680 3527/2272/3526 4522/2270/4521
f 3287/1338/3286 4522/2270/4521 4477/2275/4476
f 4477/2275/4476 4475/2378/4474 3433/2274/3432
f 3432/2379/3431 4523/2267/4522 4472/2264/4471
f 4472/2264/4471 3952/1158/3951 3286/2380/3285
f 4523/2267/4522 2960/2381/2959 3952/1158/3951
f 3283/1362/3282 4524/2266/4523 3949/2382/3948
f 3043/2383/3042 4524/2266/4523 3680/1341/3679
f 4524/2266/4523 3286/2380/3285 3680/1341/3679
f 3677/2384/3676 4473/2265/4472 3283/1362/3282
f 4525/2385/4524 3432/2379/3431 4473/2265/4472
f 4468/2386/4467 4470/2262/4469 4526/2263/4525
f 4468/2386/4467 3948/1152/3947 3282/1365/3281
f 4526/2263/4525 2948/2387/2947 3948/1152/3947
f 3945/2388/3944 4469/2260/4468 4527/2258/4526
f 3042/1149/3041 4527/2258/4526 3676/1366/3675
f 3676/1366/3675 4468/2386/4467 3282/1365/3281
f 3279/1386/3278 4528/2389/4527 4469/2260/4468
f 4469/2260/4468 4467/2391/4466 3431/2259/3430
f 3430/2392/3429 4529/2257/4528 4464/2252/4463
f 4464/2252/4463 3944/1146/3943 3278/2393/3277
f 4529/2257/4528 2961/2394/2960 3944/1146/3943
f 3275/2395/3274 4530/2254/4529 3941/1409/3940
f 3941/1409/3940 3672/1389/3671 3041/2396/3040
f 4530/2254/4529 3278/2393/3277 3672/1389/3671
f 3669/2397/3668 4465/2253/4464 3275/2395/3274
f 4531/2398/4530 3430/2392/3429 4465/2253/4464
f 3938/1424/3937 4462/2399/4461 4532/2962/4531
f 3938/1424/3937 3668/2401/3667 3040/1140/3039
f 3272/2400/3271 4533/2402/4532 4462/2399/4461
f 4459/2246/4458 4461/2250/4460 4534/2251/4533
f 3271/2405/3270 4534/2251/4533 3937/1138/3936
f 3937/1138/3936 3740/2249/3739 2976/1137/2975
f 3268/2406/3267 4535/2248/4534 3934/1448/3933
f 3934/1448/3933 3664/1428/3663 3039/2407/3038
f 4535/2248/4534 3271/2405/3270 3664/1428/3663
f 3661/2408/3660 4460/2247/4459 3268/2406/3267
f 4536/2409/4535 3429/2404/3428 4460/2247/4459
f 3428/2410/3427 4537/2243/4536 4455/2240/4454
f 4455/2240/4454 3933/1131/3932 3267/1452/3266
f 4537/2243/4536 2977/2411/2976 3933/1131/3932
f 3930/2412/3929 4456/2241/4455 4538/2242/4537
f 3038/1128/3037 4538/2242/4537 3660/1453/3659
f 3660/1453/3659 4455/2240/4454 3267/1452/3266
f 2978/2413/2977 4539/2239/4538 3657/1124/3656
f 3657/1124/3656 4456/2241/4455 3264/1476/3263
f 4539/2239/4538 3428/2410/3427 4456/2241/4455
f 3927/1493/3926 4453/2414/4452 4540/2963/4539
f 3927/1493/3926 3656/2416/3655 3037/1122/3036
f 3653/2417/3652 3533/2418/3532 4541/2419/4540
f 3261/2415/3260 4541/2419/4540 4453/2414/4452
f 3427/2420/3426 4542/2236/4541 4450/2231/4449
f 4450/2231/4449 3926/1116/3925 3260/2421/3259
f 4542/2236/4541 2980/2422/2979 3926/1116/3925
f 3923/1517/3922 4451/2232/4450 4543/2233/4542
f 3923/1517/3922 3652/1497/3651 3036/2424/3035
f 4543/2233/4542 3260/2421/3259 3652/1497/3651
f 3649/2425/3648 4451/2232/4450 3257/2423/3256
f 4544/2426/4543 3427/2420/3426 4451/2232/4450
f 3426/2427/3425 4545/2230/4544 4446/2225/4445
f 4446/2225/4445 3922/1110/3921 3256/2428/3255
f 4545/2230/4544 2981/2429/2980 3922/1110/3921
f 3253/2430/3252 4546/2227/4545 3919/1544/3918
f 3919/1544/3918 3648/1521/3647 3035/2431/3034
f 4546/2227/4545 3256/2428/3255 3648/1521/3647
f 2982/2432/2981 4547/2224/4546 3645/1103/3644
f 3645/1103/3644 4447/2226/4446 3253/2430/3252
f 4547/2224/4546 3426/2427/3425 4447/2226/4446
f 3425/2433/3424 4548/2221/4547 4442/2216/4441
f 4442/2216/4441 3918/1101/3917 3252/2434/3251
f 4548/2221/4547 2975/2435/2974 3918/1101/3917
f 3249/2436/3248 4549/2218/4548 3915/1571/3914
f 3915/1571/3914 3644/1548/3643 3034/2437/3033
f 4549/2218/4548 3252/2434/3251 3644/1548/3643
f 2983/2438/2982 4550/2215/4549 3641/1094/3640
f 3641/1094/3640 4443/2217/4442 3249/2436/3248
f 4443/2217/4442 4441/2213/4440 3425/2433/3424
f 3424/2439/3423 4551/2210/4550 4438/2207/4437
f 4438/2207/4437 3914/1093/3913 3248/2440/3247
f 3914/1093/3913 3748/2441/3747 2984/1092/2983
f 3245/2442/3244 4552/2209/4551 3911/1595/3910
f 3911/1595/3910 3640/1575/3639 3033/2443/3032
f 4552/2209/4551 3248/2440/3247 3640/1575/3639
f 3637/2444/3636 4439/2208/4438 3245/2442/3244
f 4553/2445/4552 3424/2439/3423 4439/2208/4438
f 3423/2446/3422 4554/2206/4553 4434/2201/4433
f 4434/2201/4433 3910/1086/3909 3244/2447/3243
f 4554/2206/4553 2985/2448/2984 3910/1086/3909
f 3907/1622/3906 4435/2202/4434 4555/2203/4554
f 3032/2450/3031 4555/2203/4554 3636/1599/3635
f 3636/1599/3635 4434/2201/4433 3244/2447/3243
f 3633/1079/3632 3540/2199/3539 4556/2200/4555
f 3241/2449/3240 4556/2200/4555 4435/2202/4434
f 4556/2200/4555 3423/2446/3422 4435/2202/4434
f 4430/2452/4429 4432/2197/4431 4557/2195/4556
f 3240/1626/3239 4557/2195/4556 3906/1078/3905
f 4557/2195/4556 2965/1077/2964 3906/1078/3905
f 3237/1650/3236 4558/2192/4557 3903/2454/3902
f 3903/2454/3902 3632/1627/3631 3031/1074/3030
f 3632/1627/3631 4430/2452/4429 3240/1626/3239
f 3629/2455/3628 3541/2191/3540 4559/2189/4558
f 3629/2455/3628 4431/2194/4430 3237/1650/3236
f 4431/2194/4430 4429/2456/4428 3422/2193/3421
f 4426/2183/4425 4428/2188/4427 4560/2186/4559
f 4426/2183/4425 3902/1068/3901 3236/1653/3235
f 3902/1068/3901 3752/2458/3751 2988/2857/2987
f 3899/1664/3898 4427/2184/4426 4561/2185/4560
f 3899/1664/3898 3628/1654/3627 3030/2460/3029
f 4561/2185/4560 3236/1653/3235 3628/1654/3627
f 3234/2459/3233 4562/2463/4561 4427/2184/4426
f 4427/2184/4426 4425/2462/4424 3421/2457/3420
f 4422/2464/4421 4424/2181/4423 4563/2182/4562
f 3233/2465/3232 4563/2182/4562 3898/1063/3897
f 3898/1063/3897 3753/2180/3752 2989/1062/2988
f 3895/2466/3894 4423/2179/4422 4564/2177/4563
f 3895/2466/3894 3625/1668/3624 3029/1059/3028
f 3625/1668/3624 4422/2464/4421 3233/2465/3232
f 3623/2467/3622 3544/2175/3543 4565/2176/4564
f 3231/1680/3230 4565/2176/4564 4423/2179/4422
f 4565/2176/4564 3420/2178/3419 4423/2179/4422
f 4418/2168/4417 4420/2172/4419 4566/2173/4565
f 4418/2168/4417 3894/1053/3893 3230/2469/3229
f 4566/2173/4565 2974/2470/2973 3894/1053/3893
f 3227/2471/3226 4567/2170/4566 3891/1706/3890
f 3891/1706/3890 3622/1683/3621 3028/1050/3027
f 4567/2170/4566 3230/2469/3229 3622/1683/3621
f 3619/2472/3618 3545/2167/3544 4568/2165/4567
f 3227/2471/3226 4568/2165/4567 4419/2169/4418
f 4419/2169/4418 4417/2473/4416 3419/2468/3418
f 4414/2474/4413 4416/2164/4415 4569/2162/4568
f 3226/2475/3225 4569/2162/4568 3890/2476/3889
f 4569/2162/4568 2992/2869/2991 3890/2476/3889
f 3888/2478/3887 4415/2161/4414 4570/2159/4569
f 3027/2479/3026 4570/2159/4569 3618/2480/3617
f 3618/2480/3617 4414/2474/4413 3226/2475/3225
f 3616/2481/3615 3513/2158/3512 4571/2156/4570
f 3224/1716/3223 4571/2156/4570 4415/2161/4414
f 4415/2161/4414 4413/2482/4412 3418/2160/3417
f 3417/2151/3416 4572/2153/4571 4410/2483/4409
f 4410/2483/4409 3887/2485/3886 3223/2484/3222
f 3887/2485/3886 3757/2486/3756 2993/2876/2992
f 3885/2487/3884 4411/2152/4410 4573/2150/4572
f 3026/2488/3025 4573/2150/4572 3615/2489/3614
f 4573/2150/4572 3223/2484/3222 3615/2489/3614
f 3614/2490/3613 3512/2149/3511 4574/2147/4573
f 3614/2490/3613 4411/2152/4410 3222/1719/3221
f 4411/2152/4410 4409/2491/4408 3417/2151/3416
f 4406/2492/4405 4408/2145/4407 4575/2146/4574
f 3221/1722/3220 4575/2146/4574 3884/1039/3883
f 3884/1039/3883 3758/2144/3757 2994/1038/2993
f 3881/2493/3880 4407/2143/4406 4576/2141/4575
f 3025/1035/3024 4576/2141/4575 3613/1723/3612
f 4576/2141/4575 3221/1722/3220 3613/1723/3612
f 3611/2494/3610 3503/2139/3502 4577/2140/4576
f 3219/1734/3218 4577/2140/4576 4407/2143/4406
f 4407/2143/4406 4405/2138/4404 3416/2142/3415
f 4402/2495/4401 4404/2137/4403 4578/2135/4577
f 3218/1737/3217 4578/2135/4577 3880/1030/3879
f 3880/1030/3879 3759/2496/3758 2995/1029/2994
f 3877/2497/3876 4403/2134/4402 4579/2132/4578
f 3024/1026/3023 4579/2132/4578 3610/1738/3609
f 3610/1738/3609 4402/2495/4401 3218/1737/3217
f 3608/2498/3607 3548/2131/3547 4580/2129/4579
f 3216/1749/3215 4580/2129/4579 4403/2134/4402
f 4403/2134/4402 4401/2499/4400 3415/2133/3414
f 4398/2500/4397 4400/2127/4399 4581/2128/4580
f 3215/1752/3214 4581/2128/4580 3876/1021/3875
f 4581/2128/4580 2971/1020/2970 3876/1021/3875
f 3873/2501/3872 4399/2125/4398 4582/2123/4581
f 3023/1017/3022 4582/2123/4581 3607/1753/3606
f 3607/1753/3606 4398/2500/4397 3215/1752/3214
f 2997/2502/2996 4583/2120/4582 3604/1013/3603
f 3212/1776/3211 4583/2120/4582 4399/2125/4398
f 4399/2125/4398 4397/2503/4396 3414/2124/3413
f 3413/2504/3412 4584/2117/4583 4394/2114/4393
f 4394/2114/4393 3872/2505/3871 3211/2506/3210
f 4584/2117/4583 2998/2891/2997 3872/2505/3871
f 3209/2508/3208 4585/2116/4584 3870/1784/3869
f 3022/2509/3021 4585/2116/4584 3603/2510/3602
f 3603/2510/3602 4394/2114/4393 3211/2506/3210
f 3601/2511/3600 3510/2112/3509 4586/2113/4585
f 3601/2511/3600 4395/2115/4394 3209/2508/3208
f 4586/2113/4585 3413/2504/3412 4395/2115/4394
f 4390/2512/4389 4392/2110/4391 4587/2108/4586
f 3208/2513/3207 4587/2108/4586 3869/2514/3868
f 3869/2514/3868 3763/2515/3762 2999/2897/2998
f 3867/2516/3866 4391/2107/4390 4588/2105/4587
f 3021/2517/3020 4588/2105/4587 3600/2518/3599
f 3600/2518/3599 4390/2512/4389 3208/2513/3207
f 3598/2519/3597 3509/2104/3508 4589/2102/4588
f 3206/1794/3205 4589/2102/4588 4391/2107/4390
f 4391/2107/4390 4389/2520/4388 3412/2106/3411
f 4386/2521/4385 4388/2101/4387 4590/2099/4589
f 3205/1797/3204 4590/2099/4589 3866/1006/3865
f 3866/1006/3865 3764/2522/3763 3000/1005/2999
f 3863/2523/3862 4387/2098/4386 4591/2096/4590
f 3020/1002/3019 4591/2096/4590 3597/1798/3596
f 3597/1798/3596 4386/2521/4385 3205/1797/3204
f 2947/2524/2946 4592/2095/4591 3594/998/3593
f 3594/998/3593 4387/2098/4386 3202/1821/3201
f 4592/2095/4591 3411/2097/3410 4387/2098/4386
f 4382/2525/4381 4384/2092/4383 4593/2090/4592
f 3201/1824/3200 4593/2090/4592 3862/997/3861
f 3862/997/3861 3765/2526/3764 3001/996/3000
f 3859/2527/3858 4383/2089/4382 4594/2087/4593
f 3019/993/3018 4594/2087/4593 3593/1825/3592
f 3593/1825/3592 4382/2525/4381 3201/1824/3200
f 3590/2528/3589 3552/2086/3551 4595/2084/4594
f 3198/1848/3197 4595/2084/4594 4383/2089/4382
f 4383/2089/4382 4381/2529/4380 3410/2088/3409
f 4378/2530/4377 4380/2083/4379 4596/2081/4595
f 3197/1851/3196 4596/2081/4595 3858/988/3857
f 3858/988/3857 3732/2531/3731 2968/987/2967
f 3855/2532/3854 4379/2080/4378 4597/2078/4596
f 3018/984/3017 4597/2078/4596 3589/1852/3588
f 3589/1852/3588 4378/2530/4377 3197/1851/3196
f 3586/2533/3585 3553/2077/3552 4598/2075/4597
f 3194/1875/3193 4598/2075/4597 4379/2080/4378
f 4379/2080/4378 4377/2534/4376 3409/2079/3408
f 3408/2535/3407 4599/2072/4598 4374/2069/4373
f 3193/1878/3192 4599/2072/4598 3854/979/3853
f 3854/979/3853 3768/2536/3767 3004/978/3003
f 3851/2537/3850 4375/2070/4374 4600/2071/4599
f 3017/975/3016 4600/2071/4599 3585/1879/3584
f 3585/1879/3584 4374/2069/4373 3193/1878/3192
f 2951/972/2950 4601/2066/4600 3582/2538/3581
f 3582/2538/3581 4375/2070/4374 3190/1902/3189
f 4601/2066/4600 3408/2535/3407 4375/2070/4374
f 3407/2061/3406 4602/2065/4601 4370/2540/4369
f 3189/2541/3188 4602/2065/4601 3850/970/3849
f 3850/970/3849 3769/2063/3768 3005/969/3004
f 3847/2542/3846 4371/2062/4370 4603/2060/4602
f 3016/966/3015 4603/2060/4602 3581/1905/3580
f 3581/1905/3580 4370/2540/4369 3189/2541/3188
f 3578/2543/3577 3556/2059/3555 4604/2057/4603
f 3186/1929/3185 4604/2057/4603 4371/2062/4370
f 4371/2062/4370 4369/2544/4368 3407/2061/3406
f 3183/2546/3182 4605/2545/4604 3844/1946/3843
f 3015/960/3014 4605/2545/4604 3577/2547/3576
f 3574/956/3573 3557/2548/3556 4606/2550/4605
f 3183/2546/3182 4606/2550/4605 4368/2964/4367
f 3406/2551/3405 4607/2056/4606 4365/2051/4364
f 4365/2051/4364 3843/954/3842 3182/2552/3181
f 4607/2056/4606 3008/2553/3007 3843/954/3842
f 3179/2554/3178 4608/2053/4607 3840/1973/3839
f 3840/1973/3839 3573/1950/3572 3014/2555/3013
f 4608/2053/4607 3182/2552/3181 3573/1950/3572
f 2950/2556/2949 4609/2050/4608 3570/947/3569
f 3570/947/3569 4366/2052/4365 3179/2554/3178
f 4609/2050/4608 3406/2551/3405 4366/2052/4365
f 3405/2557/3404 4610/2047/4609 4361/2042/4360
f 4361/2042/4360 3839/945/3838 3178/2558/3177
f 4610/2047/4609 3009/2559/3008 3839/945/3838
f 3175/2560/3174 4611/2044/4610 3836/2000/3835
f 3836/2000/3835 3569/1977/3568 3013/2561/3012
f 4611/2044/4610 3178/2558/3177 3569/1977/3568
f 3010/2562/3009 4612/2041/4611 3566/938/3565
f 3566/938/3565 4362/2043/4361 3175/2560/3174
f 4612/2041/4611 3405/2557/3404 4362/2043/4361
f 4357/2563/4356 4359/2038/4358 4613/2036/4612
f 3174/2004/3173 4613/2036/4612 3835/937/3834
f 3835/937/3834 3726/2564/3725 2962/936/2961
f 3832/2565/3831 4358/2035/4357 4614/2033/4613
f 3012/933/3011 4614/2033/4613 3565/2005/3564
f 3565/2005/3564 4357/2563/4356 3174/2004/3173
f 3562/2566/3561 3561/2032/3560 4615/2030/4614
f 3171/2028/3170 4615/2030/4614 4358/2035/4357
f 4358/2035/4357 4356/2567/4355 3404/2034/3403
f 4353/2568/4352 4355/2029/4354 4616/2027/4615
f 3173/2013/3172 4616/2027/4615 3834/934/3833
f 3834/934/3833 3832/2565/3831 3012/933/3011
f 3112/2569/3111 4617/2024/4616 3773/2045/3772
f 3773/2045/3772 3564/2014/3563 3009/2559/3008
f 3564/2014/3563 4353/2568/4352 3173/2013/3172
f 2944/2570/2943 4618/2023/4617 3499/923/3498
f 3499/923/3498 4354/2026/4353 3112/2569/3111
f 4618/2023/4617 3403/2025/3402 4354/2026/4353
f 4349/2571/4348 4351/2020/4350 4619/2018/4618
f 3078/1332/3077 4619/2018/4618 3737/1162/3736
f 3737/1162/3736 3833/2572/3832 2973/1161/2972
f 3168/2573/3167 4620/2015/4619 3829/1982/3828
f 3829/1982/3828 3465/1333/3464 2934/885/2933
f 3465/1333/3464 4349/2571/4348 3078/1332/3077
f 3009/2559/3008 4621/2012/4620 3559/944/3558
f 3168/2573/3167 4621/2012/4620 4350/2017/4349
f 4350/2017/4349 4348/2574/4347 3402/2016/3401
f 4345/2575/4344 4347/2011/4346 4622/2009/4621
f 3138/2271/3137 4622/2009/4621 3799/862/3798
f 3799/862/3798 3790/2576/3789 2918/606/2917
f 3833/2572/3832 4346/2008/4345 4623/2006/4622
f 2973/1161/2972 4623/2006/4622 3527/2272/3526
f 3527/2272/3526 4345/2575/4344 3138/2271/3137
f 3563/2577/3562 3565/2005/3564 4624/2003/4623
f 3172/2019/3171 4624/2003/4623 4346/2008/4345
f 4346/2008/4345 4344/2578/4343 3401/2007/3400
f 4341/1997/4340 4343/2001/4342 4625/2002/4624
f 4341/1997/4340 3838/942/3837 3177/1986/3176
f 4625/2002/4624 3013/2561/3012 3838/942/3837
f 3735/2126/3734 4342/1998/4341 4626/1999/4625
f 2971/1020/2970 4626/1999/4625 3568/1987/3567
f 3568/1987/3567 4341/1997/4340 3177/1986/3176
f 2932/2581/2931 4627/1996/4626 3463/896/3462
f 3463/896/3462 4342/1998/4341 3076/2580/3075
f 4342/1998/4341 4340/1994/4339 3400/2579/3399
f 4337/2582/4336 4339/1992/4338 4628/1993/4627
f 3064/1710/3063 4628/1993/4627 3723/1045/3722
f 3723/1045/3722 3837/1991/3836 2959/1044/2958
f 3797/2583/3796 4338/1990/4337 4629/1988/4628
f 2922/490/2921 4629/1988/4628 3451/1711/3450
f 3451/1711/3450 4337/2582/4336 3064/1710/3063
f 3525/2584/3524 3568/1987/3567 4630/1985/4629
f 3136/1758/3135 4630/1985/4629 4338/1990/4337
f 4338/1990/4337 4336/2585/4335 3399/1989/3398
f 4333/2586/4332 4335/1983/4334 4631/1984/4630
f 3126/2157/3125 4631/1984/4630 3787/886/3786
f 4631/1984/4630 2934/885/2933 3787/886/3786
f 3176/2587/3175 4632/1979/4631 3837/1991/3836
f 2959/1044/2958 4632/1979/4631 3513/2158/3512
f 3513/2158/3512 4333/2586/4332 3126/2157/3125
f 3013/2561/3012 4633/1978/4632 3567/941/3566
f 3567/941/3566 4334/1981/4333 3176/2587/3175
f 4633/1978/4632 3398/1980/3397 4334/1981/4333
f 3397/2588/3396 4634/1975/4633 4329/1970/4328
f 4329/1970/4328 3842/951/3841 3181/2589/3180
f 4634/1975/4633 3014/2555/3013 3842/951/3841
f 3062/2590/3061 4635/1972/4634 3720/2294/3719
f 3720/2294/3719 3572/1959/3571 2956/2357/2955
f 4635/1972/4634 3181/2589/3180 3572/1959/3571
f 2919/493/2918 4636/1969/4635 3449/856/3448
f 3449/856/3448 4330/1971/4329 3062/2590/3061
f 4330/1971/4329 4328/1967/4327 3397/2588/3396
f 3396/2591/3395 4637/1966/4636 4325/1961/4324
f 4325/1961/4324 3774/939/3773 3113/2592/3112
f 4637/1966/4636 3010/2562/3009 3774/939/3773
f 3124/2593/3123 4638/1963/4637 3785/1301/3784
f 3785/1301/3784 3500/1995/3499 2932/2581/2931
f 4638/1963/4637 3113/2592/3112 3500/1995/3499
f 2956/2357/2955 4639/1960/4638 3511/1172/3510
f 3511/1172/3510 4326/1962/4325 3124/2593/3123
f 4326/1962/4325 4324/1958/4323 3396/2591/3395
f 3395/2594/3394 4640/1957/4639 4321/1952/4320
f 4321/1952/4320 3830/924/3829 3169/2595/3168
f 4640/1957/4639 2944/2570/2943 3830/924/3829
f 3180/2596/3179 4641/1954/4640 3841/1964/3840
f 3841/1964/3840 3560/2040/3559 3010/2562/3009
f 4641/1954/4640 3169/2595/3168 3560/2040/3559
f 3014/2555/3013 4642/1951/4641 3571/950/3570
f 3571/950/3570 4322/1953/4321 3180/2596/3179
f 4642/1951/4641 3395/2594/3394 4322/1953/4321
f 3394/2597/3393 4643/1948/4642 4317/1943/4316
f 3185/2598/3184 4643/1948/4642 3846/961/3845
f 4643/1948/4642 3015/960/3014 3846/961/3845
f 3769/2063/3768 4318/1944/4317 4644/1945/4643
f 3769/2063/3768 3576/1932/3575 3005/969/3004
f 4644/1945/4643 3185/2598/3184 3576/1932/3575
f 2943/2600/2942 4645/1940/4644 3495/917/3494
f 3108/2599/3107 4645/1940/4644 4318/1944/4317
f 4318/1944/4317 4316/2601/4315 3394/2597/3393
f 4313/2602/4312 4315/1939/4314 4646/1937/4645
f 4313/2602/4312 3734/1176/3733 3075/1287/3074
f 4646/1937/4645 2970/2354/2969 3734/1176/3733
f 3826/1910/3825 4314/1936/4313 4647/1934/4646
f 2931/900/2930 4647/1934/4646 3462/1288/3461
f 3462/1288/3461 4313/2602/4312 3075/1287/3074
f 3005/969/3004 4648/1933/4647 3555/2604/3554
f 3165/2603/3164 4648/1933/4647 4314/1936/4313
f 4648/1933/4647 3393/1935/3392 4314/1936/4313
f 3845/2605/3844 4311/2606/4310 4649/2965/4648
f 3845/2605/3844 3524/2353/3523 2970/2354/2969
f 3575/2607/3574 3577/2547/3576 4650/2608/4649
f 3184/1938/3183 4650/2608/4649 4311/2606/4310
f 4308/2609/4307 4310/1930/4309 4651/1928/4650
f 4308/2609/4307 3849/967/3848 3188/1914/3187
f 4651/1928/4650 3016/966/3015 3849/967/3848
f 3732/2531/3731 4309/1927/4308 4652/1925/4651
f 2968/987/2967 4652/1925/4651 3580/1915/3579
f 3580/1915/3579 4308/2609/4307 3188/1914/3187
f 3460/2610/3459 3496/1924/3495 4653/1922/4652
f 3073/2082/3072 4653/1922/4652 4309/1927/4308
f 4309/1927/4308 4307/2611/4306 3392/1926/3391
f 4304/2612/4303 4306/1921/4305 4654/1919/4653
f 3061/2613/3060 4654/1919/4653 3719/1012/3718
f 3719/1012/3718 3848/2614/3847 2955/1011/2954
f 3795/2615/3794 4305/1918/4304 4655/1916/4654
f 2921/723/2920 4655/1916/4654 3448/1779/3447
f 4655/1916/4654 3061/2613/3060 3448/1779/3447
f 3522/2616/3521 3580/1915/3579 4656/1913/4655
f 3134/1857/3133 4656/1913/4655 4305/1918/4304
f 4305/1918/4304 4303/2617/4302 3391/1917/3390
f 3390/1908/3389 4657/1912/4656 4300/2618/4299
f 4300/2618/4299 3784/901/3783 3123/2619/3122
f 4657/1912/4656 2931/900/2930 3784/901/3783
f 3187/1920/3186 4658/1907/4657 3848/2614/3847
f 2955/1011/2954 4658/1907/4657 3510/2112/3509
f 3510/2112/3509 4300/2618/4299 3123/2619/3122
f 3016/966/3015 4659/1906/4658 3579/2620/3578
f 3579/2620/3578 4301/1909/4300 3187/1920/3186
f 4659/1906/4658 3390/1908/3389 4301/1909/4300
f 4296/2621/4295 4298/1903/4297 4660/1901/4659
f 3192/1887/3191 4660/1901/4659 3853/976/3852
f 3853/976/3852 3851/2537/3850 3017/975/3016
f 3716/2336/3715 4297/1900/4296 4661/1898/4660
f 2952/1188/2951 4661/1898/4660 3584/1888/3583
f 3584/1888/3583 4296/2621/4295 3192/1887/3191
f 3445/2622/3444 3444/1897/3443 4662/1895/4661
f 3058/2313/3057 4662/1895/4661 4297/1900/4296
f 4297/1900/4296 4295/2623/4294 3389/1899/3388
f 4292/2624/4291 4294/1894/4293 4663/1892/4662
f 3109/1923/3108 4663/1892/4662 3770/964/3769
f 3770/964/3769 3852/2625/3851 3006/963/3005
f 3782/2626/3781 4293/1891/4292 4664/1889/4663
f 2929/912/2928 4664/1889/4663 3496/1924/3495
f 3496/1924/3495 4292/2624/4291 3109/1923/3108
f 3508/2627/3507 3584/1888/3583 4665/1886/4664
f 3121/1257/3120 4665/1886/4664 4293/1891/4292
f 4293/1891/4292 4291/2628/4290 3388/1890/3387
f 3387/1881/3386 4666/1883/4665 4288/2629/4287
f 3166/2058/3165 4666/1883/4665 3827/918/3826
f 4666/1883/4665 2943/2600/2942 3827/918/3826
f 3852/2625/3851 4289/1882/4288 4667/1880/4666
f 3006/963/3005 4667/1880/4666 3556/2059/3555
f 3556/2059/3555 4288/2629/4287 3166/2058/3165
f 3583/2630/3582 3585/1879/3584 4668/1877/4667
f 3191/1893/3190 4668/1877/4667 4289/1882/4288
f 4289/1882/4288 4287/2631/4286 3387/1881/3386
f 4284/2632/4283 4286/1876/4285 4669/1874/4668
f 3196/1860/3195 4669/1874/4668 3857/985/3856
f 3857/985/3856 3855/2532/3854 3018/984/3017
f 3765/2526/3764 4285/1873/4284 4670/1871/4669
f 3765/2526/3764 3588/1861/3587 3001/996/3000
f 3588/1861/3587 4284/2632/4283 3196/1860/3195
f 3491/2633/3490 3493/1870/3492 4671/1868/4670
f 3104/2091/3103 4671/1868/4670 4285/1873/4284
f 4285/1873/4284 4283/2634/4282 3386/1872/3385
f 4280/2635/4279 4282/1867/4281 4672/1865/4671
f 3074/1278/3073 4672/1865/4671 3733/1180/3732
f 3733/1180/3732 3856/2636/3855 2969/1179/2968
f 3822/2637/3821 4281/1864/4280 4673/1862/4672
f 2930/903/2929 4673/1862/4672 3461/1279/3460
f 3461/1279/3460 4280/2635/4279 3074/1278/3073
f 3001/996/3000 4674/1859/4673 3551/2638/3550
f 3161/1830/3160 4674/1859/4673 4281/1864/4280
f 4281/1864/4280 4279/2639/4278 3385/1863/3384
f 4276/2640/4275 4278/1858/4277 4675/1856/4674
f 3135/2298/3134 4675/1856/4674 3796/855/3795
f 3796/855/3795 3795/2615/3794 2921/723/2920
f 3856/2636/3855 4277/1855/4276 4676/1853/4675
f 2969/1179/2968 4676/1853/4675 3523/2299/3522
f 3523/2299/3522 4276/2640/4275 3135/2298/3134
f 3587/2641/3586 3589/1852/3588 4677/1850/4676
f 3587/2641/3586 4277/1855/4276 3195/1866/3194
f 4277/1855/4276 4275/2642/4274 3384/1854/3383
f 4272/2643/4271 4274/1849/4273 4678/1847/4677
f 3200/1833/3199 4678/1847/4677 3861/994/3860
f 3861/994/3860 3859/2527/3858 3019/993/3018
f 3726/2564/3725 4273/1846/4272 4679/1844/4678
f 2962/936/2961 4679/1844/4678 3592/1834/3591
f 3592/1834/3591 4272/2643/4271 3200/1833/3199
f 3454/2644/3453 3492/1843/3491 4680/1841/4679
f 3067/2037/3066 4680/1841/4679 4273/1846/4272
f 4273/1846/4272 4271/2645/4270 3383/1845/3382
f 4268/2646/4267 4270/1840/4269 4681/1838/4680
f 3060/1788/3059 4681/1838/4680 3718/1009/3717
f 3718/1009/3717 3860/2647/3859 2954/1008/2953
f 3790/2576/3789 4269/1837/4268 4682/1835/4681
f 2918/606/2917 4682/1835/4681 3447/1789/3446
f 3447/1789/3446 4268/2646/4267 3060/1788/3059
f 3516/2648/3515 3592/1834/3591 4683/1832/4682
f 3129/2010/3128 4683/1832/4682 4269/1837/4268
f 4269/1837/4268 4267/2649/4266 3382/1836/3381
f 3381/1827/3380 4684/1829/4683 4264/2650/4263
f 3122/2103/3121 4684/1829/4683 3783/904/3782
f 3783/904/3782 3822/2637/3821 2930/903/2929
f 3860/2647/3859 4265/1828/4264 4685/1826/4684
f 2954/1008/2953 4685/1826/4684 3509/2104/3508
f 3509/2104/3508 4264/2650/4263 3122/2103/3121
f 3591/2651/3590 3593/1825/3592 4686/1823/4685
f 3199/1839/3198 4686/1823/4685 4265/1828/4264
f 4265/1828/4264 4263/2652/4262 3381/1827/3380
f 3380/1818/3379 4687/1820/4686 4260/2653/4259
f 3204/1806/3203 4687/1820/4686 3865/1003/3864
f 3865/1003/3864 3863/2523/3862 3020/1002/3019
f 3709/2325/3708 4261/1819/4260 4688/1817/4687
f 2945/1203/2944 4688/1817/4687 3596/1807/3595
f 3596/1807/3595 4260/2653/4259 3204/1806/3203
f 3439/2654/3438 3440/1816/3439 4689/1814/4688
f 3052/2322/3051 4689/1814/4688 4261/1819/4260
f 4689/1814/4688 3380/1818/3379 4261/1819/4260
f 4256/2656/4255 4258/1813/4257 4690/1811/4689
f 3105/1842/3104 4690/1811/4689 3766/991/3765
f 3766/991/3765 3864/2657/3863 3002/990/3001
f 3776/2658/3775 4257/1810/4256 4691/1808/4690
f 2923/927/2922 4691/1808/4690 3492/1843/3491
f 3492/1843/3491 4256/2656/4255 3105/1842/3104
f 3502/2659/3501 3596/1807/3595 4692/1805/4691
f 3115/1212/3114 4692/1805/4691 4257/1810/4256
f 4257/1810/4256 4255/2660/4254 3379/1809/3378
f 4252/2661/4251 4254/1804/4253 4693/1802/4692
f 3162/2085/3161 4693/1802/4692 3823/910/3822
f 3823/910/3822 3821/2662/3820 2942/909/2941
f 3864/2657/3863 4253/1801/4252 4694/1799/4693
f 3002/990/3001 4694/1799/4693 3552/2086/3551
f 3552/2086/3551 4252/2661/4251 3162/2085/3161
f 3595/2663/3594 3597/1798/3596 4695/1796/4694
f 3203/1812/3202 4695/1796/4694 4253/1801/4252
f 4253/1801/4252 4251/2664/4250 3378/1800/3377
f 4248/2665/4247 4250/1795/4249 4696/1793/4695
f 3207/2666/3206 4696/1793/4695 3868/2667/3867
f 3868/2667/3867 3867/2516/3866 3021/2517/3020
f 3713/2373/3712 4249/1792/4248 4697/1790/4696
f 2949/2668/2948 4697/1790/4696 3599/2669/3598
f 3599/2669/3598 4248/2665/4247 3207/2666/3206
f 3442/2670/3441 3447/1789/3446 4698/1787/4697
f 3055/2277/3054 4698/1787/4697 4249/1792/4248
f 4249/1792/4248 4247/2671/4246 3377/1791/3376
f 4244/2672/4243 4246/1785/4245 4699/1786/4698
f 3210/2673/3209 4699/1786/4698 3871/2674/3870
f 3871/2674/3870 3870/1784/3869 3022/2509/3021
f 3717/2343/3716 4245/1783/4244 4700/1781/4699
f 2953/2675/2952 4700/1781/4699 3602/2676/3601
f 3602/2676/3601 4244/2672/4243 3210/2673/3209
f 3446/2677/3445 3448/1779/3447 4701/1780/4700
f 3059/2304/3058 4701/1780/4700 4245/1783/4244
f 4245/1783/4244 4243/1778/4242 3376/1782/3375
f 3375/2678/3374 4702/1775/4701 4240/1772/4239
f 3214/1761/3213 4702/1775/4701 3875/1018/3874
f 4702/1775/4701 3023/1017/3022 3875/1018/3874
f 3759/2496/3758 4241/1773/4240 4703/1774/4702
f 2995/1029/2994 4703/1774/4702 3606/1762/3605
f 3606/1762/3605 4240/1772/4239 3214/1761/3213
f 3486/2679/3485 3487/1771/3486 4704/1769/4703
f 3486/2679/3485 4241/1773/4240 3099/2136/3098
f 4704/1769/4703 3375/2678/3374 4241/1773/4240
f 4236/2680/4235 4238/1768/4237 4705/1766/4704
f 3077/1323/3076 4705/1766/4704 3736/1165/3735
f 3736/1165/3735 3874/2681/3873 2972/1164/2971
f 3818/2682/3817 4237/1765/4236 4706/1763/4705
f 3818/2682/3817 3464/1324/3463 2933/888/2932
f 3464/1324/3463 4236/2680/4235 3077/1323/3076
f 3547/2683/3546 3606/1762/3605 4707/1760/4706
f 3157/1743/3156 4707/1760/4706 4237/1765/4236
f 4237/1765/4236 4235/2684/4234 3374/1764/3373
f 4232/2685/4231 4234/1759/4233 4708/1757/4707
f 3137/2280/3136 4708/1757/4707 3798/860/3797
f 3798/860/3797 3797/2583/3796 2922/490/2921
f 3874/2681/3873 4233/1756/4232 4709/1754/4708
f 2972/1164/2971 4709/1754/4708 3526/2281/3525
f 4709/1754/4708 3137/2280/3136 3526/2281/3525
f 3023/1017/3022 4710/1751/4709 3605/2686/3604
f 3213/1767/3212 4710/1751/4709 4233/1756/4232
f 4233/1756/4232 4231/2687/4230 3373/1755/3372
f 3879/1027/3878 3877/2497/3876 3024/1026/3023
f 4712/1745/4711 2958/1041/2957 3722/1042/3721
f 3372/1740/3371 4713/1742/4712 4226/2689/4225
f 3125/2148/3124 4713/1742/4712 3786/889/3785
f 4713/1742/4712 2933/888/2932 3786/889/3785
f 3878/2688/3877 4227/1741/4226 4714/1739/4713
f 2958/1041/2957 4714/1739/4713 3512/2149/3511
f 3512/2149/3511 4226/2689/4225 3125/2148/3124
f 3024/1026/3023 4715/1736/4714 3609/2690/3608
f 3217/1746/3216 4715/1736/4714 4227/1741/4226
f 4715/1736/4714 3372/1740/3371 4227/1741/4226
f 3883/1036/3882 3881/2493/3880 3025/1035/3024
f 3760/1024/3759 3882/2692/3881 2996/1023/2995
f 4220/2693/4219 4222/1729/4221 4718/1727/4717
f 4220/2693/4219 3819/895/3818 3158/2130/3157
f 3819/895/3818 3817/2694/3816 2941/894/2940
f 3220/1731/3219 4719/1724/4718 3882/2692/3881
f 2996/1023/2995 4719/1724/4718 3548/2131/3547
f 4719/1724/4718 3158/2130/3157 3548/2131/3547
f 3612/2695/3611 3613/1723/3612 4720/1721/4719
f 3220/1731/3219 4720/1721/4719 4221/1726/4220
f 4221/1726/4220 4219/2696/4218 3371/1725/3370
f 3886/2697/3885 3885/2487/3884 3026/2488/3025
f 4215/2698/4214 4217/1717/4216 4722/1715/4721
f 3225/2699/3224 4722/1715/4721 3889/2700/3888
f 3889/2700/3888 3888/2478/3887 3027/2479/3026
f 3063/2286/3062 4723/1712/4722 3721/2364/3720
f 3721/2364/3720 3617/2701/3616 2957/2702/2956
f 4723/1712/4722 3225/2699/3224 3617/2701/3616
f 3450/2703/3449 3451/1711/3450 4724/1709/4723
f 3063/2286/3062 4724/1709/4723 4216/1714/4215
f 4216/1714/4215 4214/2704/4213 3370/1713/3369
f 4211/1703/4210 4213/1707/4212 4725/1708/4724
f 3229/2706/3228 4725/1708/4724 3893/1051/3892
f 4725/1708/4724 3028/1050/3027 3893/1051/3892
f 3094/2707/3093 4726/1705/4725 3753/2180/3752
f 3753/2180/3752 3621/1692/3620 2989/1062/2988
f 4726/1705/4725 3229/2706/3228 3621/1692/3620
f 3481/878/3480 3482/1701/3481 4727/1702/4726
f 3481/878/3480 4212/1704/4211 3094/2707/3093
f 4212/1704/4211 4210/1700/4209 3369/2705/3368
f 3368/1695/3367 4728/1699/4727 4207/2709/4206
f 4207/2709/4206 3727/1167/3726 3068/2710/3067
f 3727/1167/3726 3892/1697/3891 2963/2360/2962
f 3814/1673/3813 4208/1696/4207 4729/1694/4728
f 3814/1673/3813 3455/1314/3454 2924/891/2923
f 4729/1694/4728 3068/2710/3067 3455/1314/3454
f 3543/2712/3542 3621/1692/3620 4730/1693/4729
f 3153/2711/3152 4730/1693/4729 4208/1696/4207
f 4208/1696/4207 4206/1691/4205 3368/1695/3367
f 3367/2713/3366 4731/1690/4730 4203/1685/4202
f 4203/1685/4202 3791/857/3790 3130/2714/3129
f 3791/857/3790 3800/1688/3799 2919/493/2918
f 3228/2715/3227 4732/1687/4731 3892/1697/3891
f 2963/2360/2962 4732/1687/4731 3517/2289/3516
f 4732/1687/4731 3130/2714/3129 3517/2289/3516
f 3028/1050/3027 4733/1684/4732 3620/2716/3619
f 3620/2716/3619 4204/1686/4203 3228/2715/3227
f 4733/1684/4732 3367/2713/3366 4204/1686/4203
f 4734/1679/4733 3029/1059/3028 3897/1060/3896
f 3710/1033/3709 3896/2717/3895 2946/1032/2945
f 4197/2718/4196 4199/1674/4198 4736/1675/4735
f 3116/2719/3115 4736/1675/4735 3777/892/3776
f 3777/892/3776 3814/1673/3813 2924/891/2923
f 3896/2717/3895 4198/1672/4197 4737/1670/4736
f 3896/2717/3895 3503/2139/3502 2946/1032/2945
f 4737/1670/4736 3116/2719/3115 3503/2139/3502
f 3029/1059/3028 4738/1669/4737 3624/2720/3623
f 3232/1677/3231 4738/1669/4737 4198/1672/4197
f 4738/1669/4737 3366/1671/3365 4198/1672/4197
f 3901/1065/3900 3899/1664/3898 3030/2460/3029
f 3754/1057/3753 3900/2721/3899 2990/1056/2989
f 3365/1656/3364 4741/1660/4740 4191/2722/4190
f 4191/2722/4190 3815/879/3814 3154/2723/3153
f 4741/1660/4740 2940/2708/2939 3815/879/3814
f 3900/2721/3899 4192/1657/4191 4742/1655/4741
f 2990/1056/2989 4742/1655/4741 3544/2175/3543
f 4742/1655/4741 3154/2723/3153 3544/2175/3543
f 3627/1064/3626 3628/1654/3627 4743/1652/4742
f 3235/1662/3234 4743/1652/4742 4192/1657/4191
f 4192/1657/4191 4190/2724/4189 3365/1656/3364
f 4187/1646/4186 4189/1651/4188 4744/1649/4743
f 4187/1646/4186 3905/1075/3904 3239/2726/3238
f 3905/1075/3904 3903/2454/3902 3031/1074/3030
f 3090/2727/3089 4745/1648/4744 3749/2204/3748
f 3749/2204/3748 3631/1635/3630 2985/2448/2984
f 4745/1648/4744 3239/2726/3238 3631/1635/3630
f 3477/872/3476 3479/1644/3478 4746/1645/4745
f 3090/2727/3089 4746/1645/4745 4188/1647/4187
f 4188/1647/4187 4186/1643/4185 3364/2725/3363
f 4183/2729/4182 4185/1642/4184 4747/1640/4746
f 3071/2730/3070 4747/1640/4746 3730/1198/3729
f 4747/1640/4746 2966/1197/2965 3730/1198/3729
f 3149/2732/3148 4748/1637/4747 3810/1604/3809
f 3810/1604/3809 3458/1224/3457 2927/2733/2926
f 3458/1224/3457 4183/2729/4182 3071/2730/3070
f 2985/2448/2984 4749/1636/4748 3539/1085/3538
f 3539/1085/3538 4184/1639/4183 3149/2732/3148
f 4749/1636/4748 3363/1638/3362 4184/1639/4183
f 4179/2734/4178 4181/1633/4180 4750/1631/4749
f 3133/2316/3132 4750/1631/4749 3794/851/3793
f 3794/851/3793 3793/2735/3792 2917/609/2916
f 3238/1641/3237 4751/1628/4750 3904/2731/3903
f 3904/2731/3903 3520/2317/3519 2966/1197/2965
f 3520/2317/3519 4179/2734/4178 3133/2316/3132
f 3630/2736/3629 3632/1627/3631 4752/1625/4751
f 3238/1641/3237 4752/1625/4751 4180/1630/4179
f 4180/1630/4179 4178/2737/4177 3362/1629/3361
f 4175/1619/4174 4177/1623/4176 4753/1624/4752
f 4175/1619/4174 3909/1083/3908 3243/2739/3242
f 3909/1083/3908 3907/1622/3906 3032/2450/3031
f 3079/2740/3078 4754/1621/4753 3738/2171/3737
f 3738/2171/3737 3635/1608/3634 2974/2470/2973
f 4754/1621/4753 3243/2739/3242 3635/1608/3634
f 2935/2741/2934 4755/1618/4754 3466/881/3465
f 3466/881/3465 4176/1620/4175 3079/2740/3078
f 4755/1618/4754 3361/2738/3360 4176/1620/4175
f 4171/1610/4170 4173/1614/4172 4756/1615/4755
f 3056/2743/3055 4756/1615/4755 3714/948/3713
f 4756/1615/4755 2950/2556/2949 3714/948/3713
f 3800/1688/3799 4172/1611/4171 4757/1612/4756
f 2919/493/2918 4757/1612/4756 3443/1968/3442
f 3443/1968/3442 4171/1610/4170 3056/2743/3055
f 2974/2470/2973 4758/1609/4757 3528/1052/3527
f 3528/1052/3527 4172/1611/4171 3139/2744/3138
f 4758/1609/4757 3360/2742/3359 4172/1611/4171
f 3359/2745/3358 4759/1606/4758 4167/1601/4166
f 4167/1601/4166 3780/921/3779 3119/2746/3118
f 4759/1606/4758 2927/2733/2926 3780/921/3779
f 3908/1613/3907 4168/1602/4167 4760/1603/4759
f 3908/1613/3907 3506/2049/3505 2950/2556/2949
f 4760/1603/4759 3119/2746/3118 3506/2049/3505
f 3032/2450/3031 4761/1600/4760 3634/1082/3633
f 3634/1082/3633 4168/1602/4167 3242/2747/3241
f 4761/1600/4760 3359/2745/3358 4168/1602/4167
f 3358/1593/3357 4762/1597/4761 4163/2748/4162
f 4163/2748/4162 3913/1089/3912 3247/2749/3246
f 4762/1597/4761 3033/2443/3032 3913/1089/3912
f 3724/2750/3723 4164/1594/4163 4763/1592/4762
f 2960/2381/2959 4763/1592/4762 3639/1584/3638
f 3639/1584/3638 4163/2748/4162 3247/2749/3246
f 3065/2268/3064 4764/2751/4763 4164/1594/4163
f 4164/1594/4163 4162/2753/4161 3358/1593/3357
f 3357/2754/3356 4765/1589/4764 4159/1586/4158
f 4159/1586/4158 3750/1080/3749 3091/2755/3090
f 4765/1589/4764 2986/2451/2985 3750/1080/3749
f 3127/2756/3126 4766/1588/4765 3788/1346/3787
f 3788/1346/3787 3478/1617/3477 2935/2741/2934
f 4766/1588/4765 3091/2755/3090 3478/1617/3477
f 2960/2381/2959 4767/1585/4766 3514/1157/3513
f 3514/1157/3513 4160/1587/4159 3127/2756/3126
f 4767/1585/4766 3357/2754/3356 4160/1587/4159
f 4155/2757/4154 4157/1581/4156 4768/1582/4767
f 3150/2758/3149 4768/1582/4767 3811/873/3810
f 3811/873/3810 3809/1580/3808 2939/2728/2938
f 3912/2759/3911 4156/1579/4155 4769/1577/4768
f 2986/2451/2985 4769/1577/4768 3540/2199/3539
f 3540/2199/3539 4155/2757/4154 3150/2758/3149
f 3033/2443/3032 4770/1576/4769 3638/1088/3637
f 3638/1088/3637 4156/1579/4155 3246/1590/3245
f 4156/1579/4155 4154/1574/4153 3356/1578/3355
f 3355/2760/3354 4771/1573/4770 4151/1568/4150
f 4151/1568/4150 3917/1098/3916 3251/2761/3250
f 4771/1573/4770 3034/2437/3033 3917/1098/3916
f 3086/2762/3085 4772/1570/4771 3745/2228/3744
f 3745/2228/3744 3643/1557/3642 2981/2429/2980
f 4772/1570/4771 3251/2761/3250 3643/1557/3642
f 2938/2763/2937 4773/1567/4772 3473/866/3472
f 3473/866/3472 4152/1569/4151 3086/2762/3085
f 4773/1567/4772 3355/2760/3354 4152/1569/4151
f 3354/2764/3353 4774/1564/4773 4147/1559/4146
f 3069/1269/3068 4774/1564/4773 3728/1183/3727
f 3728/1183/3727 3916/1562/3915 2964/1182/2963
f 3145/2765/3144 4775/1561/4774 3806/1526/3805
f 3806/1526/3805 3456/1270/3455 2925/2766/2924
f 4775/1561/4774 3069/1269/3068 3456/1270/3455
f 2981/2429/2980 4776/1558/4775 3535/1109/3534
f 3535/1109/3534 4148/1560/4147 3145/2765/3144
f 4776/1558/4775 3354/2764/3353 4148/1560/4147
f 4143/2767/4142 4145/1555/4144 4777/1553/4776
f 3131/2307/3130 4777/1553/4776 3792/853/3791
f 3792/853/3791 3801/2768/3800 2920/727/2919
f 3916/1562/3915 4144/1552/4143 4778/1550/4777
f 2964/1182/2963 4778/1550/4777 3518/2308/3517
f 3518/2308/3517 4143/2767/4142 3131/2307/3130
f 3034/2437/3033 4779/1549/4778 3642/1097/3641
f 3250/2769/3249 4779/1549/4778 4144/1552/4143
f 4144/1552/4143 4142/1547/4141 3353/1551/3352
f 3352/2770/3351 4780/1546/4779 4139/1541/4138
f 4139/1541/4138 3921/1107/3920 3255/2771/3254
f 4780/1546/4779 3035/2431/3034 3921/1107/3920
f 3070/2196/3069 4781/1543/4780 3729/2453/3728
f 3729/2453/3728 3647/1530/3646 2965/1077/2964
f 4781/1543/4780 3255/2771/3254 3647/1530/3646
f 2926/2772/2925 4782/1540/4781 3457/875/3456
f 3457/875/3456 4140/1542/4139 3070/2196/3069
f 4782/1540/4781 3352/2770/3351 4140/1542/4139
f 3351/1533/3350 4783/1537/4782 4135/2773/4134
f 4135/2773/4134 3711/999/3710 3053/1815/3052
f 4783/1537/4782 2947/2524/2946 3711/999/3710
f 3132/1632/3131 4784/1532/4783 3793/2735/3792
f 2917/609/2916 4784/1532/4783 3440/1816/3439
f 4784/1532/4783 3053/1815/3052 3440/1816/3439
f 2965/1077/2964 4785/1531/4784 3519/2774/3518
f 3519/2774/3518 4136/1534/4135 3132/1632/3131
f 4785/1531/4784 3351/1533/3350 4136/1534/4135
f 3350/2775/3349 4786/1528/4785 4131/1523/4130
f 4131/1523/4130 3778/906/3777 3117/2776/3116
f 4786/1528/4785 2925/2766/2924 3778/906/3777
f 3254/2777/3253 4787/1525/4786 3920/1535/3919
f 3920/1535/3919 3504/2094/3503 2947/2524/2946
f 4787/1525/4786 3117/2776/3116 3504/2094/3503
f 3035/2431/3034 4788/1522/4787 3646/1106/3645
f 3646/1106/3645 4132/1524/4131 3254/2777/3253
f 4788/1522/4787 3350/2775/3349 4132/1524/4131
f 3349/2778/3348 4789/1519/4788 4127/1514/4126
f 4127/1514/4126 3925/1113/3924 3259/2779/3258
f 4789/1519/4788 3036/2424/3035 3925/1113/3924
f 3054/2780/3053 4790/1516/4789 3712/2261/3711
f 3712/2261/3711 3651/1506/3650 2948/2387/2947
f 4790/1516/4789 3259/2779/3258 3651/1506/3650
f 3441/2781/3440 4128/1515/4127 3054/2780/3053
f 4128/1515/4127 4126/2944/4125 3349/2778/3348
f 3348/2783/3347 4792/1513/4791 4123/1508/4122
f 4123/1508/4122 3746/1104/3745 3087/2784/3086
f 4792/1513/4791 2982/2432/2981 3746/1104/3745
f 3118/1371/3117 4793/1510/4792 3779/2785/3778
f 3779/2785/3778 3474/1539/3473 2926/2772/2925
f 4793/1510/4792 3087/2784/3086 3474/1539/3473
f 2948/2387/2947 4794/1507/4793 3505/1151/3504
f 3505/1151/3504 4124/1509/4123 3118/1371/3117
f 4794/1507/4793 3348/2783/3347 4124/1509/4123
f 3347/2786/3346 4795/1504/4794 4119/1499/4118
f 4119/1499/4118 3807/867/3806 3146/2787/3145
f 4795/1504/4794 2938/2763/2937 3807/867/3806
f 3258/2788/3257 4796/1501/4795 3924/1511/3923
f 3924/1511/3923 3536/2223/3535 2982/2432/2981
f 4796/1501/4795 3146/2787/3145 3536/2223/3535
f 3036/2424/3035 4797/1498/4796 3650/1112/3649
f 3650/1112/3649 4120/1500/4119 3258/2788/3257
f 4797/1498/4796 3347/2786/3346 4120/1500/4119
f 3346/2789/3345 4798/1495/4797 4115/1490/4114
f 4115/1490/4114 3929/1123/3928 3263/1479/3262
f 4798/1495/4797 3037/1122/3036 3929/1123/3928
f 3741/2790/3740 4116/1491/4115 4799/1492/4798
f 2977/2411/2976 4799/1492/4798 3655/1480/3654
f 3655/1480/3654 4115/1490/4114 3263/1479/3262
f 2937/2791/2936 4800/1489/4799 3469/863/3468
f 3469/863/3468 4116/1491/4115 3082/2244/3081
f 4800/1489/4799 3346/2789/3345 4116/1491/4115
f 3345/2792/3344 4801/1484/4800 4111/1481/4110
f 4111/1481/4110 3731/1191/3730 3072/1242/3071
f 4801/1484/4800 2967/2334/2966 3731/1191/3730
f 3142/1458/3141 4802/1483/4801 3803/2793/3802
f 2928/915/2927 4802/1483/4801 3459/1243/3458
f 3459/1243/3458 4111/1481/4110 3072/1242/3071
f 2977/2411/2976 4803/1478/4802 3531/1130/3530
f 3531/1130/3530 4112/1482/4111 3142/1458/3141
f 4803/1478/4802 3345/2792/3344 4112/1482/4111
f 3928/2794/3927 4109/2795/4108 4804/2796/4803
f 3928/2794/3927 3521/2966/3520 2967/2334/2966
f 3037/1122/3036 4805/2797/4804 3654/2798/3653
f 3654/2798/3653 4109/2795/4108 3262/1485/3261
f 4106/1472/4105 4108/1477/4107 4806/1475/4805
f 3266/1461/3265 4806/1475/4805 3932/1129/3931
f 3932/1129/3931 3930/2412/3929 3038/1128/3037
f 3080/2800/3079 4807/1474/4806 3739/2219/3738
f 2975/2435/2974 4807/1474/4806 3659/1462/3658
f 3659/1462/3658 4106/1472/4105 3266/1461/3265
f 2936/2801/2935 4808/1469/4807 3467/869/3466
f 3467/869/3466 4107/1473/4106 3080/2800/3079
f 4107/1473/4106 4105/2802/4104 3344/2799/3343
f 4102/2803/4101 4104/1468/4103 4809/1466/4808
f 4102/2803/4101 3715/973/3714 3057/1896/3056
f 4809/1466/4808 2951/972/2950 3715/973/3714
f 3801/2768/3800 4103/1465/4102 4810/1463/4809
f 2920/727/2919 4810/1463/4809 3444/1897/3443
f 3444/1897/3443 4102/2803/4101 3057/1896/3056
f 3529/1100/3528 3659/1462/3658 4811/1460/4810
f 3140/1554/3139 4811/1460/4810 4103/1465/4102
f 4103/1465/4102 4101/2805/4100 3343/1464/3342
f 4098/2806/4097 4100/1459/4099 4812/1457/4811
f 3120/2067/3119 4812/1457/4811 3781/916/3780
f 3781/916/3780 3803/2793/3802 2928/915/2927
f 3265/1467/3264 4813/1454/4812 3931/2804/3930
f 3931/2804/3930 3507/2068/3506 2951/972/2950
f 4813/1454/4812 3120/2067/3119 3507/2068/3506
f 3658/2807/3657 3660/1453/3659 4814/1451/4813
f 3265/1467/3264 4814/1451/4813 4099/1456/4098
f 4099/1456/4098 4097/2808/4096 3342/1455/3341
f 3341/2809/3340 4815/1450/4814 4094/1445/4093
f 4094/1445/4093 3936/1134/3935 3270/2810/3269
f 3936/1134/3935 3934/1448/3933 3039/2407/3038
f 3066/2811/3065 4816/1447/4815 3725/2255/3724
f 3725/2255/3724 3663/1437/3662 2961/2394/2960
f 4816/1447/4815 3270/2810/3269 3663/1437/3662
f 3453/2812/3452 4095/1446/4094 3066/2811/3065
f 4817/2813/4816 3341/2809/3340 4095/1446/4094
f 3340/2814/3339 4818/1444/4817 4090/1439/4089
f 3083/1470/3082 4818/1444/4817 3742/1125/3741
f 4818/1444/4817 2978/2413/2977 3742/1125/3741
f 3128/2815/3127 4819/1441/4818 3789/1394/3788
f 3789/1394/3788 3470/1471/3469 2936/2801/2935
f 4819/1441/4818 3083/1470/3082 3470/1471/3469
f 3515/1145/3514 3663/1437/3662 4820/1438/4819
f 3128/2815/3127 4820/1438/4819 4091/1440/4090
f 4091/1440/4090 4089/1436/4088 3340/2814/3339
f 3339/2816/3338 4821/1435/4820 4086/1430/4085
f 4086/1430/4085 3804/864/3803 3143/2817/3142
f 4821/1435/4820 2937/2791/2936 3804/864/3803
f 3935/1442/3934 4087/1431/4086 4822/1432/4821
f 3935/1442/3934 3532/2238/3531 2978/2413/2977
f 4822/1432/4821 3143/2817/3142 3532/2238/3531
f 3039/2407/3038 4823/1429/4822 3662/1133/3661
f 3269/2818/3268 4823/1429/4822 4087/1431/4086
f 4087/1431/4086 4085/1427/4084 3339/2816/3338
f 3338/1422/3337 4824/1426/4823 4082/2819/4081
f 3274/2820/3273 4824/1426/4823 3940/1141/3939
f 4824/1426/4823 3040/1140/3039 3940/1141/3939
f 3081/2821/3080 4825/1421/4824 3740/2249/3739
f 3740/2249/3739 3667/1413/3666 2976/1137/2975
f 4825/1421/4824 3274/2820/3273 3667/1413/3666
f 3081/2821/3080 4826/2822/4825 4083/1423/4082
f 4826/2822/4825 3338/1422/3337 4083/1423/4082
f 4078/2825/4077 4080/1419/4079 4827/1420/4826
f 3084/2826/3083 4827/1420/4826 3743/1120/3742
f 3743/1120/3742 3939/1418/3938 2979/1119/2978
f 3802/1433/3801 4079/1417/4078 4828/1415/4827
f 3802/1433/3801 3471/1488/3470 2937/2791/2936
f 3471/1488/3470 4078/2825/4077 3084/2826/3083
f 3530/2828/3529 3667/1413/3666 4829/1414/4828
f 3141/2827/3140 4829/1414/4828 4079/1417/4078
f 4079/1417/4078 4077/1412/4076 3337/1416/3336
f 3939/1418/3938 4076/2829/4075 4830/2967/4829
f 3939/1418/3938 3533/2418/3532 2979/1119/2978
f 3040/1140/3039 4831/2831/4830 3666/2832/3665
f 3273/2830/3272 4831/2831/4830 4076/2829/4075
f 3336/2833/3335 4832/1411/4831 4073/1406/4072
f 4073/1406/4072 3943/1143/3942 3277/2834/3276
f 4832/1411/4831 3041/2396/3040 3943/1143/3942
f 3085/2835/3084 4833/1408/4832 3744/2234/3743
f 3744/2234/3743 3671/1398/3670 2980/2422/2979
f 4833/1408/4832 3277/2834/3276 3671/1398/3670
f 3472/2836/3471 4074/1407/4073 3085/2835/3084
f 4834/2837/4833 3336/2833/3335 4074/1407/4073
f 3335/2838/3334 4835/1405/4834 4069/1400/4068
f 4069/1400/4068 3747/1095/3746 3088/2839/3087
f 4835/1405/4834 2983/2438/2982 3747/1095/3746
f 3144/2840/3143 4836/1402/4835 3805/1502/3804
f 3805/1502/3804 3475/1566/3474 2938/2763/2937
f 4836/1402/4835 3088/2839/3087 3475/1566/3474
f 2980/2422/2979 4837/1399/4836 3534/1115/3533
f 3534/1115/3533 4070/1401/4069 3144/2840/3143
f 4837/1399/4836 3335/2838/3334 4070/1401/4069
f 3334/2841/3333 4838/1396/4837 4065/1391/4064
f 4065/1391/4064 3808/870/3807 3147/2842/3146
f 4838/1396/4837 2936/2801/2935 3808/870/3807
f 3276/2843/3275 4839/1393/4838 3942/1403/3941
f 3942/1403/3941 3537/2214/3536 2983/2438/2982
f 4839/1393/4838 3147/2842/3146 3537/2214/3536
f 3041/2396/3040 4840/1390/4839 3670/1142/3669
f 3670/1142/3669 4066/1392/4065 3276/2843/3275
f 4840/1390/4839 3334/2841/3333 4066/1392/4065
f 4061/2844/4060 4063/1387/4062 4841/1385/4840
f 3281/1374/3280 4841/1385/4840 3947/1150/3946
f 3947/1150/3946 3945/2388/3944 3042/1149/3041
f 3748/2441/3747 4062/1384/4061 4842/1382/4841
f 2984/1092/2983 4842/1382/4841 3675/1375/3674
f 3675/1375/3674 4061/2844/4060 3281/1374/3280
f 3089/2211/3088 4843/2845/4842 4062/1384/4061
f 4062/1384/4061 4060/2847/4059 3333/1383/3332
f 4057/1376/4056 4059/1381/4058 4844/1379/4843
f 4057/1376/4056 3751/1072/3750 3092/2849/3091
f 3751/1072/3750 3946/2850/3945 2987/1071/2986
f 3148/2851/3147 4845/1378/4844 3809/1580/3808
f 3809/1580/3808 3479/1644/3478 2939/2728/2938
f 4845/1378/4844 3092/2849/3091 3479/1644/3478
f 3538/2852/3537 3675/1375/3674 4846/1373/4845
f 3148/2851/3147 4846/1373/4845 4058/1377/4057
f 4846/1373/4845 3332/2848/3331 4058/1377/4057
f 4053/1367/4052 4055/1372/4054 4847/1370/4846
f 4053/1367/4052 3812/876/3811 3151/2190/3150
f 4847/1370/4846 2926/2772/2925 3812/876/3811
f 3946/2850/3945 4054/1368/4053 4848/1369/4847
f 2987/1071/2986 4848/1369/4847 3541/2191/3540
f 4848/1369/4847 3151/2190/3150 3541/2191/3540
f 3674/2855/3673 3676/1366/3675 4849/1364/4848
f 3674/2855/3673 4054/1368/4053 3280/1380/3279
f 4849/1364/4848 3331/2854/3330 4054/1368/4053
f 3330/2856/3329 4850/1361/4849 4049/1358/4048
f 4049/1358/4048 3951/1155/3950 3285/1350/3284
f 4850/1361/4849 3043/2383/3042 3951/1155/3950
f 3752/2458/3751 4050/1359/4049 4851/1360/4850
f 2988/2857/2987 4851/1360/4850 3679/1351/3678
f 3679/1351/3678 4049/1358/4048 3285/1350/3284
f 3480/2858/3479 4050/1359/4049 3093/2187/3092
f 4852/2859/4851 3330/2856/3329 4050/1359/4049
f 4045/1352/4044 4047/1357/4046 4853/1355/4852
f 4045/1352/4044 3755/1048/3754 3095/2861/3094
f 3755/1048/3754 3950/2862/3949 2991/1047/2990
f 3152/2863/3151 4854/1354/4853 3813/1658/3812
f 2940/2708/2939 4854/1354/4853 3482/1701/3481
f 4854/1354/4853 3095/2861/3094 3482/1701/3481
f 3542/1067/3541 3679/1351/3678 4855/1349/4854
f 3542/1067/3541 4046/1353/4045 3152/2863/3151
f 4046/1353/4045 4044/2864/4043 3329/2860/3328
f 4041/1343/4040 4043/1347/4042 4856/1348/4855
f 4041/1343/4040 3816/882/3815 3155/2166/3154
f 4856/1348/4855 2935/2741/2934 3816/882/3815
f 3284/1356/3283 4857/1345/4856 3950/2862/3949
f 2991/1047/2990 4857/1345/4856 3545/2167/3544
f 4857/1345/4856 3155/2166/3154 3545/2167/3544
f 3043/2383/3042 4858/1342/4857 3678/1154/3677
f 3678/1154/3677 4042/1344/4041 3284/1356/3283
f 4042/1344/4041 4040/1340/4039 3328/2865/3327
f 4037/2866/4036 4039/1339/4038 4859/1337/4858
f 3288/2867/3287 4859/1337/4858 3954/2868/3953
f 3954/2868/3953 3953/2374/3952 3044/2375/3043
f 3096/2163/3095 4860/1334/4859 3756/2477/3755
f 3756/2477/3755 3682/2870/3681 2992/2869/2991
f 3682/2870/3681 4037/2866/4036 3288/2867/3287
f 2934/885/2933 4861/1331/4860 3483/2871/3482
f 3483/2871/3482 4038/1336/4037 3096/2163/3095
f 4861/1331/4860 3327/1335/3326 4038/1336/4037
f 3326/1326/3325 4862/1328/4861 4033/2873/4032
f 3291/2874/3290 4862/1328/4861 3957/2875/3956
f 4862/1328/4861 3045/2366/3044 3957/2875/3956
f 3757/2486/3756 4034/1327/4033 4863/1325/4862
f 2993/2876/2992 4863/1325/4862 3685/2877/3684
f 3685/2877/3684 4033/2873/4032 3291/2874/3290
f 2933/888/2932 4864/1322/4863 3484/2878/3483
f 3097/2154/3096 4864/1322/4863 4034/1327/4033
f 4864/1322/4863 3326/1326/3325 4034/1327/4033
f 4029/2880/4028 4031/1321/4030 4865/1319/4864
f 3295/1305/3294 4865/1319/4864 3961/1170/3960
f 3961/1170/3960 3959/2358/3958 3046/2359/3045
f 3098/2881/3097 4866/1316/4865 3758/2144/3757
f 3758/2144/3757 3689/1306/3688 2994/1038/2993
f 4866/1316/4865 3295/1305/3294 3689/1306/3688
f 3485/2882/3484 3455/1314/3454 4867/1315/4866
f 3098/2881/3097 4867/1315/4866 4030/1318/4029
f 4030/1318/4029 4028/1313/4027 3325/1317/3324
f 4025/2883/4024 4027/1312/4026 4868/1310/4867
f 4025/2883/4024 3761/1014/3760 3100/1770/3099
f 3761/1014/3760 3960/2884/3959 2997/2502/2996
f 3156/1728/3155 4869/1307/4868 3817/2694/3816
f 2941/894/2940 4869/1307/4868 3487/1771/3486
f 4869/1307/4868 3100/1770/3099 3487/1771/3486
f 3546/2885/3545 3689/1306/3688 4870/1304/4869
f 3156/1728/3155 4870/1304/4869 4026/1309/4025
f 4026/1309/4025 4024/2886/4023 3324/1308/3323
f 3323/2887/3322 4871/1303/4870 4021/1298/4020
f 3159/2121/3158 4871/1303/4870 3820/897/3819
f 4871/1303/4870 2932/2581/2931 3820/897/3819
f 3960/2884/3959 4022/1299/4021 4872/1300/4871
f 2997/2502/2996 4872/1300/4871 3549/2122/3548
f 3549/2122/3548 4021/1298/4020 3159/2121/3158
f 3046/2359/3045 4873/1295/4872 3688/1169/3687
f 3688/1169/3687 4022/1299/4021 3294/1311/3293
f 4873/1295/4872 3323/2887/3322 4022/1299/4021
f 4017/1289/4016 4019/1294/4018 4874/1292/4873
f 3298/2889/3297 4874/1292/4873 3964/2890/3963
f 3964/2890/3963 3963/2350/3962 3047/2352/3046
f 3101/2118/3100 4875/1291/4874 3762/2507/3761
f 2998/2891/2997 4875/1291/4874 3692/2892/3691
f 3692/2892/3691 4017/1289/4016 3298/2889/3297
f 3488/2893/3487 3462/1288/3461 4876/1286/4875
f 3101/2118/3100 4876/1286/4875 4018/1290/4017
f 4876/1286/4875 3322/2888/3321 4018/1290/4017
f 3321/1281/3320 4877/1283/4876 4013/2894/4012
f 3300/2895/3299 4877/1283/4876 3966/2896/3965
f 4877/1283/4876 3048/2345/3047 3966/2896/3965
f 3763/2515/3762 4014/1282/4013 4878/1280/4877
f 2999/2897/2998 4878/1280/4877 3695/2898/3694
f 3695/2898/3694 4013/2894/4012 3300/2895/3299
f 3489/2899/3488 3461/1279/3460 4879/1277/4878
f 3102/2109/3101 4879/1277/4878 4014/1282/4013
f 4014/1282/4013 4012/2900/4011 3321/1281/3320
f 4009/2901/4008 4011/1276/4010 4880/1274/4879
f 3304/1260/3303 4880/1274/4879 3970/1186/3969
f 3970/1186/3969 3968/2337/3967 3049/1185/3048
f 3103/2100/3102 4881/1271/4880 3764/2522/3763
f 3000/1005/2999 4881/1271/4880 3699/1261/3698
f 3699/1261/3698 4009/2901/4008 3304/1260/3303
f 2925/2766/2924 4882/1268/4881 3490/905/3489
f 3490/905/3489 4010/1273/4009 3103/2100/3102
f 4882/1268/4881 3320/1272/3319 4010/1273/4009
f 4005/2903/4004 4007/1267/4006 4883/1265/4882
f 3106/1869/3105 4883/1265/4882 3767/982/3766
f 3767/982/3766 3969/2904/3968 3003/981/3002
f 3821/2662/3820 4006/1264/4005 4884/1262/4883
f 2942/909/2941 4884/1262/4883 3493/1870/3492
f 3493/1870/3492 4005/2903/4004 3106/1869/3105
f 3550/2905/3549 3699/1261/3698 4885/1259/4884
f 3160/1803/3159 4885/1259/4884 4006/1264/4005
f 4006/1264/4005 4004/2906/4003 3319/1263/3318
f 4001/2907/4000 4003/1258/4002 4886/1256/4885
f 3163/2076/3162 4886/1256/4885 3824/913/3823
f 3824/913/3823 3782/2626/3781 2929/912/2928
f 3969/2904/3968 4002/1255/4001 4887/1253/4886
f 3003/981/3002 4887/1253/4886 3553/2077/3552
f 3553/2077/3552 4001/2907/4000 3163/2076/3162
f 3698/2908/3697 3700/1252/3699 4888/1250/4887
f 3303/1266/3302 4888/1250/4887 4002/1255/4001
f 4002/1255/4001 4000/2909/3999 3318/1254/3317
f 3997/2910/3996 3999/1249/3998 4889/1247/4888
f 3997/2910/3996 3974/1194/3973 3308/2911/3307
f 3974/1194/3973 3972/2329/3971 3050/2331/3049
f 3107/2073/3106 4890/1244/4889 3768/2536/3767
f 3768/2536/3767 3703/1233/3702 3004/978/3003
f 4890/1244/4889 3308/2911/3307 3703/1233/3702
f 3494/2912/3493 3459/1243/3458 4891/1241/4890
f 3107/2073/3106 4891/1241/4890 3998/1246/3997
f 3998/1246/3997 3996/2913/3995 3317/1245/3316
f 3993/1235/3992 3995/1240/3994 4892/1238/4891
f 3993/1235/3992 3771/957/3770 3110/1941/3109
f 3771/957/3770 3973/2915/3972 3007/2549/3006
f 3825/2916/3824 3994/1236/3993 4893/1237/4892
f 3825/2916/3824 3497/1942/3496 2943/2600/2942
f 4893/1237/4892 3110/1941/3109 3497/1942/3496
f 3004/978/3003 4894/1234/4893 3554/2917/3553
f 3554/2917/3553 3994/1236/3993 3164/1884/3163
f 4894/1234/4893 3316/2914/3315 3994/1236/3993
f 3973/2915/3972 3991/2918/3990 4895/2919/4894
f 3007/2549/3006 4895/2919/4894 3557/2548/3556
f 3702/1193/3701 3704/2920/3703 4896/2921/4895
f 3307/1239/3306 4896/2921/4895 3991/2918/3990
f 3315/2922/3314 4897/1229/4896 3988/1226/3987
f 3988/1226/3987 3977/1201/3976 3311/2923/3310
f 4897/1229/4896 3051/1200/3050 3977/1201/3976
f 3111/2924/3110 4898/1228/4897 3772/2054/3771
f 3008/2553/3007 4898/1228/4897 3707/1215/3706
f 4898/1228/4897 3311/2923/3310 3707/1215/3706
f 2927/2733/2926 4899/1225/4898 3498/920/3497
f 3498/920/3497 3989/1227/3988 3111/2924/3110
f 4899/1225/4898 3315/2922/3314 3989/1227/3988
f 3314/2925/3313 4900/1220/4899 3984/1217/3983
f 3114/2926/3113 4900/1220/4899 3775/931/3774
f 3775/931/3774 3976/2927/3975 3011/930/3010
f 3167/2928/3166 4901/1219/4900 3828/1955/3827
f 3828/1955/3827 3501/2022/3500 2944/2570/2943
f 4901/1219/4900 3114/2926/3113 3501/2022/3500
f 3008/2553/3007 4902/1216/4901 3558/953/3557
f 3558/953/3557 3985/1218/3984 3167/2928/3166
f 4902/1216/4901 3314/2925/3313 3985/1218/3984
f 3980/2929/3979 3982/1213/3981 4903/1211/4902
f 3170/2031/3169 4903/1211/4902 3831/928/3830
f 3831/928/3830 3776/2658/3775 2923/927/2922
f 3976/2927/3975 3981/1210/3980 4904/1208/4903
f 3011/930/3010 4904/1208/4903 3561/2032/3560
f 3561/2032/3560 3980/2929/3979 3170/2031/3169
f 3706/2930/3705 3708/1207/3707 4905/1205/4904
f 3310/1221/3309 4905/1205/4904 3981/1210/3980
f 3981/1210/3980 3979/2931/3978 3313/1209/3312
f 3979/2931/3978 3978/1204/3977 4906/1202/4905
f 3313/1209/3312 4906/1202/4905 3982/1213/3981
f 3982/1213/3981 3502/2659/3501 3115/1212/3114
f 3311/2923/3310 4907/1199/4906 3983/1214/3982
f 3983/1214/3982 3986/1222/3985 3314/2925/3313
f 3986/1222/3985 3706/2930/3705 3310/1221/3309
f 3071/2730/3070 4908/1196/4907 3987/1223/3986
f 3987/1223/3986 3990/1231/3989 3315/2922/3314
f 3990/1231/3989 3705/2327/3704 3309/1230/3308
f 3308/2911/3307 4909/1195/4908 3992/1232/3991
f 3316/2914/3315 4909/1195/4908 3995/1240/3994
f 3995/1240/3994 3702/1193/3701 3307/1239/3306
f 3996/2913/3995 3731/1191/3730 4910/1192/4909
f 3317/1245/3316 4910/1192/4909 3999/1249/3998
f 3999/1249/3998 3701/1190/3700 3306/1248/3305
f 4000/2909/3999 3971/1189/3970 4911/1187/4910
f 3318/1254/3317 4911/1187/4910 4003/1258/4002
f 4003/1258/4002 3508/2627/3507 3121/1257/3120
f 4004/2906/4003 3970/1186/3969 4912/1184/4911
f 3319/1263/3318 4912/1184/4911 4007/1267/4006
f 4007/1267/4006 3698/2908/3697 3303/1266/3302
f 4008/2902/4007 3728/1183/3727 4913/1181/4912
f 3320/1272/3319 4913/1181/4912 4011/1276/4010
f 4011/1276/4010 3697/2338/3696 3302/1275/3301
f 4012/2900/4011 3733/1180/3732 4914/1178/4913
f 3321/1281/3320 4914/1178/4913 4015/1285/4014
f 4015/1285/4014 3694/2347/3693 3299/1284/3298
f 3075/1287/3074 4915/1177/4914 4016/2932/4015
f 4016/2932/4015 4019/1294/4018 3322/2888/3321
f 4019/1294/4018 3691/1175/3690 3297/1293/3296
f 3296/1296/3295 4916/1174/4915 4020/2933/4019
f 4020/2933/4019 4023/1302/4022 3323/2887/3322
f 4916/1174/4915 3124/2593/3123 4023/1302/4022
f 4024/2886/4023 3961/1170/3960 4917/1171/4916
f 3324/1308/3323 4917/1171/4916 4027/1312/4026
f 4027/1312/4026 3688/1169/3687 3294/1311/3293
f 3068/2710/3067 4918/1168/4917 4028/1313/4027
f 4028/1313/4027 4031/1321/4030 3325/1317/3324
f 4918/1168/4917 3293/1320/3292 4031/1321/4030
f 4032/2879/4031 3736/1165/3735 4919/1163/4918
f 4032/2879/4031 4035/1330/4034 3326/1326/3325
f 4035/1330/4034 3684/2368/3683 3290/1329/3289
f 4036/2872/4035 3737/1162/3736 4920/1160/4919
f 3327/1335/3326 4920/1160/4919 4039/1339/4038
f 4039/1339/4038 3681/2377/3680 3287/1338/3286
f 3286/2380/3285 4921/1159/4920 4040/1340/4039
f 4040/1340/4039 4043/1347/4042 3328/2865/3327
f 4921/1159/4920 3127/2756/3126 4043/1347/4042
f 4044/2864/4043 3951/1155/3950 4922/1156/4921
f 3329/2860/3328 4922/1156/4921 4047/1357/4046
f 4922/1156/4921 3284/1356/3283 4047/1357/4046
f 3330/2856/3329 4923/2935/4922 4051/1363/4050
f 4923/2935/4922 3283/1362/3282 4051/1363/4050
f 3282/1365/3281 4924/1153/4923 4052/2936/4051
f 3331/2854/3330 4924/1153/4923 4055/1372/4054
f 4924/1153/4923 3118/1371/3117 4055/1372/4054
f 4056/2853/4055 3947/1150/3946 4925/1148/4924
f 3332/2848/3331 4925/1148/4924 4059/1381/4058
f 4059/1381/4058 3674/2855/3673 3280/1380/3279
f 3333/1383/3332 4926/2937/4925 4063/1387/4062
f 4063/1387/4062 3673/2390/3672 3279/1386/3278
f 3278/2393/3277 4927/1147/4926 4064/1388/4063
f 4064/1388/4063 4067/1395/4066 3334/2841/3333
f 4927/1147/4926 3128/2815/3127 4067/1395/4066
f 3277/2834/3276 4928/1144/4927 4068/1397/4067
f 4068/1397/4067 4071/1404/4070 3335/2838/3334
f 4928/1144/4927 3276/2843/3275 4071/1404/4070
f 4072/2938/4071 4075/1410/4074 3336/2833/3335
f 4929/2939/4928 3275/2395/3274 4075/1410/4074
f 3274/2820/3273 4930/1139/4929 4077/1412/4076
f 4077/1412/4076 4080/1419/4079 3337/1416/3336
f 4930/1139/4929 3273/2830/3272 4080/1419/4079
f 4081/2824/4080 4084/1425/4083 3338/1422/3337
f 4931/2940/4930 3272/2400/3271 4084/1425/4083
f 4085/1427/4084 3937/1138/3936 4932/1136/4931
f 4085/1427/4084 4088/1434/4087 3339/2816/3338
f 4088/1434/4087 3530/2828/3529 3141/2827/3140
f 3270/2810/3269 4933/1135/4932 4089/1436/4088
f 4089/1436/4088 4092/1443/4091 3340/2814/3339
f 4933/1135/4932 3269/2818/3268 4092/1443/4091
f 4093/2941/4092 4096/1449/4095 3341/2809/3340
f 4934/2942/4933 3268/2406/3267 4096/1449/4095
f 4097/2808/4096 3933/1131/3932 4935/1132/4934
f 3342/1455/3341 4935/1132/4934 4100/1459/4099
f 4100/1459/4099 3531/1130/3530 3142/1458/3141
f 4101/2805/4100 3932/1129/3931 4936/1127/4935
f 3343/1464/3342 4936/1127/4935 4104/1468/4103
f 4104/1468/4103 3658/2807/3657 3265/1467/3264
f 4105/2802/4104 3742/1125/3741 4937/1126/4936
f 3344/2799/3343 4937/1126/4936 4108/1477/4107
f 4108/1477/4107 3657/1124/3656 3264/1476/3263
f 4110/2943/4109 3929/1123/3928 4938/1121/4937
f 3345/2792/3344 4938/1121/4937 4113/1486/4112
f 4113/1486/4112 3654/2798/3653 3262/1485/3261
f 4114/1487/4113 3743/1120/3742 4939/1118/4938
f 4114/1487/4113 4117/1494/4116 3346/2789/3345
f 4117/1494/4116 3653/2417/3652 3261/2415/3260
f 3260/2421/3259 4940/1117/4939 4118/1496/4117
f 4118/1496/4117 4121/1503/4120 3347/2786/3346
f 4940/1117/4939 3144/2840/3143 4121/1503/4120
f 3259/2779/3258 4941/1114/4940 4122/1505/4121
f 4122/1505/4121 4125/1512/4124 3348/2783/3347
f 4941/1114/4940 3258/2788/3257 4125/1512/4124
f 4126/2944/4125 4129/1518/4128 3349/2778/3348
f 4942/2945/4941 3257/2423/3256 4129/1518/4128
f 3256/2428/3255 4943/1111/4942 4130/1520/4129
f 4130/1520/4129 4133/1527/4132 3350/2775/3349
f 4943/1111/4942 3145/2765/3144 4133/1527/4132
f 3255/2771/3254 4944/1108/4943 4134/1529/4133
f 4134/1529/4133 4137/1536/4136 3351/1533/3350
f 4944/1108/4943 3254/2777/3253 4137/1536/4136
f 3087/2784/3086 4945/1105/4944 4138/1538/4137
f 4138/1538/4137 4141/1545/4140 3352/2770/3351
f 4945/1105/4944 3253/2430/3252 4141/1545/4140
f 3252/2434/3251 4946/1102/4945 4142/1547/4141
f 3353/1551/3352 4946/1102/4945 4145/1555/4144
f 4145/1555/4144 3529/1100/3528 3140/1554/3139
f 3251/2761/3250 4947/1099/4946 4146/1556/4145
f 4146/1556/4145 4149/1563/4148 3354/2764/3353
f 4947/1099/4946 3250/2769/3249 4149/1563/4148
f 3088/2839/3087 4948/1096/4947 4150/1565/4149
f 4150/1565/4149 4153/1572/4152 3355/2760/3354
f 4948/1096/4947 3249/2436/3248 4153/1572/4152
f 4154/1574/4153 3914/1093/3913 4949/1091/4948
f 3356/1578/3355 4949/1091/4948 4157/1581/4156
f 4157/1581/4156 3538/2852/3537 3148/2851/3147
f 3247/2749/3246 4950/1090/4949 4158/1583/4157
f 3357/2754/3356 4950/1090/4949 4161/1591/4160
f 4161/1591/4160 3638/1088/3637 3246/1590/3245
f 4162/2753/4161 4165/1596/4164 3358/1593/3357
f 4951/2946/4950 3245/2442/3244 4165/1596/4164
f 4166/1598/4165 3910/1086/3909 4952/1087/4951
f 4166/1598/4165 4169/1605/4168 3359/2745/3358
f 4169/1605/4168 3539/1085/3538 3149/2732/3148
f 4170/1607/4169 3909/1083/3908 4953/1084/4952
f 3360/2742/3359 4953/1084/4952 4173/1614/4172
f 4173/1614/4172 3634/1082/3633 3242/2747/3241
f 4174/1616/4173 3750/1080/3749 4954/1081/4953
f 3361/2738/3360 4954/1081/4953 4177/1623/4176
f 4177/1623/4176 3633/1079/3632 3241/2449/3240
f 4178/2737/4177 3906/1078/3905 4955/1076/4954
f 3362/1629/3361 4955/1076/4954 4181/1633/4180
f 4181/1633/4180 3519/2774/3518 3132/1632/3131
f 3239/2726/3238 4956/1073/4955 4182/1634/4181
f 4182/1634/4181 4185/1642/4184 3363/1638/3362
f 4956/1073/4955 3238/1641/3237 4185/1642/4184
f 3092/2849/3091 4957/1070/4956 4186/1643/4185
f 4186/1643/4185 4189/1651/4188 3364/2725/3363
f 4957/1070/4956 3237/1650/3236 4189/1651/4188
f 3236/1653/3235 4958/1069/4957 4190/2724/4189
f 3365/1656/3364 4958/1069/4957 4193/1659/4192
f 4958/1069/4957 3152/2863/3151 4193/1659/4192
f 4959/1066/4958 3235/1662/3234 4194/1663/4193
f 4960/2947/4959 3234/2459/3233 4195/1665/4194
f 4196/1667/4195 3898/1063/3897 4961/1061/4960
f 4196/1667/4195 4199/1674/4198 3366/1671/3365
f 4199/1674/4198 3543/2712/3542 3153/2711/3152
f 4200/1678/4199 3624/2720/3623 3232/1677/3231
f 4201/1681/4200 3623/2467/3622 3231/1680/3230
f 3230/2469/3229 4964/1054/4963 4202/1682/4201
f 4202/1682/4201 4205/1689/4204 3367/2713/3366
f 4964/1054/4963 3139/2744/3138 4205/1689/4204
f 4206/1691/4205 3893/1051/3892 4965/1049/4964
f 3368/1695/3367 4965/1049/4964 4209/1698/4208
f 4209/1698/4208 3620/2716/3619 3228/2715/3227
f 3095/2861/3094 4966/1046/4965 4210/1700/4209
f 4210/1700/4209 4213/1707/4212 3369/2705/3368
f 4966/1046/4965 3227/2471/3226 4213/1707/4212
f 4214/2704/4213 3723/1045/3722 4967/1043/4966
f 3370/1713/3369 4967/1043/4966 4217/1717/4216
f 4217/1717/4216 3616/2481/3615 3224/1716/3223
f 4218/1720/4217 3614/2490/3613 3222/1719/3221
f 4219/2696/4218 3884/1039/3883 4969/1037/4968
f 3371/1725/3370 4969/1037/4968 4222/1729/4221
f 4969/1037/4968 3156/1728/3155 4222/1729/4221
f 4970/1034/4969 3220/1731/3219 4223/1732/4222
f 4971/1031/4970 3219/1734/3218 4224/1735/4223
f 4225/2691/4224 3880/1030/3879 4972/1028/4971
f 3372/1740/3371 4972/1028/4971 4228/1744/4227
f 4228/1744/4227 3547/2683/3546 3157/1743/3156
f 4229/1747/4228 3609/2690/3608 3217/1746/3216
f 4230/1750/4229 3608/2498/3607 3216/1749/3215
f 4231/2687/4230 3876/1021/3875 4975/1019/4974
f 3373/1755/3372 4975/1019/4974 4234/1759/4233
f 4234/1759/4233 3525/2584/3524 3136/1758/3135
f 4235/2684/4234 3875/1018/3874 4976/1016/4975
f 3374/1764/3373 4976/1016/4975 4238/1768/4237
f 4238/1768/4237 3605/2686/3604 3213/1767/3212
f 3100/1770/3099 4977/1015/4976 4239/2948/4238
f 3375/2678/3374 4977/1015/4976 4242/1777/4241
f 4242/1777/4241 3604/1013/3603 3212/1776/3211
f 3061/2613/3060 4978/1010/4977 4243/1778/4242
f 4243/1778/4242 4246/1785/4245 3376/1782/3375
f 4978/1010/4977 3209/2508/3208 4246/1785/4245
f 4247/2671/4246 3718/1009/3717 4979/1007/4978
f 3377/1791/3376 4979/1007/4978 4250/1795/4249
f 4250/1795/4249 3598/2519/3597 3206/1794/3205
f 4251/2664/4250 3866/1006/3865 4980/1004/4979
f 3378/1800/3377 4980/1004/4979 4254/1804/4253
f 4254/1804/4253 3550/2905/3549 3160/1803/3159
f 4255/2660/4254 3865/1003/3864 4981/1001/4980
f 3379/1809/3378 4981/1001/4980 4258/1813/4257
f 4258/1813/4257 3595/2663/3594 3203/1812/3202
f 3053/1815/3052 4982/1000/4981 4259/2655/4258
f 4259/2655/4258 4262/1822/4261 3380/1818/3379
f 4982/1000/4981 3202/1821/3201 4262/1822/4261
f 4263/2652/4262 3862/997/3861 4983/995/4982
f 4263/2652/4262 4266/1831/4265 3381/1827/3380
f 4983/995/4982 3161/1830/3160 4266/1831/4265
f 4267/2649/4266 3861/994/3860 4984/992/4983
f 3382/1836/3381 4984/992/4983 4270/1840/4269
f 4270/1840/4269 3591/2651/3590 3199/1839/3198
f 4271/2645/4270 3766/991/3765 4985/989/4984
f 3383/1845/3382 4985/989/4984 4274/1849/4273
f 4274/1849/4273 3590/2528/3589 3198/1848/3197
f 4275/2642/4274 3858/988/3857 4986/986/4985
f 3384/1854/3383 4986/986/4985 4278/1858/4277
f 4278/1858/4277 3522/2616/3521 3134/1857/3133
f 4279/2639/4278 3857/985/3856 4987/983/4986
f 3385/1863/3384 4987/983/4986 4282/1867/4281
f 4282/1867/4281 3587/2641/3586 3195/1866/3194
f 4283/2634/4282 3767/982/3766 4988/980/4987
f 3386/1872/3385 4988/980/4987 4286/1876/4285
f 4286/1876/4285 3586/2533/3585 3194/1875/3193
f 4287/2631/4286 3854/979/3853 4989/977/4988
f 3387/1881/3386 4989/977/4988 4290/1885/4289
f 4290/1885/4289 3554/2917/3553 3164/1884/3163
f 4291/2628/4290 3853/976/3852 4990/974/4989
f 3388/1890/3387 4990/974/4989 4294/1894/4293
f 4294/1894/4293 3583/2630/3582 3191/1893/3190
f 4295/2623/4294 3715/973/3714 4991/971/4990
f 3389/1899/3388 4991/971/4990 4298/1903/4297
f 4298/1903/4297 3582/2538/3581 3190/1902/3189
f 4299/1904/4298 3850/970/3849 4992/968/4991
f 3390/1908/3389 4992/968/4991 4302/1911/4301
f 4302/1911/4301 3555/2604/3554 3165/2603/3164
f 3188/1914/3187 4993/965/4992 4303/2617/4302
f 3391/1917/3390 4993/965/4992 4306/1921/4305
f 4306/1921/4305 3579/2620/3578 3187/1920/3186
f 4307/2611/4306 3770/964/3769 4994/962/4993
f 3392/1926/3391 4994/962/4993 4310/1930/4309
f 4310/1930/4309 3578/2543/3577 3186/1929/3185
f 4312/1931/4311 3846/961/3845 4995/959/4994
f 3393/1935/3392 4995/959/4994 4315/1939/4314
f 4315/1939/4314 3575/2607/3574 3184/1938/3183
f 3110/1941/3109 4996/958/4995 4316/2601/4315
f 4316/2601/4315 4319/1947/4318 3394/2597/3393
f 4996/958/4995 3183/2546/3182 4319/1947/4318
f 3182/2552/3181 4997/955/4996 4320/1949/4319
f 4320/1949/4319 4323/1956/4322 3395/2594/3394
f 4997/955/4996 3167/2928/3166 4323/1956/4322
f 3181/2589/3180 4998/952/4997 4324/1958/4323
f 4324/1958/4323 4327/1965/4326 3396/2591/3395
f 4998/952/4997 3180/2596/3179 4327/1965/4326
f 3056/2743/3055 4999/949/4998 4328/1967/4327
f 4328/1967/4327 4331/1974/4330 3397/2588/3396
f 4999/949/4998 3179/2554/3178 4331/1974/4330
f 3178/2558/3177 5000/946/4999 4332/1976/4331
f 4332/1976/4331 4335/1983/4334 3398/1980/3397
f 4335/1983/4334 3559/944/3558 3168/2573/3167
f 3177/1986/3176 5001/943/5000 4336/2585/4335
f 4336/2585/4335 4339/1992/4338 3399/1989/3398
f 5001/943/5000 3176/2587/3175 4339/1992/4338
f 3113/2592/3112 5002/940/5001 4340/1994/4339
f 4340/1994/4339 4343/2001/4342 3400/2579/3399
f 5002/940/5001 3175/2560/3174 4343/2001/4342
f 4344/2578/4343 3835/937/3834 5003/935/5002
f 3401/2007/3400 5003/935/5002 4347/2011/4346
f 4347/2011/4346 3516/2648/3515 3129/2010/3128
f 4348/2574/4347 3834/934/3833 5004/932/5003
f 3402/2016/3401 5004/932/5003 4351/2020/4350
f 4351/2020/4350 3563/2577/3562 3172/2019/3171
f 3114/2926/3113 5005/929/5004 4352/2021/4351
f 3403/2025/3402 5005/929/5004 4355/2029/4354
f 4355/2029/4354 3562/2566/3561 3171/2028/3170
f 4356/2567/4355 3831/928/3830 5006/926/5005
f 3404/2034/3403 5006/926/5005 4359/2038/4358
f 4359/2038/4358 3454/2644/3453 3067/2037/3066
f 3169/2595/3168 5007/925/5006 4360/2039/4359
f 4360/2039/4359 4363/2046/4362 3405/2557/3404
f 5007/925/5006 3112/2569/3111 4363/2046/4362
f 3119/2746/3118 5008/922/5007 4364/2048/4363
f 4364/2048/4363 4367/2055/4366 3406/2551/3405
f 5008/922/5007 3111/2924/3110 4367/2055/4366
f 4369/2544/4368 3827/918/3826 5009/919/5008
f 4369/2544/4368 4372/2064/4371 3407/2061/3406
f 5009/919/5008 3108/2599/3107 4372/2064/4371
f 3120/2067/3119 5010/914/5009 4373/2539/4372
f 4373/2539/4372 4376/2074/4375 3408/2535/3407
f 5010/914/5009 3107/2073/3106 4376/2074/4375
f 4377/2534/4376 3824/913/3823 5011/911/5010
f 3409/2079/3408 5011/911/5010 4380/2083/4379
f 4380/2083/4379 3460/2610/3459 3073/2082/3072
f 4381/2529/4380 3823/910/3822 5012/908/5011
f 3410/2088/3409 5012/908/5011 4384/2092/4383
f 4384/2092/4383 3491/2633/3490 3104/2091/3103
f 3117/2776/3116 5013/907/5012 4385/2093/4384
f 4385/2093/4384 4388/2101/4387 3411/2097/3410
f 5013/907/5012 3103/2100/3102 4388/2101/4387
f 4389/2520/4388 3783/904/3782 5014/902/5013
f 3412/2106/3411 5014/902/5013 4392/2110/4391
f 4392/2110/4391 3489/2899/3488 3102/2109/3101
f 3123/2619/3122 5015/899/5014 4393/2111/4392
f 3413/2504/3412 5015/899/5014 4396/2119/4395
f 4396/2119/4395 3488/2893/3487 3101/2118/3100
f 4397/2503/4396 3820/897/3819 5016/898/5015
f 4397/2503/4396 4400/2127/4399 3414/2124/3413
f 5016/898/5015 3076/2580/3075 4400/2127/4399
f 4401/2499/4400 3819/895/3818 5017/893/5016
f 3415/2133/3414 5017/893/5016 4404/2137/4403
f 4404/2137/4403 3486/2679/3485 3099/2136/3098
f 3116/2719/3115 5018/890/5017 4405/2138/4404
f 4405/2138/4404 4408/2145/4407 3416/2142/3415
f 5018/890/5017 3098/2881/3097 4408/2145/4407
f 4409/2491/4408 3786/889/3785 5019/887/5018
f 3417/2151/3416 5019/887/5018 4412/2155/4411
f 4412/2155/4411 3484/2878/3483 3097/2154/3096
f 4413/2482/4412 3787/886/3786 5020/884/5019
f 3418/2160/3417 5020/884/5019 4416/2164/4415
f 5020/884/5019 3096/2163/3095 4416/2164/4415
f 3155/2166/3154 5021/883/5020 4417/2473/4416
f 3419/2468/3418 5021/883/5020 4420/2172/4419
f 5021/883/5020 3079/2740/3078 4420/2172/4419
f 3154/2723/3153 5022/880/5021 4421/2174/4420
f 4421/2174/4420 4424/2181/4423 3420/2178/3419
f 5022/880/5021 3094/2707/3093 4424/2181/4423
f 3421/2457/3420 5023/2949/5022 4428/2188/4427
f 4428/2188/4427 3480/2858/3479 3093/2187/3092
f 3151/2190/3150 5024/877/5023 4429/2456/4428
f 3422/2193/3421 5024/877/5023 4432/2197/4431
f 5024/877/5023 3070/2196/3069 4432/2197/4431
f 4433/2198/4432 3811/873/3810 5025/874/5024
f 4433/2198/4432 4436/2205/4435 3423/2446/3422
f 5025/874/5024 3090/2727/3089 4436/2205/4435
f 4437/2950/4436 4440/2212/4439 3424/2439/3423
f 4440/2212/4439 3476/2846/3475 3089/2211/3088
f 4441/2213/4440 3808/870/3807 5027/871/5026
f 4441/2213/4440 4444/2220/4443 3425/2433/3424
f 5027/871/5026 3080/2800/3079 4444/2220/4443
f 3146/2787/3145 5028/868/5027 4445/2222/4444
f 4445/2222/4444 4448/2229/4447 3426/2427/3425
f 5028/868/5027 3086/2762/3085 4448/2229/4447
f 4449/2952/4448 4452/2235/4451 3427/2420/3426
f 5029/2953/5028 3085/2835/3084 4452/2235/4451
f 3143/2817/3142 5030/865/5029 4454/2237/4453
f 4454/2237/4453 4457/2245/4456 3428/2410/3427
f 4457/2245/4456 3469/863/3468 3082/2244/3081
f 4458/2954/4457 4461/2250/4460 3429/2404/3428
f 5031/2955/5030 3081/2821/3080 4461/2250/4460
f 4463/2956/4462 4466/2256/4465 3430/2392/3429
f 5032/2957/5031 3066/2811/3065 4466/2256/4465
f 4467/2391/4466 4470/2262/4469 3431/2259/3430
f 5033/2958/5032 3054/2780/3053 4470/2262/4469
f 4471/2959/4470 4474/2269/4473 3432/2379/3431
f 4474/2269/4473 3452/2752/3451 3065/2268/3064
f 4475/2378/4474 3799/862/3798 5035/861/5034
f 3433/2274/3432 5035/861/5034 4478/2278/4477
f 4478/2278/4477 3442/2670/3441 3055/2277/3054
f 4479/2369/4478 3798/860/3797 5036/859/5035
f 3434/2283/3433 5036/859/5035 4482/2287/4481
f 4482/2287/4481 3450/2703/3449 3063/2286/3062
f 3130/2714/3129 5037/858/5036 4483/2288/4482
f 3435/2356/3434 5037/858/5036 4486/2295/4485
f 5037/858/5036 3062/2590/3061 4486/2295/4485
f 4488/2348/4487 3796/855/3795 5038/854/5037
f 3436/2301/3435 5038/854/5037 4491/2305/4490
f 4491/2305/4490 3446/2677/3445 3059/2304/3058
f 4492/2339/4491 3792/853/3791 5039/852/5038
f 3437/2310/3436 5039/852/5038 4495/2314/4494
f 4495/2314/4494 3445/2622/3444 3058/2313/3057
f 4497/2328/4496 3794/851/3793 5040/850/5039
f 3438/2319/3437 5040/850/5039 4500/2323/4499
f 4500/2323/4499 3439/2654/3438 3052/2322/3051
f 825/2668/825 3599/2669/3598 1475/2669/1475
f 1476/2518/1476 3021/2517/3020 3600/2518/3599
f 829/2675/829 3602/2676/3601 1478/2676/1478
f 898/2509/898 3603/2510/3602 1479/2510/1479
f 1491/2489/1491 3026/2488/3025 3615/2489/3614
f 833/2702/833 3617/2701/3616 1493/2701/1493
f 903/2479/903 3618/2480/3617 1494/2480/1494
f 1558/2870/1558 2992/2869/2991 3682/2870/3681
f 1559/2376/1559 3044/2375/3043 3683/2376/3682
f 1561/2877/1561 2993/2876/2992 3685/2877/3684
f 1562/2367/1562 3045/2366/3044 3686/2367/3685
f 874/2891/874 3692/2892/3691 1568/2892/1568
f 1569/2351/1569 3047/2352/3046 3693/2351/3692
f 1571/2898/1571 2999/2897/2998 3695/2898/3694
f 924/2345/924 3696/2346/3695 1572/2346/1572
f 1083/2666/1083 3868/2667/3867 1744/2667/1744
f 1084/2513/1084 3869/2514/3868 1745/2514/1745
f 1086/2673/1086 3871/2674/3870 1747/2674/1747
f 1087/2506/1087 3872/2505/3871 1748/2505/1748
f 1763/2485/1763 3223/2484/3222 3887/2485/3886
f 1101/2699/1101 3889/2700/3888 1765/2700/1765
f 1766/2476/1766 3226/2475/3225 3890/2476/3889
f 1164/2867/1164 3954/2868/3953 1830/2868/1830
f 1831/2372/1831 3289/2371/3288 3955/2372/3954
f 1833/2875/1833 3291/2874/3290 3957/2875/3956
f 1834/2363/1834 3292/2362/3291 3958/2363/3957
f 1174/2889/1174 3964/2890/3963 1840/2890/1840
f 1842/2896/1842 3300/2895/3299 3966/2896/3965
f 1177/2341/1177 3967/2342/3966 1843/2342/1843
f 1475/2669/1475 3207/2666/3206 1083/2666/1083
f 1476/2518/1476 3208/2513/3207 1084/2513/1084
f 1478/2676/1478 3210/2673/3209 1086/2673/1086
f 1479/2510/1479 3211/2506/3210 1087/2506/1087
f 1099/2484/1099 3615/2489/3614 3223/2484/3222
f 1101/2699/1101 3617/2701/3616 3225/2699/3224
f 1494/2480/1494 3226/2475/3225 1102/2475/1102
f 1164/2867/1164 3682/2870/3681 3288/2867/3287
f 1165/2371/1165 3683/2376/3682 3289/2371/3288
f 1561/2877/1561 3291/2874/3290 1167/2874/1167
f 1562/2367/1562 3292/2362/3291 1168/2362/1168
f 1174/2889/1174 3692/2892/3691 3298/2889/3297
f 1571/2898/1571 3300/2895/3299 1176/2895/1176
f 1572/2346/1572 3301/2341/3300 1177/2341/1177
f 897/2517/897 3868/2667/3867 3021/2517/3020
f 1745/2514/1745 2999/2897/2998 875/2897/875
f 898/2509/898 3871/2674/3870 3022/2509/3021
f 874/2891/874 3872/2505/3871 2998/2891/2997
f 1762/2697/1762 3026/2488/3025 902/2488/902
f 1763/2485/1763 2993/2876/2992 869/2876/869
f 903/2479/903 3889/2700/3888 3027/2479/3026
f 868/2869/868 3890/2476/3889 2992/2869/2991
f 1830/2868/1830 3044/2375/3043 920/2375/920
f 1831/2372/1831 2949/2668/2948 825/2668/825
f 921/2366/921 3957/2875/3956 3045/2366/3044
f 1834/2363/1834 2957/2702/2956 833/2702/833
f 1840/2890/1840 3047/2352/3046 923/2352/923
f 924/2345/924 3966/2896/3965 3048/2345/3047
f 829/2675/829 3967/2342/3966 2953/2675/2952
f 2380/2332/2380 4496/2330/4495 2372/2330/2372
f 2380/2332/2380 3704/2920/3703 4504/2332/4503
f 1397/2966/1397 4505/2333/4504 3521/2966/3520
f 2372/2330/2372 4505/2333/4504 2381/2333/2381
f 2363/2961/2363 4512/2349/4511 4487/2961/4486
f 1569/2351/1569 4512/2349/4511 2388/2349/2388
f 2389/2355/2389 3524/2353/3523 1400/2353/1400
f 2389/2355/2389 4487/2961/4486 4513/2355/4512
f 1553/2384/1553 4525/2385/4524 3677/2384/3676
f 2347/2959/2347 4525/2385/4524 2401/2385/2401
f 2404/2389/2404 3673/2390/3672 1549/2390/1549
f 2343/2391/2343 4528/2389/4527 2404/2389/2404
f 1545/2397/1545 4531/2398/4530 3669/2397/3668
f 2407/2398/2407 4463/2956/4462 4531/2398/4530
f 2408/2962/2408 4462/2399/4461 2338/2399/2338
f 2408/2962/2408 3668/2401/3667 4532/2962/4531
f 2409/2402/2409 4462/2399/4461 4533/2402/4532
f 2409/2402/2409 3665/2403/3664 1541/2403/1541
f 2412/2409/2412 3661/2408/3660 1537/2408/1537
f 2412/2409/2412 4458/2954/4457 4536/2409/4535
f 2329/2414/2329 4540/2963/4539 4453/2414/4452
f 2416/2963/2416 3656/2416/3655 4540/2963/4539
f 2417/2419/2417 3533/2418/3532 1409/2418/1409
f 2329/2414/2329 4541/2419/4540 2417/2419/2417
f 2420/2426/2420 3649/2425/3648 1525/2425/1525
f 2420/2426/2420 4449/2952/4448 4544/2426/4543
f 2429/2445/2429 3637/2444/3636 1513/2444/1513
f 2429/2445/2429 4437/2950/4436 4553/2445/4552
f 2438/2463/2438 3626/2461/3625 1502/2461/1502
f 2301/2462/2301 4562/2463/4561 2438/2463/2438
f 2481/2545/2481 4368/2964/4367 2244/2964/2244
f 2481/2545/2481 3577/2547/3576 4605/2545/4604
f 2482/2550/2482 3557/2548/3556 1433/2548/1433
f 2482/2550/2482 4368/2964/4367 4606/2550/4605
f 2187/2606/2187 4649/2965/4648 4311/2606/4310
f 1400/2353/1400 4649/2965/4648 2525/2965/2525
f 2526/2608/2526 3577/2547/3576 1453/2547/1453
f 2526/2608/2526 4311/2606/4310 4650/2608/4649
f 2106/1750/2106 4711/1748/4710 2587/1748/2587
f 2587/1748/2587 3879/1027/3878 1755/1027/1755
f 2105/1747/2105 4712/1745/4711 2588/1745/2588
f 2588/1745/2588 3722/1042/3721 1598/1042/1598
f 2592/1733/2592 4224/1735/4223 4716/1733/4715
f 1759/1036/1759 4716/1733/4715 3883/1036/3882
f 2099/1732/2099 4717/1730/4716 2593/1730/2593
f 1636/1024/1636 4717/1730/4716 3760/1024/3759
f 2094/1720/2094 4721/1718/4720 2597/1718/2597
f 1762/2697/1762 4721/1718/4720 3886/2697/3885
f 2610/1679/2610 4201/1681/4200 4734/1679/4733
f 2610/1679/2610 3897/1060/3896 1773/1060/1773
f 2611/1676/2611 4200/1678/4199 4735/1676/4734
f 2611/1676/2611 3710/1033/3709 1586/1033/1586
f 2615/1666/2615 4195/1665/4194 4739/1666/4738
f 1777/1065/1777 4739/1666/4738 3901/1065/3900
f 2616/1661/2616 4194/1663/4193 4740/1661/4739
f 2616/1661/2616 3754/1057/3753 1630/1057/1630
f 1328/2752/1328 4764/2751/4763 3452/2752/3451
f 2038/2753/2038 4764/2751/4763 2640/2751/2640
f 1317/2781/1317 4791/2782/4790 3441/2781/3440
f 2002/2944/2002 4791/2782/4790 2667/2782/2667
f 2680/2796/2680 4109/2795/4108 1985/2795/1985
f 2680/2796/2680 3521/2966/3520 4804/2796/4803
f 2681/2797/2681 3656/2416/3655 1532/2416/1532
f 1985/2795/1985 4805/2797/4804 2681/2797/2681
f 2693/2813/2693 3453/2812/3452 1329/2812/1329
f 2693/2813/2693 4093/2941/4092 4817/2813/4816
f 2702/2822/2702 3468/2823/3467 1344/2823/1344
f 2702/2822/2702 4081/2824/4080 4826/2822/4825
f 1952/2829/1952 4830/2967/4829 4076/2829/4075
f 1409/2418/1409 4830/2967/4829 2706/2967/2706
f 1544/2401/1544 4831/2831/4830 3668/2401/3667
f 2707/2831/2707 4076/2829/4075 4831/2831/4830
f 1348/2836/1348 4834/2837/4833 3472/2836/3471
f 1948/2938/1948 4834/2837/4833 2710/2837/2710
f 1352/2846/1352 4843/2845/4842 3476/2846/3475
f 1936/2847/1936 4843/2845/4842 2719/2845/2719
f 1356/2858/1356 4852/2859/4851 3480/2858/3479
f 1924/2934/1924 4852/2859/4851 2728/2859/2728
f 1867/2918/1867 4895/2919/4894 3991/2918/3990
f 2771/2919/2770 3557/2548/3556 4895/2919/4894
f 1580/2920/1580 4896/2921/4895 3704/2920/3703
f 2772/2921/2771 3991/2918/3990 4896/2921/4895
f 2799/2935/2798 4048/2934/4047 1924/2934/1924
f 2799/2935/2798 3677/2384/3676 4923/2935/4922
f 2802/2937/2801 4060/2847/4059 1936/2847/1936
f 2802/2937/2801 3673/2390/3672 4926/2937/4925
f 1948/2938/1948 4929/2939/4928 4072/2938/4071
f 2805/2939/2804 3669/2397/3668 4929/2939/4928
f 2807/2940/2806 4081/2824/4080 1957/2824/1957
f 2807/2940/2806 3665/2403/3664 4931/2940/4930
f 1969/2941/1969 4934/2942/4933 4093/2941/4092
f 2810/2942/2809 3661/2408/3660 4934/2942/4933
f 2818/2945/2817 4126/2944/4125 2002/2944/2002
f 2818/2945/2817 3649/2425/3648 4942/2945/4941
f 2827/2946/2826 4162/2753/4161 2038/2753/2038
f 2827/2946/2826 3637/2444/3636 4951/2946/4950
f 1777/1065/1777 4959/1066/4958 2835/1066/2834
f 2070/1663/2070 4959/1066/4958 4194/1663/4193
f 2836/2947/2835 4195/1665/4194 2071/1665/2071
f 2836/2947/2835 3626/2461/3625 4960/2947/4959
f 2838/1058/2837 3897/1060/3896 4962/1058/4961
f 2076/1678/2076 4962/1058/4961 4200/1678/4199
f 2839/1055/2838 3754/1057/3753 4963/1055/4962
f 2839/1055/2838 4201/1681/4200 2077/1681/2077
f 1598/1042/1598 4968/1040/4967 2844/1040/2843
f 2094/1720/2094 4968/1040/4967 4218/1720/4217
f 1759/1036/1759 4970/1034/4969 2846/1034/2845
f 2846/1034/2845 4223/1732/4222 2099/1732/2099
f 1586/1033/1586 4971/1031/4970 2847/1031/2846
f 2847/1031/2846 4224/1735/4223 2100/1735/2100
f 2849/1025/2848 3879/1027/3878 4973/1025/4972
f 2105/1747/2105 4973/1025/4972 4229/1747/4228
f 2850/1022/2849 3760/1024/3759 4974/1022/4973
f 2850/1022/2849 4230/1750/4229 2106/1750/2106
f 2301/2462/2301 5023/2949/5022 4425/2462/4424
f 1356/2858/1356 5023/2949/5022 2899/2949/2898
f 2313/2950/2313 5026/2951/5025 4437/2950/4436
f 1352/2846/1352 5026/2951/5025 2902/2951/2901
f 2905/2953/2904 4449/2952/4448 2325/2952/2325
f 1348/2836/1348 5029/2953/5028 2905/2953/2904
f 2334/2954/2334 5031/2955/5030 4458/2954/4457
f 1344/2823/1344 5031/2955/5030 2907/2955/2906
f 2908/2957/2907 4463/2956/4462 2339/2956/2339
f 2908/2957/2907 3453/2812/3452 5032/2957/5031
f 2343/2391/2343 5033/2958/5032 4467/2391/4466
f 2909/2958/2908 3441/2781/3440 5033/2958/5032
f 2347/2959/2347 5034/2960/5033 4471/2959/4470
f 1328/2752/1328 5034/2960/5033 2910/2960/2909
f 2916/850/2915 1315/2654/1315 793/609/793
f 2915/852/2914 1321/2622/1321 796/727/796
f 2914/854/2913 1322/2677/1322 797/723/797
f 1325/856/1325 795/493/795 1667/857/1667
f 2912/859/2911 1326/2703/1326 798/490/798
f 2911/861/2910 1318/2670/1318 794/606/794
f 1345/863/1345 813/2791/813 1680/864/1680
f 1349/866/1349 814/2763/814 1683/867/1683
f 1343/869/1343 812/2801/812 1684/870/1684
f 1353/872/1353 815/2728/815 1687/873/1687
f 1333/875/1333 802/2772/802 1688/876/1688
f 1357/878/1357 816/2708/816 1691/879/1691
f 1342/881/1342 811/2741/811 1692/882/1692
f 2896/884/2895 1359/2871/1359 810/885/810
f 2895/887/2894 1360/2878/1360 809/888/809
f 2894/890/2893 1361/2882/1361 800/891/800
f 2893/893/2892 1362/2679/1362 817/894/817
f 1339/896/1339 808/2581/808 1696/897/1696
f 2891/899/2890 1364/2893/1364 807/900/807
f 2890/902/2889 1365/2899/1365 806/903/806
f 1366/905/1366 801/2766/801 1654/906/1654
f 2888/908/2887 1367/2633/1367 818/909/818
f 2887/911/2886 1336/2610/1336 805/912/805
f 2886/914/2885 1370/2912/1370 804/915/804
f 1371/917/1371 819/2600/819 1703/918/1703
f 1374/920/1374 803/2733/803 1656/921/1656
f 1375/923/1375 820/2570/820 1706/924/1706
f 2882/926/2881 1330/2644/1330 799/927/799
f 2881/929/2880 1438/2566/1438 887/930/887
f 2880/932/2879 1439/2577/1439 888/933/888
f 2879/935/2878 1392/2648/1392 838/936/838
f 1442/938/1442 886/2562/886 1650/939/1650
f 1443/941/1443 889/2561/889 1714/942/1714
f 1435/944/1435 885/2559/885 1715/945/1715
f 1446/947/1446 826/2556/826 1590/948/1590
f 1447/950/1447 890/2555/890 1718/951/1718
f 1434/953/1434 884/2553/884 1719/954/1719
f 1450/956/1450 883/2549/883 1647/957/1647
f 2871/959/2870 1451/2607/1451 891/960/891
f 2870/962/2869 1454/2543/1454 882/963/882
f 2869/965/2868 1455/2620/1455 892/966/892
f 2868/968/2867 1431/2604/1431 881/969/881
f 2867/971/2866 1458/2538/1458 827/972/827
f 2866/974/2865 1459/2630/1459 893/975/893
f 2865/977/2864 1430/2917/1430 880/978/880
f 2864/980/2863 1462/2533/1462 879/981/879
f 2863/983/2862 1463/2641/1463 894/984/894
f 2862/986/2861 1398/2616/1398 844/987/844
f 2861/989/2860 1466/2528/1466 878/990/878
f 2860/992/2859 1467/2651/1467 895/993/895
f 2859/995/2858 1427/2638/1427 877/996/877
f 1470/998/1470 823/2524/823 1587/999/1587
f 2857/1001/2856 1471/2663/1471 896/1002/896
f 2856/1004/2855 1426/2905/1426 876/1005/876
f 2855/1007/2854 1474/2519/1474 830/1008/830
f 2854/1010/2853 1477/2511/1477 831/1011/831
f 1480/1013/1480 873/2502/873 1637/1014/1637
f 2852/1016/2851 1481/2686/1481 899/1017/899
f 2851/1019/2850 1401/2584/1401 847/1020/847
f 2850/1022/2849 1484/2498/1484 872/1023/872
f 2849/1025/2848 1485/2690/1485 900/1026/900
f 2848/1028/2847 1423/2683/1423 871/1029/871
f 2847/1031/2846 1487/2494/1487 822/1032/822
f 2846/1034/2845 1488/2695/1488 901/1035/901
f 2845/1037/2844 1422/2885/1422 870/1038/870
f 2844/1040/2843 1490/2490/1490 834/1041/834
f 2843/1043/2842 1492/2481/1492 835/1044/835
f 2842/1046/2841 1495/2472/1495 867/1047/867
f 2841/1049/2840 1496/2716/1496 904/1050/904
f 1404/1052/1404 850/2470/850 1770/1053/1770
f 2839/1055/2838 1499/2467/1499 866/1056/866
f 2838/1058/2837 1500/2720/1500 905/1059/905
f 2837/1061/2836 1419/2712/1419 865/1062/865
f 1503/1064/1503 906/2460/906 1777/1065/1777
f 1418/1067/1418 864/2857/864 1778/1068/1778
f 2833/1070/2832 1505/2455/1505 863/1071/863
f 2832/1073/2831 1506/2736/1506 907/1074/907
f 2831/1076/2830 1395/2774/1395 841/1077/841
f 1509/1079/1509 862/2451/862 1626/1080/1626
f 1510/1082/1510 908/2450/908 1785/1083/1785
f 1415/1085/1415 861/2448/861 1786/1086/1786
f 1514/1088/1514 909/2443/909 1789/1089/1789
f 2825/1091/2824 1414/2852/1414 860/1092/860
f 1517/1094/1517 859/2438/859 1623/1095/1623
f 1518/1097/1518 910/2437/910 1793/1098/1793
f 1405/1100/1405 851/2435/851 1794/1101/1794
f 1521/1103/1521 858/2432/858 1622/1104/1622
f 1522/1106/1522 911/2431/911 1797/1107/1797
f 1411/1109/1411 857/2429/857 1798/1110/1798
f 1526/1112/1526 912/2424/912 1801/1113/1801
f 1410/1115/1410 856/2422/856 1802/1116/1802
f 2815/1118/2814 1529/2417/1529 855/1119/855
f 2814/1121/2813 1530/2798/1530 913/1122/913
f 1533/1124/1533 854/2413/854 1618/1125/1618
f 2812/1127/2811 1534/2807/1534 914/1128/914
f 1407/1130/1407 853/2411/853 1809/1131/1809
f 1538/1133/1538 915/2407/915 1812/1134/1812
f 2808/1136/2807 1406/2828/1406 852/1137/852
f 2806/1139/2805 1542/2832/1542 916/1140/916
f 1546/1142/1546 917/2396/917 1819/1143/1819
f 1391/1145/1391 837/2394/837 1820/1146/1820
f 2801/1148/2800 1550/2855/1550 918/1149/918
f 1381/1151/1381 824/2387/824 1824/1152/1824
f 1554/1154/1554 919/2383/919 1827/1155/1827
f 1390/1157/1390 836/2381/836 1828/1158/1828
f 2796/1160/2795 1557/2377/1557 849/1161/849
f 2795/1163/2794 1560/2368/1560 848/1164/848
f 1563/1166/1563 839/2360/839 1603/1167/1603
f 1564/1169/1564 922/2359/922 1837/1170/1837
f 1387/1172/1387 832/2357/832 1838/1173/1838
f 1567/1175/1567 846/2354/846 1610/1176/1610
f 2790/1178/2789 1570/2347/1570 845/1179/845
f 2789/1181/2788 1573/2338/1573 840/1182/840
f 2788/1184/2787 1574/2908/1574 925/1185/925
f 2787/1187/2786 1384/2627/1384 828/1188/828
f 1577/1190/1577 843/2334/843 1607/1191/1607
f 1578/1193/1578 926/2331/926 1850/1194/1850
f 2784/1196/2783 1581/2327/1581 842/1197/842
f 2783/1199/2782 1582/2930/1582 927/1200/927
f 2782/1202/2781 1378/2659/1378 821/1203/821
f 2781/1205/2780 1855/2931/1855 1188/1206/1188
f 2780/1208/2779 1856/2929/1856 1189/1209/1189
f 2779/1211/2778 1652/2658/1652 991/1212/991
f 1859/1214/1859 1187/2923/1187 1583/1215/1583
f 1860/1217/1860 1190/2925/1190 1861/1218/1861
f 2776/1220/2775 1852/2927/1852 1186/1221/1186
f 1863/1223/1863 947/2730/947 1334/1224/1334
f 1864/1226/1864 1191/2922/1191 1865/1227/1865
f 2773/1229/2772 1851/2326/1851 1185/1230/1185
f 1868/1232/1868 1184/2911/1184 1579/1233/1579
f 1869/1235/1869 1192/2914/1192 1870/1236/1870
f 2768/1238/2767 1849/2915/1849 1183/1239/1183
f 2767/1241/2766 1872/2913/1872 948/1242/948
f 2766/1244/2765 1873/2910/1873 1193/1245/1193
f 2765/1247/2764 1848/2329/1848 1182/1248/1182
f 2764/1250/2763 1876/2909/1876 1181/1251/1181
f 2763/1253/2762 1877/2907/1877 1194/1254/1194
f 2762/1256/2761 1658/2626/1658 997/1257/997
f 2761/1259/2760 1880/2906/1880 1180/1260/1180
f 2760/1262/2759 1881/2903/1881 1195/1263/1195
f 2759/1265/2758 1845/2904/1845 1179/1266/1179
f 2758/1268/2757 1884/2902/1884 945/1269/945
f 2757/1271/2756 1885/2901/1885 1196/1272/1196
f 2756/1274/2755 1844/2337/1844 1178/1275/1178
f 2755/1277/2754 1888/2900/1888 950/1278/950
f 2754/1280/2753 1889/2894/1889 1197/1281/1197
f 2753/1283/2752 1841/2344/1841 1175/1284/1175
f 2752/1286/2751 1892/2932/1892 951/1287/951
f 1893/1289/1893 1198/2888/1198 1894/1290/1894
f 2750/1292/2749 1839/2350/1839 1173/1293/1173
f 2749/1295/2748 1896/2933/1896 1172/1296/1172
f 1897/1298/1897 1199/2887/1199 1898/1299/1898
f 1661/1301/1661 1000/2593/1000 1899/1302/1899
f 2746/1304/2745 1900/2886/1900 1171/1305/1171
f 2745/1307/2744 1901/2883/1901 1200/1308/1200
f 2744/1310/2743 1836/2884/1836 1170/1311/1170
f 1904/1313/1904 944/2710/944 1331/1314/1331
f 2742/1316/2741 1905/2880/1905 1201/1317/1201
f 2741/1319/2740 1835/2358/1835 1169/1320/1169
f 2740/1322/1732 1908/2879/1908 953/1323/953
f 2739/1325/2739 1909/2873/1909 1202/1326/1202
f 2738/1328/2738 1832/2365/1832 1166/1329/1166
f 2737/1331/2737 1912/2872/1912 954/1332/954
f 2736/1334/2736 1913/2866/1913 1203/1335/1203
f 2735/1337/2735 1829/2374/1829 1163/1338/1163
f 1916/1340/1916 1162/2380/1162 1556/1341/1556
f 1917/1343/1917 1204/2865/1204 1918/1344/1918
f 1664/1346/1664 1003/2756/1003 1919/1347/1919
f 2731/1349/2731 1920/2864/1920 1161/1350/1161
f 1921/1352/1921 1205/2860/1205 1922/1353/1922
f 2729/1355/2729 1826/2862/1826 1160/1356/1160
f 1925/1358/1925 1206/2856/1206 1926/1359/1926
f 2726/1361/2726 1825/2382/1825 1159/1362/1159
f 2725/1364/2725 1928/2936/1928 1158/1365/1158
f 1929/1367/1929 1207/2854/1207 1930/1368/1930
f 2723/1370/2723 1655/2785/1655 994/1371/994
f 2722/1373/2722 1932/2853/1932 1157/1374/1157
f 1933/1376/1933 1208/2848/1208 1934/1377/1934
f 2720/1379/2720 1822/2850/1822 1156/1380/1156
f 2718/1382/2718 1937/2844/1937 1209/1383/1209
f 2717/1385/2717 1821/2388/1821 1155/1386/1155
f 1940/1388/1940 1154/2393/1154 1548/1389/1548
f 1941/1391/1941 1210/2841/1210 1942/1392/1942
f 1665/1394/1665 1004/2815/1004 1943/1395/1943
f 1944/1397/1944 1153/2834/1153 1547/1398/1547
f 1945/1400/1945 1211/2838/1211 1946/1401/1946
f 1818/1403/1818 1152/2843/1152 1947/1404/1947
f 1949/1406/1949 1212/2833/1212 1950/1407/1950
f 1817/1409/1817 1151/2395/1151 1951/1410/1951
f 1953/1412/1953 1150/2820/1150 1543/1413/1543
f 2704/1415/2704 1954/2825/1954 1213/1416/1213
f 1815/1418/1815 1149/2830/1149 1956/1419/1956
f 2701/1421/2701 1958/2819/1958 1214/1422/1214
f 1814/1424/1814 1148/2400/1148 1960/1425/1960
f 1961/1427/1961 1147/2405/1147 1540/1428/1540
f 1962/1430/1962 1215/2816/1215 1963/1431/1963
f 1678/1433/1678 1017/2827/1017 1964/1434/1964
f 1965/1436/1965 1146/2810/1146 1539/1437/1539
f 1966/1439/1966 1216/2814/1216 1967/1440/1967
f 1811/1442/1811 1145/2818/1145 1968/1443/1968
f 1970/1445/1970 1217/2809/1217 1971/1446/1971
f 1810/1448/1810 1144/2406/1144 1972/1449/1972
f 2690/1451/2690 1973/2808/1973 1143/1452/1143
f 2689/1454/2689 1974/2806/1974 1218/1455/1218
f 2688/1457/2688 1679/2793/1679 1018/1458/1018
f 2687/1460/2687 1977/2805/1977 1142/1461/1142
f 2686/1463/2686 1978/2803/1978 1219/1464/1219
f 2685/1466/2685 1807/2804/1807 1141/1467/1141
f 2684/1469/2684 1981/2802/1981 959/1470/959
f 1982/1472/1982 1220/2799/1220 1983/1473/1983
f 2682/1475/2682 1806/2412/1806 1140/1476/1140
f 2679/1478/2679 1986/2943/1986 1139/1479/1139
f 1987/1481/1987 1221/2792/1221 1988/1482/1988
f 2677/1484/2677 1804/2794/1804 1138/1485/1138
f 1990/1487/1990 960/2826/960 1347/1488/1347
f 1991/1490/1991 1222/2789/1222 1992/1491/1992
f 1803/1493/1803 1137/2415/1137 1993/1494/1993
f 1994/1496/1994 1136/2421/1136 1528/1497/1528
f 1995/1499/1995 1223/2786/1223 1996/1500/1996
f 1681/1502/1681 1020/2840/1020 1997/1503/1997
f 1998/1505/1998 1135/2779/1135 1527/1506/1527
f 1999/1508/1999 1224/2783/1224 2000/1509/2000
f 1800/1511/1800 1134/2788/1134 2001/1512/2001
f 2003/1514/2003 1225/2778/1225 2004/1515/2004
f 1799/1517/1799 1133/2423/1133 2005/1518/2005
f 2006/1520/2006 1132/2428/1132 1524/1521/1524
f 2007/1523/2007 1226/2775/1226 2008/1524/2008
f 1682/1526/1682 1021/2765/1021 2009/1527/2009
f 2010/1529/2010 1131/2771/1131 1523/1530/1523
f 2660/1532/2660 2011/2773/2011 1227/1533/1227
f 1796/1535/1796 1130/2777/1130 2013/1536/2013
f 2014/1538/2014 963/2784/963 1350/1539/1350
f 2015/1541/2015 1228/2770/1228 2016/1542/2016
f 1795/1544/1795 1129/2430/1129 2017/1545/2017
f 2018/1547/2018 1128/2434/1128 1520/1548/1520
f 2654/1550/2654 2019/2767/2019 1229/1551/1229
f 2653/1553/2653 1677/2768/1677 1016/1554/1016
f 2022/1556/2022 1127/2761/1127 1519/1557/1519
f 2023/1559/2023 1230/2764/1230 2024/1560/2024
f 1792/1562/1792 1126/2769/1126 2025/1563/2025
f 2026/1565/2026 964/2839/964 1351/1566/1351
f 2027/1568/2027 1231/2760/1231 2028/1569/2028
f 1791/1571/1791 1125/2436/1125 2029/1572/2029
f 2030/1574/2030 1124/2440/1124 1516/1575/1516
f 2645/1577/2645 2031/2757/2031 1232/1578/1232
f 1685/1580/1685 1024/2851/1024 2033/1581/2033
f 2034/1583/2034 1123/2749/1123 1515/1584/1515
f 2035/1586/2035 1233/2754/1233 2036/1587/2036
f 2641/1589/2641 1788/2759/1788 1122/1590/1122
f 2639/1592/2639 2039/2748/2039 1234/1593/1234
f 1787/1595/1787 1121/2442/1121 2041/1596/2041
f 2042/1598/2042 1120/2447/1120 1512/1599/1512
f 2043/1601/2043 1235/2745/1235 2044/1602/2044
f 1686/1604/1686 1025/2732/1025 2045/1605/2045
f 2046/1607/2046 1119/2739/1119 1511/1608/1511
f 2047/1610/2047 1236/2742/1236 2048/1611/2048
f 1784/1613/1784 1118/2747/1118 2049/1614/2049
f 2050/1616/2050 967/2755/967 1354/1617/1354
f 2051/1619/2051 1237/2738/1237 2052/1620/2052
f 1783/1622/1783 1117/2449/1117 2053/1623/2053
f 2628/1625/2628 2054/2737/2054 1116/1626/1116
f 2627/1628/2627 2055/2734/2055 1238/1629/1238
f 2626/1631/2626 1669/2735/1669 1008/1632/1008
f 2058/1634/2058 1115/2726/1115 1507/1635/1507
f 2624/1637/2624 2059/2729/2059 1239/1638/1239
f 2623/1640/2623 1780/2731/1780 1114/1641/1114
f 2062/1643/2062 968/2849/968 1355/1644/1355
f 2063/1646/2063 1240/2725/1240 2064/1647/2064
f 2620/1649/2620 1779/2454/1779 1113/1650/1113
f 2619/1652/2619 2066/2724/2066 1112/1653/1112
f 2618/1655/2618 2067/2722/2067 1241/1656/1241
f 1689/1658/1689 1028/2863/1028 2069/1659/2069
f 2616/1661/2616 1776/2721/1776 1111/1662/1111
f 1775/1664/1775 1110/2459/1110 2071/1665/2071
f 2072/1667/2072 1109/2465/1109 1501/1668/1501
f 2613/1670/2613 2073/2718/2073 1242/1671/1242
f 1690/1673/1690 1029/2711/1029 2075/1674/2075
f 2611/1676/2611 1772/2717/1772 1108/1677/1108
f 2610/1679/2610 1771/2466/1771 1107/1680/1107
f 2078/1682/2078 1106/2469/1106 1498/1683/1498
f 2079/1685/2079 1243/2713/1243 2080/1686/2080
f 1676/1688/1676 1015/2744/1015 2081/1689/2081
f 2082/1691/2082 1105/2706/1105 1497/1692/1497
f 2605/1694/2605 2083/2709/2083 1244/1695/1244
f 1768/1697/1768 1104/2715/1104 2085/1698/2085
f 2086/1700/2086 971/2861/971 1358/1701/1358
f 2087/1703/2087 1245/2705/1245 2088/1704/2088
f 1767/1706/1767 1103/2471/1103 2089/1707/2089
f 2600/1709/2600 2090/2704/2090 940/1710/940
f 2599/1712/2599 2091/2698/2091 1246/1713/1246
f 2598/1715/2598 1764/2478/1764 1100/1716/1100
f 2597/1718/2597 1761/2487/1761 1098/1719/1098
f 2596/1721/2596 2095/2696/2095 1097/1722/1097
f 2595/1724/2595 2096/2693/2096 1247/1725/1247
f 2594/1727/2594 1693/2694/1693 1032/1728/1032
f 2593/1730/2593 1758/2692/1758 1096/1731/1096
f 2592/1733/2592 1757/2493/1757 1095/1734/1095
f 2591/1736/2591 2101/2691/2101 1094/1737/1094
f 2590/1739/2590 2102/2689/2102 1248/1740/1248
f 2589/1742/2589 1694/2682/1694 1033/1743/1033
f 2588/1745/2588 1754/2688/1754 1093/1746/1093
f 2587/1748/2587 1753/2497/1753 1092/1749/1092
f 2586/1751/2586 2107/2687/2107 1091/1752/1091
f 2585/1754/2585 2108/2685/2108 1249/1755/1249
f 2584/1757/2584 1673/2583/1673 1012/1758/1012
f 2583/1760/2583 2111/2684/2111 1090/1761/1090
f 2582/1763/2582 2112/2680/2112 1250/1764/1250
f 2581/1766/2581 1750/2681/1750 1089/1767/1089
f 2580/1769/2580 2115/2948/2115 976/1770/976
f 2116/1772/2116 1251/2678/1251 2117/1773/2117
f 2578/1775/2578 1749/2501/1749 1088/1776/1088
f 2119/1778/2119 937/2613/937 1324/1779/1324
f 2576/1781/2576 2120/2672/2120 1252/1782/1252
f 1746/1784/1746 1085/2508/1085 2122/1785/2122
f 2574/1787/2574 2123/2671/2123 936/1788/936
f 2573/1790/2573 2124/2665/2124 1253/1791/1253
f 2572/1793/2572 1743/2516/1743 1082/1794/1082
f 2571/1796/2571 2127/2664/2127 1081/1797/1081
f 2570/1799/2570 2128/2661/2128 1254/1800/1254
f 2569/1802/2569 1697/2662/1697 1036/1803/1036
f 2568/1805/2568 2131/2660/2131 1080/1806/1080
f 2567/1808/2567 2132/2656/2132 1255/1809/1255
f 2566/1811/2566 1740/2657/1740 1079/1812/1079
f 2565/1814/2565 2135/2655/2135 929/1815/929
f 2564/1817/2564 2136/2653/2136 1256/1818/1256
f 2563/1820/2563 1739/2523/1739 1078/1821/1078
f 2562/1823/2562 2139/2652/2139 1077/1824/1077
f 2561/1826/2561 2140/2650/2140 1257/1827/1257
f 2560/1829/2560 1698/2637/1698 1037/1830/1037
f 2559/1832/2559 2143/2649/2143 1076/1833/1076
f 2558/1835/2558 2144/2646/2144 1258/1836/1258
f 2557/1838/2557 1736/2647/1736 1075/1839/1075
f 2556/1841/2556 2147/2645/2147 981/1842/981
f 2555/1844/2555 2148/2643/2148 1259/1845/1259
f 2554/1847/2554 1735/2527/1735 1074/1848/1074
f 2553/1850/2553 2151/2642/2151 1073/1851/1073
f 2552/1853/2552 2152/2640/2152 1260/1854/1260
f 2551/1856/2551 1671/2615/1671 1010/1857/1010
f 2550/1859/2550 2155/2639/2155 1072/1860/1072
f 2549/1862/2549 2156/2635/2156 1261/1863/1261
f 2548/1865/2548 1732/2636/1732 1071/1866/1071
f 2547/1868/2547 2159/2634/2159 982/1869/982
f 2546/1871/2546 2160/2632/2160 1262/1872/1262
f 2545/1874/2545 1731/2532/1731 1070/1875/1070
f 2544/1877/2544 2163/2631/2163 1069/1878/1069
f 2543/1880/2543 2164/2629/2164 1263/1881/1263
f 2542/1883/2542 1701/2916/1701 1040/1884/1040
f 2541/1886/2541 2167/2628/2167 1068/1887/1068
f 2540/1889/2540 2168/2624/2168 1264/1890/1264
f 2539/1892/2539 1728/2625/1728 1067/1893/1067
f 2538/1895/2538 2171/2623/2171 933/1896/933
f 2537/1898/2537 2172/2621/2172 1265/1899/1265
f 2536/1901/2536 1727/2537/1727 1066/1902/1066
f 2175/1904/2175 1065/2541/1065 1457/1905/1457
f 2534/1907/2534 2176/2618/2176 1266/1908/1266
f 1702/1910/1702 1041/2603/1041 2178/1911/2178
f 2532/1913/2532 2179/2617/2179 1064/1914/1064
f 2531/1916/2531 2180/2612/2180 1267/1917/1267
f 2530/1919/2530 1724/2614/1724 1063/1920/1063
f 2529/1922/2529 2183/2611/2183 985/1923/985
f 2528/1925/2528 2184/2609/2184 1268/1926/1268
f 2527/1928/2527 1723/2542/1723 1062/1929/1062
f 2188/1931/2188 1061/2598/1061 1452/1932/1452
f 2523/1934/2523 2189/2602/2189 1269/1935/1269
f 2522/1937/2522 1721/2605/1721 1060/1938/1060
f 2521/1940/2521 2192/2601/2192 986/1941/986
f 2193/1943/2193 1270/2597/1270 2194/1944/2194
f 1720/1946/1720 1059/2546/1059 2195/1947/2195
f 2196/1949/2196 1058/2552/1058 1449/1950/1449
f 2197/1952/2197 1271/2594/1271 2198/1953/2198
f 1704/1955/1704 1043/2928/1043 2199/1956/2199
f 2200/1958/2200 1057/2589/1057 1448/1959/1448
f 2201/1961/2201 1272/2591/1272 2202/1962/2202
f 1717/1964/1717 1056/2596/1056 2203/1965/2203
f 2204/1967/2204 932/2743/932 1319/1968/1319
f 2205/1970/2205 1273/2588/1273 2206/1971/2206
f 1716/1973/1716 1055/2554/1055 2207/1974/2207
f 2208/1976/2208 1054/2558/1054 1445/1977/1445
f 2508/1979/2508 2209/2586/2209 1274/1980/1274
f 1705/1982/1705 1044/2573/1044 2211/1983/2211
f 2506/1985/2506 2212/2585/2212 1053/1986/1053
f 2505/1988/2505 2213/2582/2213 1275/1989/1275
f 1713/1991/1713 1052/2587/1052 2215/1992/2215
f 2216/1994/2216 989/2592/989 1376/1995/1376
f 2217/1997/2217 1276/2579/1276 2218/1998/2218
f 1712/2000/1712 1051/2560/1051 2219/2001/2219
f 2500/2003/2500 2220/2578/2220 1050/2004/1050
f 2499/2006/2499 2221/2575/2221 1277/2007/1277
f 2498/2009/2498 1666/2576/1666 1005/2010/1005
f 2497/2012/2497 2224/2574/2224 1049/2013/1049
f 2496/2015/2496 2225/2571/2225 1278/2016/1278
f 2495/2018/2495 1709/2572/1709 1048/2019/1048
f 2228/2021/2228 990/2926/990 1377/2022/1377
f 2493/2024/2493 2229/2568/2229 1279/2025/1279
f 2492/2027/2492 1708/2565/1708 1047/2028/1047
f 2491/2030/2491 2232/2567/2232 1046/2031/1046
f 2490/2033/2490 2233/2563/2233 1280/2034/1280
f 2489/2036/2489 1602/2564/1602 943/2037/943
f 2236/2039/2236 1045/2595/1045 1436/2040/1436
f 2237/2042/2237 1281/2557/1281 2238/2043/2238
f 1649/2045/1649 988/2569/988 2239/2046/2239
f 2240/2048/2240 995/2746/995 1382/2049/1382
f 2241/2051/2241 1282/2551/1282 2242/2052/2242
f 1648/2054/1648 987/2924/987 2243/2055/2243
f 2480/2057/2480 2245/2544/2245 1042/2058/1042
f 2479/2060/2479 2246/2540/2246 1283/2061/1283
f 1645/2063/1645 984/2599/984 2248/2064/2248
f 2477/2066/2477 2249/2539/2249 996/2067/996
f 2250/2069/2250 1284/2535/1284 2251/2070/2251
f 2475/2072/2475 1644/2536/1644 983/2073/983
f 2474/2075/2474 2253/2534/2253 1039/2076/1039
f 2473/2078/2473 2254/2530/2254 1285/2079/1285
f 2472/2081/2472 1608/2531/1608 949/2082/949
f 2471/2084/2471 2257/2529/2257 1038/2085/1038
f 2470/2087/2470 2258/2525/2258 1286/2088/1286
f 2469/2090/2469 1641/2526/1641 980/2091/980
f 2261/2093/2261 993/2776/993 1380/2094/1380
f 2467/2096/2467 2262/2521/2262 1287/2097/1287
f 2466/2099/2466 1640/2522/1640 979/2100/979
f 2465/2102/2465 2265/2520/2265 998/2103/998
f 2464/2105/2464 2266/2512/2266 1288/2106/1288
f 2463/2108/2463 1639/2515/1639 978/2109/978
f 2269/2111/2269 999/2619/999 1386/2112/1386
f 2270/2114/2270 1289/2504/1289 2271/2115/2271
f 2460/2117/2460 1638/2507/1638 977/2118/977
f 2459/2120/2459 2273/2503/2273 1035/2121/1035
f 2458/2123/2458 2274/2500/2274 1290/2124/1290
f 1611/2126/1611 952/2580/952 2276/2127/2276
f 2456/2129/2456 2277/2499/2277 1034/2130/1034
f 2455/2132/2455 2278/2495/2278 1291/2133/1291
f 2454/2135/2454 1635/2496/1635 975/2136/975
f 2281/2138/2281 992/2719/992 1379/2139/1379
f 2452/2141/2452 2282/2492/2282 1292/2142/1292
f 1634/2144/1634 974/2881/974 2284/2145/2284
f 2450/2147/2450 2285/2491/2285 1001/2148/1001
f 2449/2150/2449 2286/2483/2286 1293/2151/1293
f 2448/2153/2448 1633/2486/1633 973/2154/973
f 2447/2156/2447 2289/2482/2289 1002/2157/1002
f 2446/2159/2446 2290/2474/2290 1294/2160/1294
f 2445/2162/2445 1632/2477/1632 972/2163/972
f 2444/2165/2444 2293/2473/2293 1031/2166/1031
f 2294/2168/2294 1295/2468/1295 2295/2169/2295
f 1614/2171/1614 955/2740/955 2296/2172/2296
f 2297/2174/2297 1030/2723/1030 1420/2175/1420
f 2440/2177/2440 2298/2464/2298 1296/2178/1296
f 1629/2180/1629 970/2707/970 2300/2181/2300
f 2302/2183/2302 1297/2457/1297 2303/2184/2303
f 2436/2186/2436 1628/2458/1628 969/2187/969
f 2435/2189/2435 2305/2456/2305 1027/2190/1027
f 2434/2192/2434 2306/2452/2306 1298/2193/1298
f 2433/2195/2433 1605/2453/1605 946/2196/946
f 2309/2198/2309 1026/2758/1026 1416/2199/1416
f 2310/2201/2310 1299/2446/1299 2311/2202/2311
f 1625/2204/1625 966/2727/966 2312/2205/2312
f 2314/2207/2314 1300/2439/1300 2315/2208/2315
f 2427/2210/2427 1624/2441/1624 965/2211/965
f 2317/2213/2317 1023/2842/1023 1413/2214/1413
f 2318/2216/2318 1301/2433/1301 2319/2217/2319
f 1615/2219/1615 956/2800/956 2320/2220/2320
f 2321/2222/2321 1022/2787/1022 1412/2223/1412
f 2322/2225/2322 1302/2427/1302 2323/2226/2323
f 1621/2228/1621 962/2762/962 2324/2229/2324
f 2326/2231/2326 1303/2420/1303 2327/2232/2327
f 1620/2234/1620 961/2835/961 2328/2235/2328
f 2330/2237/2330 1019/2817/1019 1408/2238/1408
f 2331/2240/2331 1304/2410/1304 2332/2241/2332
f 2413/2243/2413 1617/2790/1617 958/2244/958
f 2335/2246/2335 1305/2404/1305 2336/2247/2336
f 1616/2249/1616 957/2821/957 2337/2250/2337
f 2340/2252/2340 1306/2392/1306 2341/2253/2341
f 1601/2255/1601 942/2811/942 2342/2256/2342
f 2403/2258/2403 2344/2386/2344 1307/2259/1307
f 1588/2261/1588 930/2780/930 2346/2262/2346
f 2348/2264/2348 1308/2379/1308 2349/2265/2349
f 2399/2267/2399 1600/2750/1600 941/2268/941
f 2398/2270/2398 2351/2378/2351 1014/2271/1014
f 2397/2273/2397 2352/2370/2352 1309/2274/1309
f 2396/2276/2396 1589/2373/1589 931/2277/931
f 2395/2279/2395 2355/2369/2355 1013/2280/1013
f 2394/2282/2394 2356/2361/2356 1310/2283/1310
f 2393/2285/2393 1597/2364/1597 939/2286/939
f 2359/2288/2359 1006/2714/1006 1393/2289/1393
f 2360/2291/2360 1311/2356/1311 2361/2292/2361
f 1596/2294/1596 938/2590/938 2362/2295/2362
f 2387/2297/2387 2364/2348/2364 1011/2298/1011
f 2386/2300/2386 2365/2340/2365 1312/2301/1312
f 2385/2303/2385 1593/2343/1593 935/2304/935
f 2384/2306/2384 2368/2339/2368 1007/2307/1007
f 2383/2309/2383 2369/2335/2369 1313/2310/1313
f 2382/2312/2382 1592/2336/1592 934/2313/934
f 2379/2315/2379 2373/2328/2373 1009/2316/1009
f 2378/2318/2378 2374/2324/2374 1314/2319/1314
f 2377/2321/2377 1585/2325/1585 928/2322/928
f 2374/2324/2374 2377/2321/2377 2376/2323/2376
f 1188/1206/1188 1854/1204/1854 2377/2321/2377
f 1854/1204/1854 821/1203/821 1585/2325/1585
f 1851/2326/1851 2378/2318/2378 2375/2320/2375
f 927/1200/927 1584/1207/1584 2378/2318/2378
f 1584/1207/1584 1188/1206/1188 2374/2324/2374
f 1581/2327/1581 2379/2315/2379 1396/2317/1396
f 1185/1230/1185 2375/2320/2375 2379/2315/2379
f 2375/2320/2375 1314/2319/1314 2373/2328/2373
f 1848/2329/1848 2380/2332/2380 2372/2330/2372
f 926/2331/926 1580/2920/1580 2380/2332/2380
f 2381/2333/2381 1397/2966/1397 843/2334/843
f 2372/2330/2372 2381/2333/2381 1577/1190/1577
f 2369/2335/2369 2382/2312/2382 2371/2314/2371
f 1181/1251/1181 1847/1189/1847 2382/2312/2382
f 1847/1189/1847 828/1188/828 1592/2336/1592
f 1844/2337/1844 2383/2309/2383 2370/2311/2370
f 925/1185/925 1576/1252/1576 2383/2309/2383
f 1576/1252/1576 1181/1251/1181 2369/2335/2369
f 1573/2338/1573 2384/2306/2384 1394/2308/1394
f 1178/1275/1178 2370/2311/2370 2384/2306/2384
f 2370/2311/2370 1313/2310/1313 2368/2339/2368
f 2365/2340/2365 2385/2303/2385 2367/2305/2367
f 1177/2341/1177 1843/2342/1843 2385/2303/2385
f 1843/2342/1843 829/2675/829 1593/2343/1593
f 1841/2344/1841 2386/2300/2386 2366/2302/2366
f 924/2345/924 1572/2346/1572 2386/2300/2386
f 1572/2346/1572 1177/2341/1177 2365/2340/2365
f 1570/2347/1570 2387/2297/2387 1399/2299/1399
f 1175/1284/1175 2366/2302/2366 2387/2297/2387
f 2366/2302/2366 1312/2301/1312 2364/2348/2364
f 2388/2349/2388 2363/2961/2363 1173/1293/1173
f 1569/2351/1569 2388/2349/2388 1839/2350/1839
f 1567/1175/1567 2389/2355/2389 1400/2353/1400
f 1173/1293/1173 2363/2961/2363 2389/2355/2389
f 2390/2296/2390 2362/2295/2362 1311/2356/1311
f 1838/1173/1838 2390/2296/2390 2360/2291/2360
f 832/2357/832 1596/2294/1596 2390/2296/2390
f 2391/2293/2391 2361/2292/2361 1169/1320/1169
f 922/2359/922 1566/1297/1566 2391/2293/2391
f 1566/1297/1566 1172/1296/1172 2360/2291/2360
f 2392/2290/2392 1393/2289/1393 839/2360/839
f 2361/2292/2361 2392/2290/2392 1563/1166/1563
f 1311/2356/1311 2359/2288/2359 2392/2290/2392
f 2356/2361/2356 2393/2285/2393 2358/2287/2358
f 1168/2362/1168 1834/2363/1834 2393/2285/2393
f 1834/2363/1834 833/2702/833 1597/2364/1597
f 1832/2365/1832 2394/2282/2394 2357/2284/2357
f 921/2366/921 1562/2367/1562 2394/2282/2394
f 1562/2367/1562 1168/2362/1168 2356/2361/2356
f 1560/2368/1560 2395/2279/2395 1402/2281/1402
f 1166/1329/1166 2357/2284/2357 2395/2279/2395
f 2357/2284/2357 1310/2283/1310 2355/2369/2355
f 2352/2370/2352 2396/2276/2396 2354/2278/2354
f 1165/2371/1165 1831/2372/1831 2396/2276/2396
f 1831/2372/1831 825/2668/825 1589/2373/1589
f 1829/2374/1829 2397/2273/2397 2353/2275/2353
f 920/2375/920 1559/2376/1559 2397/2273/2397
f 1559/2376/1559 1165/2371/1165 2352/2370/2352
f 1557/2377/1557 2398/2270/2398 1403/2272/1403
f 1163/1338/1163 2353/2275/2353 2398/2270/2398
f 2353/2275/2353 1309/2274/1309 2351/2378/2351
f 2399/2267/2399 2350/2269/2350 1308/2379/1308
f 1828/1158/1828 2399/2267/2399 2348/2264/2348
f 836/2381/836 1600/2750/1600 2399/2267/2399
f 2400/2266/2400 2349/2265/2349 1159/1362/1159
f 1556/1341/1556 2400/2266/2400 1825/2382/1825
f 1162/2380/1162 2348/2264/2348 2400/2266/2400
f 2349/2265/2349 2401/2385/2401 1553/2384/1553
f 1308/2379/1308 2347/2959/2347 2401/2385/2401
f 2344/2386/2344 2402/2263/2402 2346/2262/2346
f 1824/1152/1824 2402/2263/2402 2344/2386/2344
f 824/2387/824 1588/2261/1588 2402/2263/2402
f 1821/2388/1821 2403/2258/2403 2345/2260/2345
f 918/1149/918 1552/1366/1552 2403/2258/2403
f 1552/1366/1552 1158/1365/1158 2344/2386/2344
f 1155/1386/1155 2345/2260/2345 2404/2389/2404
f 2345/2260/2345 1307/2259/1307 2343/2391/2343
f 2405/2257/2405 2342/2256/2342 1306/2392/1306
f 1820/1146/1820 2405/2257/2405 2340/2252/2340
f 837/2394/837 1601/2255/1601 2405/2257/2405
f 2406/2254/2406 2341/2253/2341 1151/2395/1151
f 1548/1389/1548 2406/2254/2406 1817/1409/1817
f 1154/2393/1154 2340/2252/2340 2406/2254/2406
f 2341/2253/2341 2407/2398/2407 1545/2397/1545
f 1306/2392/1306 2339/2956/2339 2407/2398/2407
f 1814/1424/1814 2408/2962/2408 2338/2399/2338
f 1544/2401/1544 2408/2962/2408 1814/1424/1814
f 1148/2400/1148 2338/2399/2338 2409/2402/2409
f 2410/2251/2410 2337/2250/2337 1305/2404/1305
f 1147/2405/1147 1813/1138/1813 2410/2251/2410
f 1813/1138/1813 852/1137/852 1616/2249/1616
f 2411/2248/2411 2336/2247/2336 1144/2406/1144
f 1540/1428/1540 2411/2248/2411 1810/1448/1810
f 1147/2405/1147 2335/2246/2335 2411/2248/2411
f 2336/2247/2336 2412/2409/2412 1537/2408/1537
f 1305/2404/1305 2334/2954/2334 2412/2409/2412
f 2413/2243/2413 2333/2245/2333 1304/2410/1304
f 1809/1131/1809 2413/2243/2413 2331/2240/2331
f 853/2411/853 1617/2790/1617 2413/2243/2413
f 1806/2412/1806 2414/2242/2414 2332/2241/2332
f 914/1128/914 1536/1453/1536 2414/2242/2414
f 1536/1453/1536 1143/1452/1143 2331/2240/2331
f 2415/2239/2415 1408/2238/1408 854/2413/854
f 2332/2241/2332 2415/2239/2415 1533/1124/1533
f 1304/2410/1304 2330/2237/2330 2415/2239/2415
f 1803/1493/1803 2416/2963/2416 2329/2414/2329
f 1532/2416/1532 2416/2963/2416 1803/1493/1803
f 1529/2417/1529 2417/2419/2417 1409/2418/1409
f 1137/2415/1137 2329/2414/2329 2417/2419/2417
f 2418/2236/2418 2328/2235/2328 1303/2420/1303
f 1802/1116/1802 2418/2236/2418 2326/2231/2326
f 856/2422/856 1620/2234/1620 2418/2236/2418
f 2419/2233/2419 2327/2232/2327 1133/2423/1133
f 1528/1497/1528 2419/2233/2419 1799/1517/1799
f 1136/2421/1136 2326/2231/2326 2419/2233/2419
f 2327/2232/2327 2420/2426/2420 1525/2425/1525
f 1303/2420/1303 2325/2952/2325 2420/2426/2420
f 2421/2230/2421 2324/2229/2324 1302/2427/1302
f 1798/1110/1798 2421/2230/2421 2322/2225/2322
f 857/2429/857 1621/2228/1621 2421/2230/2421
f 2422/2227/2422 2323/2226/2323 1129/2430/1129
f 1524/1521/1524 2422/2227/2422 1795/1544/1795
f 1132/2428/1132 2322/2225/2322 2422/2227/2422
f 2423/2224/2423 1412/2223/1412 858/2432/858
f 2323/2226/2323 2423/2224/2423 1521/1103/1521
f 1302/2427/1302 2321/2222/2321 2423/2224/2423
f 2424/2221/2424 2320/2220/2320 1301/2433/1301
f 1794/1101/1794 2424/2221/2424 2318/2216/2318
f 851/2435/851 1615/2219/1615 2424/2221/2424
f 2425/2218/2425 2319/2217/2319 1125/2436/1125
f 1520/1548/1520 2425/2218/2425 1791/1571/1791
f 1128/2434/1128 2318/2216/2318 2425/2218/2425
f 2426/2215/2426 1413/2214/1413 859/2438/859
f 2319/2217/2319 2426/2215/2426 1517/1094/1517
f 1301/2433/1301 2317/2213/2317 2426/2215/2426
f 2427/2210/2427 2316/2212/2316 1300/2439/1300
f 1790/1093/1790 2427/2210/2427 2314/2207/2314
f 1790/1093/1790 860/1092/860 1624/2441/1624
f 2428/2209/2428 2315/2208/2315 1121/2442/1121
f 1516/1575/1516 2428/2209/2428 1787/1595/1787
f 1124/2440/1124 2314/2207/2314 2428/2209/2428
f 2315/2208/2315 2429/2445/2429 1513/2444/1513
f 1300/2439/1300 2313/2950/2313 2429/2445/2429
f 2430/2206/2430 2312/2205/2312 1299/2446/1299
f 1786/1086/1786 2430/2206/2430 2310/2201/2310
f 861/2448/861 1625/2204/1625 2430/2206/2430
f 1783/1622/1783 2431/2203/2431 2311/2202/2311
f 1512/1599/1512 2431/2203/2431 1783/1622/1783
f 1120/2447/1120 2310/2201/2310 2431/2203/2431
f 2432/2200/2432 1416/2199/1416 862/2451/862
f 1117/2449/1117 2311/2202/2311 2432/2200/2432
f 1299/2446/1299 2309/2198/2309 2432/2200/2432
f 2306/2452/2306 2433/2195/2433 2308/2197/2308
f 1116/1626/1116 1782/1078/1782 2433/2195/2433
f 1782/1078/1782 841/1077/841 1605/2453/1605
f 1779/2454/1779 2434/2192/2434 2307/2194/2307
f 907/1074/907 1508/1627/1508 2434/2192/2434
f 1508/1627/1508 1116/1626/1116 2306/2452/2306
f 1505/2455/1505 2435/2189/2435 1417/2191/1417
f 1113/1650/1113 2307/2194/2307 2435/2189/2435
f 2307/2194/2307 1298/2193/1298 2305/2456/2305
f 2302/2183/2302 2436/2186/2436 2304/2188/2304
f 1778/1068/1778 2436/2186/2436 2302/2183/2302
f 1778/1068/1778 864/2857/864 1628/2458/1628
f 1775/1664/1775 2437/2185/2437 2303/2184/2303
f 1504/1654/1504 2437/2185/2437 1775/1664/1775
f 1112/1653/1112 2302/2183/2302 2437/2185/2437
f 2303/2184/2303 2438/2463/2438 1502/2461/1502
f 2303/2184/2303 1297/2457/1297 2301/2462/2301
f 2298/2464/2298 2439/2182/2439 2300/2181/2300
f 1109/2465/1109 1774/1063/1774 2439/2182/2439
f 1774/1063/1774 865/1062/865 1629/2180/1629
f 1771/2466/1771 2440/2177/2440 2299/2179/2299
f 905/1059/905 1501/1668/1501 2440/2177/2440
f 1501/1668/1501 1109/2465/1109 2298/2464/2298
f 1499/2467/1499 2441/2176/2441 1420/2175/1420
f 1107/1680/1107 2299/2179/2299 2441/2176/2441
f 1296/2178/1296 2297/2174/2297 2441/2176/2441
f 2294/2168/2294 2442/2173/2442 2296/2172/2296
f 1770/1053/1770 2442/2173/2442 2294/2168/2294
f 850/2470/850 1614/2171/1614 2442/2173/2442
f 2443/2170/2443 2295/2169/2295 1103/2471/1103
f 1498/1683/1498 2443/2170/2443 1767/1706/1767
f 1106/2469/1106 2294/2168/2294 2443/2170/2443
f 1495/2472/1495 2444/2165/2444 1421/2167/1421
f 2295/2169/2295 2444/2165/2444 1495/2472/1495
f 2295/2169/2295 1295/2468/1295 2293/2473/2293
f 2290/2474/2290 2445/2162/2445 2292/2164/2292
f 1102/2475/1102 1766/2476/1766 2445/2162/2445
f 1766/2476/1766 868/2869/868 1632/2477/1632
f 1764/2478/1764 2446/2159/2446 2291/2161/2291
f 903/2479/903 1494/2480/1494 2446/2159/2446
f 1494/2480/1494 1102/2475/1102 2290/2474/2290
f 1492/2481/1492 2447/2156/2447 1389/2158/1389
f 1100/1716/1100 2291/2161/2291 2447/2156/2447
f 2291/2161/2291 1294/2160/1294 2289/2482/2289
f 2286/2483/2286 2448/2153/2448 2288/2155/2288
f 1099/2484/1099 1763/2485/1763 2448/2153/2448
f 1763/2485/1763 869/2876/869 1633/2486/1633
f 1761/2487/1761 2449/2150/2449 2287/2152/2287
f 902/2488/902 1491/2489/1491 2449/2150/2449
f 1491/2489/1491 1099/2484/1099 2286/2483/2286
f 1490/2490/1490 2450/2147/2450 1388/2149/1388
f 1098/1719/1098 2287/2152/2287 2450/2147/2450
f 2287/2152/2287 1293/2151/1293 2285/2491/2285
f 2282/2492/2282 2451/2146/2451 2284/2145/2284
f 1097/1722/1097 1760/1039/1760 2451/2146/2451
f 1760/1039/1760 870/1038/870 1634/2144/1634
f 1757/2493/1757 2452/2141/2452 2283/2143/2283
f 901/1035/901 1489/1723/1489 2452/2141/2452
f 1489/1723/1489 1097/1722/1097 2282/2492/2282
f 1487/2494/1487 2453/2140/2453 1379/2139/1379
f 1095/1734/1095 2283/2143/2283 2453/2140/2453
f 2283/2143/2283 1292/2142/1292 2281/2138/2281
f 2278/2495/2278 2454/2135/2454 2280/2137/2280
f 1094/1737/1094 1756/1030/1756 2454/2135/2454
f 1756/1030/1756 871/1029/871 1635/2496/1635
f 1753/2497/1753 2455/2132/2455 2279/2134/2279
f 900/1026/900 1486/1738/1486 2455/2132/2455
f 1486/1738/1486 1094/1737/1094 2278/2495/2278
f 1484/2498/1484 2456/2129/2456 1424/2131/1424
f 1092/1749/1092 2279/2134/2279 2456/2129/2456
f 2279/2134/2279 1291/2133/1291 2277/2499/2277
f 2274/2500/2274 2457/2128/2457 2276/2127/2276
f 1091/1752/1091 1752/1021/1752 2457/2128/2457
f 847/1020/847 1611/2126/1611 2457/2128/2457
f 1749/2501/1749 2458/2123/2458 2275/2125/2275
f 899/1017/899 1483/1753/1483 2458/2123/2458
f 1483/1753/1483 1091/1752/1091 2274/2500/2274
f 1480/1013/1480 2459/2120/2459 1425/2122/1425
f 1088/1776/1088 2275/2125/2275 2459/2120/2459
f 2275/2125/2275 1290/2124/1290 2273/2503/2273
f 2270/2114/2270 2460/2117/2460 2272/2119/2272
f 1748/2505/1748 2460/2117/2460 2270/2114/2270
f 1748/2505/1748 874/2891/874 1638/2507/1638
f 2461/2116/2461 2271/2115/2271 1085/2508/1085
f 898/2509/898 1479/2510/1479 2461/2116/2461
f 1479/2510/1479 1087/2506/1087 2270/2114/2270
f 1477/2511/1477 2462/2113/2462 1386/2112/1386
f 2271/2115/2271 2462/2113/2462 1477/2511/1477
f 1289/2504/1289 2269/2111/2269 2462/2113/2462
f 2266/2512/2266 2463/2108/2463 2268/2110/2268
f 1084/2513/1084 1745/2514/1745 2463/2108/2463
f 1745/2514/1745 875/2897/875 1639/2515/1639
f 1743/2516/1743 2464/2105/2464 2267/2107/2267
f 897/2517/897 1476/2518/1476 2464/2105/2464
f 1476/2518/1476 1084/2513/1084 2266/2512/2266
f 1474/2519/1474 2465/2102/2465 1385/2104/1385
f 1082/1794/1082 2267/2107/2267 2465/2102/2465
f 2267/2107/2267 1288/2106/1288 2265/2520/2265
f 2262/2521/2262 2466/2099/2466 2264/2101/2264
f 1081/1797/1081 1742/1006/1742 2466/2099/2466
f 1742/1006/1742 876/1005/876 1640/2522/1640
f 1739/2523/1739 2467/2096/2467 2263/2098/2263
f 896/1002/896 1473/1798/1473 2467/2096/2467
f 1473/1798/1473 1081/1797/1081 2262/2521/2262
f 1470/998/1470 2468/2095/2468 1380/2094/1380
f 1078/1821/1078 2263/2098/2263 2468/2095/2468
f 2263/2098/2263 1287/2097/1287 2261/2093/2261
f 2258/2525/2258 2469/2090/2469 2260/2092/2260
f 1077/1824/1077 1738/997/1738 2469/2090/2469
f 1738/997/1738 877/996/877 1641/2526/1641
f 1735/2527/1735 2470/2087/2470 2259/2089/2259
f 895/993/895 1469/1825/1469 2470/2087/2470
f 1469/1825/1469 1077/1824/1077 2258/2525/2258
f 1466/2528/1466 2471/2084/2471 1428/2086/1428
f 1074/1848/1074 2259/2089/2259 2471/2084/2471
f 2259/2089/2259 1286/2088/1286 2257/2529/2257
f 2254/2530/2254 2472/2081/2472 2256/2083/2256
f 1073/1851/1073 1734/988/1734 2472/2081/2472
f 1734/988/1734 844/987/844 1608/2531/1608
f 1731/2532/1731 2473/2078/2473 2255/2080/2255
f 894/984/894 1465/1852/1465 2473/2078/2473
f 1465/1852/1465 1073/1851/1073 2254/2530/2254
f 1462/2533/1462 2474/2075/2474 1429/2077/1429
f 1070/1875/1070 2255/2080/2255 2474/2075/2474
f 2255/2080/2255 1285/2079/1285 2253/2534/2253
f 2250/2069/2250 2475/2072/2475 2252/2074/2252
f 1069/1878/1069 1730/979/1730 2475/2072/2475
f 1730/979/1730 880/978/880 1644/2536/1644
f 1727/2537/1727 2476/2071/2476 2251/2070/2251
f 893/975/893 1461/1879/1461 2476/2071/2476
f 1461/1879/1461 1069/1878/1069 2250/2069/2250
f 1458/2538/1458 2477/2066/2477 1383/2068/1383
f 1066/1902/1066 2251/2070/2251 2477/2066/2477
f 2251/2070/2251 1284/2535/1284 2249/2539/2249
f 2478/2065/2478 2248/2064/2248 1283/2061/1283
f 1726/970/1726 2478/2065/2478 2246/2540/2246
f 881/969/881 1645/2063/1645 2478/2065/2478
f 1723/2542/1723 2479/2060/2479 2247/2062/2247
f 892/966/892 1457/1905/1457 2479/2060/2479
f 1457/1905/1457 1065/2541/1065 2246/2540/2246
f 1454/2543/1454 2480/2057/2480 1432/2059/1432
f 1062/1929/1062 2247/2062/2247 2480/2057/2480
f 2247/2062/2247 1283/2061/1283 2245/2544/2245
f 2481/2545/2481 2244/2964/2244 1059/2546/1059
f 1453/2547/1453 2481/2545/2481 1720/1946/1720
f 1450/956/1450 2482/2550/2482 1433/2548/1433
f 1059/2546/1059 2244/2964/2244 2482/2550/2482
f 2483/2056/2483 2243/2055/2243 1282/2551/1282
f 1719/954/1719 2483/2056/2483 2241/2051/2241
f 884/2553/884 1648/2054/1648 2483/2056/2483
f 2484/2053/2484 2242/2052/2242 1055/2554/1055
f 1449/1950/1449 2484/2053/2484 1716/1973/1716
f 1058/2552/1058 2241/2051/2241 2484/2053/2484
f 2485/2050/2485 1382/2049/1382 826/2556/826
f 2242/2052/2242 2485/2050/2485 1446/947/1446
f 1282/2551/1282 2240/2048/2240 2485/2050/2485
f 2486/2047/2486 2239/2046/2239 1281/2557/1281
f 1715/945/1715 2486/2047/2486 2237/2042/2237
f 885/2559/885 1649/2045/1649 2486/2047/2486
f 2487/2044/2487 2238/2043/2238 1051/2560/1051
f 1445/1977/1445 2487/2044/2487 1712/2000/1712
f 1054/2558/1054 2237/2042/2237 2487/2044/2487
f 2488/2041/2488 1436/2040/1436 886/2562/886
f 2238/2043/2238 2488/2041/2488 1442/938/1442
f 1281/2557/1281 2236/2039/2236 2488/2041/2488
f 2233/2563/2233 2489/2036/2489 2235/2038/2235
f 1050/2004/1050 1711/937/1711 2489/2036/2489
f 1711/937/1711 838/936/838 1602/2564/1602
f 1708/2565/1708 2490/2033/2490 2234/2035/2234
f 888/933/888 1441/2005/1441 2490/2033/2490
f 1441/2005/1441 1050/2004/1050 2233/2563/2233
f 1438/2566/1438 2491/2030/2491 1437/2032/1437
f 1047/2028/1047 2234/2035/2234 2491/2030/2491
f 2234/2035/2234 1280/2034/1280 2232/2567/2232
f 2229/2568/2229 2492/2027/2492 2231/2029/2231
f 1049/2013/1049 1710/934/1710 2492/2027/2492
f 1710/934/1710 888/933/888 1708/2565/1708
f 2493/2024/2493 2230/2026/2230 988/2569/988
f 1440/2014/1440 2493/2024/2493 1649/2045/1649
f 1440/2014/1440 1049/2013/1049 2229/2568/2229
f 2494/2023/2494 1377/2022/1377 820/2570/820
f 2230/2026/2230 2494/2023/2494 1375/923/1375
f 1279/2025/1279 2228/2021/2228 2494/2023/2494
f 2225/2571/2225 2495/2018/2495 2227/2020/2227
f 954/1332/954 1613/1162/1613 2495/2018/2495
f 1613/1162/1613 849/1161/849 1709/2572/1709
f 1705/1982/1705 2496/2015/2496 2226/2017/2226
f 810/885/810 1341/1333/1341 2496/2015/2496
f 1341/1333/1341 954/1332/954 2225/2571/2225
f 1435/944/1435 2497/2012/2497 1440/2014/1440
f 1044/2573/1044 2226/2017/2226 2497/2012/2497
f 2226/2017/2226 1278/2016/1278 2224/2574/2224
f 2221/2575/2221 2498/2009/2498 2223/2011/2223
f 1014/2271/1014 1675/862/1675 2498/2009/2498
f 1675/862/1675 794/606/794 1666/2576/1666
f 1709/2572/1709 2499/2006/2499 2222/2008/2222
f 849/1161/849 1403/2272/1403 2499/2006/2499
f 1403/2272/1403 1014/2271/1014 2221/2575/2221
f 1439/2577/1439 2500/2003/2500 1441/2005/1441
f 1048/2019/1048 2222/2008/2222 2500/2003/2500
f 2222/2008/2222 1277/2007/1277 2220/2578/2220
f 2501/2002/2501 2219/2001/2219 1276/2579/1276
f 1714/942/1714 2501/2002/2501 2217/1997/2217
f 889/2561/889 1712/2000/1712 2501/2002/2501
f 1611/2126/1611 2502/1999/2502 2218/1998/2218
f 847/1020/847 1444/1987/1444 2502/1999/2502
f 1444/1987/1444 1053/1986/1053 2217/1997/2217
f 2503/1996/2503 1376/1995/1376 808/2581/808
f 2218/1998/2218 2503/1996/2503 1339/896/1339
f 1276/2579/1276 2216/1994/2216 2503/1996/2503
f 2213/2582/2213 2504/1993/2504 2215/1992/2215
f 940/1710/940 1599/1045/1599 2504/1993/2504
f 1599/1045/1599 835/1044/835 1713/1991/1713
f 1673/2583/1673 2505/1988/2505 2214/1990/2214
f 798/490/798 1327/1711/1327 2505/1988/2505
f 1327/1711/1327 940/1710/940 2213/2582/2213
f 1401/2584/1401 2506/1985/2506 1444/1987/1444
f 1012/1758/1012 2214/1990/2214 2506/1985/2506
f 2214/1990/2214 1275/1989/1275 2212/2585/2212
f 2209/2586/2209 2507/1984/2507 2211/1983/2211
f 1002/2157/1002 1663/886/1663 2507/1984/2507
f 1663/886/1663 810/885/810 1705/1982/1705
f 1713/1991/1713 2508/1979/2508 2210/1981/2210
f 835/1044/835 1389/2158/1389 2508/1979/2508
f 1389/2158/1389 1002/2157/1002 2209/2586/2209
f 2509/1978/2509 1445/1977/1445 889/2561/889
f 2210/1981/2210 2509/1978/2509 1443/941/1443
f 1274/1980/1274 2208/1976/2208 2509/1978/2509
f 2510/1975/2510 2207/1974/2207 1273/2588/1273
f 1718/951/1718 2510/1975/2510 2205/1970/2205
f 890/2555/890 1716/1973/1716 2510/1975/2510
f 2511/1972/2511 2206/1971/2206 938/2590/938
f 1448/1959/1448 2511/1972/2511 1596/2294/1596
f 1057/2589/1057 2205/1970/2205 2511/1972/2511
f 2512/1969/2512 1319/1968/1319 795/493/795
f 2206/1971/2206 2512/1969/2512 1325/856/1325
f 1273/2588/1273 2204/1967/2204 2512/1969/2512
f 2513/1966/2513 2203/1965/2203 1272/2591/1272
f 1650/939/1650 2513/1966/2513 2201/1961/2201
f 886/2562/886 1717/1964/1717 2513/1966/2513
f 2514/1963/2514 2202/1962/2202 1000/2593/1000
f 1376/1995/1376 2514/1963/2514 1661/1301/1661
f 989/2592/989 2201/1961/2201 2514/1963/2514
f 2515/1960/2515 1448/1959/1448 832/2357/832
f 2202/1962/2202 2515/1960/2515 1387/1172/1387
f 1272/2591/1272 2200/1958/2200 2515/1960/2515
f 2516/1957/2516 2199/1956/2199 1271/2594/1271
f 1706/924/1706 2516/1957/2516 2197/1952/2197
f 820/2570/820 1704/1955/1704 2516/1957/2516
f 2517/1954/2517 2198/1953/2198 1056/2596/1056
f 1436/2040/1436 2517/1954/2517 1717/1964/1717
f 1045/2595/1045 2197/1952/2197 2517/1954/2517
f 2518/1951/2518 1449/1950/1449 890/2555/890
f 2198/1953/2198 2518/1951/2518 1447/950/1447
f 1271/2594/1271 2196/1949/2196 2518/1951/2518
f 2519/1948/2519 2195/1947/2195 1270/2597/1270
f 1061/2598/1061 1722/961/1722 2519/1948/2519
f 891/960/891 1720/1946/1720 2519/1948/2519
f 1645/2063/1645 2520/1945/2520 2194/1944/2194
f 1452/1932/1452 2520/1945/2520 1645/2063/1645
f 1061/2598/1061 2193/1943/2193 2520/1945/2520
f 2521/1940/2521 1373/1942/1373 819/2600/819
f 984/2599/984 2194/1944/2194 2521/1940/2521
f 2194/1944/2194 1270/2597/1270 2192/2601/2192
f 2189/2602/2189 2522/1937/2522 2191/1939/2191
f 1610/1176/1610 2522/1937/2522 2189/2602/2189
f 846/2354/846 1721/2605/1721 2522/1937/2522
f 1702/1910/1702 2523/1934/2523 2190/1936/2190
f 807/900/807 1338/1288/1338 2523/1934/2523
f 1338/1288/1338 951/1287/951 2189/2602/2189
f 2524/1933/2524 1452/1932/1452 881/969/881
f 2190/1936/2190 2524/1933/2524 1431/2604/1431
f 1269/1935/1269 2188/1931/2188 2524/1933/2524
f 1721/2605/1721 2525/2965/2525 2187/2606/2187
f 1400/2353/1400 2525/2965/2525 1721/2605/1721
f 1451/2607/1451 2526/2608/2526 1453/2547/1453
f 1060/1938/1060 2187/2606/2187 2526/2608/2526
f 2184/2609/2184 2527/1928/2527 2186/1930/2186
f 1064/1914/1064 1725/967/1725 2527/1928/2527
f 1725/967/1725 892/966/892 1723/2542/1723
f 1608/2531/1608 2528/1925/2528 2185/1927/2185
f 844/987/844 1456/1915/1456 2528/1925/2528
f 1456/1915/1456 1064/1914/1064 2184/2609/2184
f 1336/2610/1336 2529/1922/2529 1372/1924/1372
f 949/2082/949 2185/1927/2185 2529/1922/2529
f 2185/1927/2185 1268/1926/1268 2183/2611/2183
f 2180/2612/2180 2530/1919/2530 2182/1921/2182
f 937/2613/937 1595/1012/1595 2530/1919/2530
f 1595/1012/1595 831/1011/831 1724/2614/1724
f 1671/2615/1671 2531/1916/2531 2181/1918/2181
f 797/723/797 1324/1779/1324 2531/1916/2531
f 1324/1779/1324 937/2613/937 2180/2612/2180
f 1398/2616/1398 2532/1913/2532 1456/1915/1456
f 1010/1857/1010 2181/1918/2181 2532/1913/2532
f 2181/1918/2181 1267/1917/1267 2179/2617/2179
f 2533/1912/2533 2178/1911/2178 1266/1908/1266
f 1660/901/1660 2533/1912/2533 2176/2618/2176
f 807/900/807 1702/1910/1702 2533/1912/2533
f 2534/1907/2534 2177/1909/2177 1063/1920/1063
f 831/1011/831 1386/2112/1386 2534/1907/2534
f 1386/2112/1386 999/2619/999 2176/2618/2176
f 2535/1906/2535 1457/1905/1457 892/966/892
f 2177/1909/2177 2535/1906/2535 1455/2620/1455
f 1266/1908/1266 2175/1904/2175 2535/1906/2535
f 2172/2621/2172 2536/1901/2536 2174/1903/2174
f 1068/1887/1068 1729/976/1729 2536/1901/2536
f 1729/976/1729 893/975/893 1727/2537/1727
f 1592/2336/1592 2537/1898/2537 2173/1900/2173
f 828/1188/828 1460/1888/1460 2537/1898/2537
f 1460/1888/1460 1068/1887/1068 2172/2621/2172
f 1321/2622/1321 2538/1895/2538 1320/1897/1320
f 934/2313/934 2173/1900/2173 2538/1895/2538
f 2173/1900/2173 1265/1899/1265 2171/2623/2171
f 2168/2624/2168 2539/1892/2539 2170/1894/2170
f 985/1923/985 1646/964/1646 2539/1892/2539
f 1646/964/1646 882/963/882 1728/2625/1728
f 1658/2626/1658 2540/1889/2540 2169/1891/2169
f 805/912/805 1372/1924/1372 2540/1889/2540
f 1372/1924/1372 985/1923/985 2168/2624/2168
f 1384/2627/1384 2541/1886/2541 1460/1888/1460
f 997/1257/997 2169/1891/2169 2541/1886/2541
f 2169/1891/2169 1264/1890/1264 2167/2628/2167
f 2164/2629/2164 2542/1883/2542 2166/1885/2166
f 1042/2058/1042 1703/918/1703 2542/1883/2542
f 819/2600/819 1701/2916/1701 2542/1883/2542
f 1728/2625/1728 2543/1880/2543 2165/1882/2165
f 882/963/882 1432/2059/1432 2543/1880/2543
f 1432/2059/1432 1042/2058/1042 2164/2629/2164
f 1459/2630/1459 2544/1877/2544 1461/1879/1461
f 1067/1893/1067 2165/1882/2165 2544/1877/2544
f 2165/1882/2165 1263/1881/1263 2163/2631/2163
f 2160/2632/2160 2545/1874/2545 2162/1876/2162
f 1072/1860/1072 1733/985/1733 2545/1874/2545
f 1733/985/1733 894/984/894 1731/2532/1731
f 1641/2526/1641 2546/1871/2546 2161/1873/2161
f 877/996/877 1464/1861/1464 2546/1871/2546
f 1464/1861/1464 1072/1860/1072 2160/2632/2160
f 1367/2633/1367 2547/1868/2547 1369/1870/1369
f 980/2091/980 2161/1873/2161 2547/1868/2547
f 2161/1873/2161 1262/1872/1262 2159/2634/2159
f 2156/2635/2156 2548/1865/2548 2158/1867/2158
f 950/1278/950 1609/1180/1609 2548/1865/2548
f 1609/1180/1609 845/1179/845 1732/2636/1732
f 1698/2637/1698 2549/1862/2549 2157/1864/2157
f 806/903/806 1337/1279/1337 2549/1862/2549
f 1337/1279/1337 950/1278/950 2156/2635/2156
f 1427/2638/1427 2550/1859/2550 1464/1861/1464
f 1037/1830/1037 2157/1864/2157 2550/1859/2550
f 2157/1864/2157 1261/1863/1261 2155/2639/2155
f 2152/2640/2152 2551/1856/2551 2154/1858/2154
f 1011/2298/1011 1672/855/1672 2551/1856/2551
f 1672/855/1672 797/723/797 1671/2615/1671
f 1732/2636/1732 2552/1853/2552 2153/1855/2153
f 845/1179/845 1399/2299/1399 2552/1853/2552
f 1399/2299/1399 1011/2298/1011 2152/2640/2152
f 1463/2641/1463 2553/1850/2553 1465/1852/1465
f 1071/1866/1071 2153/1855/2153 2553/1850/2553
f 2153/1855/2153 1260/1854/1260 2151/2642/2151
f 2148/2643/2148 2554/1847/2554 2150/1849/2150
f 1076/1833/1076 1737/994/1737 2554/1847/2554
f 1737/994/1737 895/993/895 1735/2527/1735
f 1602/2564/1602 2555/1844/2555 2149/1846/2149
f 838/936/838 1468/1834/1468 2555/1844/2555
f 1468/1834/1468 1076/1833/1076 2148/2643/2148
f 1330/2644/1330 2556/1841/2556 1368/1843/1368
f 943/2037/943 2149/1846/2149 2556/1841/2556
f 2149/1846/2149 1259/1845/1259 2147/2645/2147
f 2144/2646/2144 2557/1838/2557 2146/1840/2146
f 936/1788/936 1594/1009/1594 2557/1838/2557
f 1594/1009/1594 830/1008/830 1736/2647/1736
f 1666/2576/1666 2558/1835/2558 2145/1837/2145
f 794/606/794 1323/1789/1323 2558/1835/2558
f 1323/1789/1323 936/1788/936 2144/2646/2144
f 1392/2648/1392 2559/1832/2559 1468/1834/1468
f 1005/2010/1005 2145/1837/2145 2559/1832/2559
f 2145/1837/2145 1258/1836/1258 2143/2649/2143
f 2140/2650/2140 2560/1829/2560 2142/1831/2142
f 998/2103/998 1659/904/1659 2560/1829/2560
f 1659/904/1659 806/903/806 1698/2637/1698
f 1736/2647/1736 2561/1826/2561 2141/1828/2141
f 830/1008/830 1385/2104/1385 2561/1826/2561
f 1385/2104/1385 998/2103/998 2140/2650/2140
f 1467/2651/1467 2562/1823/2562 1469/1825/1469
f 1075/1839/1075 2141/1828/2141 2562/1823/2562
f 2141/1828/2141 1257/1827/1257 2139/2652/2139
f 2136/2653/2136 2563/1820/2563 2138/1822/2138
f 1080/1806/1080 1741/1003/1741 2563/1820/2563
f 1741/1003/1741 896/1002/896 1739/2523/1739
f 1585/2325/1585 2564/1817/2564 2137/1819/2137
f 821/1203/821 1472/1807/1472 2564/1817/2564
f 1472/1807/1472 1080/1806/1080 2136/2653/2136
f 1315/2654/1315 2565/1814/2565 1316/1816/1316
f 928/2322/928 2137/1819/2137 2565/1814/2565
f 2137/1819/2137 1256/1818/1256 2135/2655/2135
f 2132/2656/2132 2566/1811/2566 2134/1813/2134
f 981/1842/981 1642/991/1642 2566/1811/2566
f 1642/991/1642 878/990/878 1740/2657/1740
f 1652/2658/1652 2567/1808/2567 2133/1810/2133
f 799/927/799 1368/1843/1368 2567/1808/2567
f 1368/1843/1368 981/1842/981 2132/2656/2132
f 1378/2659/1378 2568/1805/2568 1472/1807/1472
f 991/1212/991 2133/1810/2133 2568/1805/2568
f 2133/1810/2133 1255/1809/1255 2131/2660/2131
f 2128/2661/2128 2569/1802/2569 2130/1804/2130
f 1038/2085/1038 1699/910/1699 2569/1802/2569
f 1699/910/1699 818/909/818 1697/2662/1697
f 1740/2657/1740 2570/1799/2570 2129/1801/2129
f 878/990/878 1428/2086/1428 2570/1799/2570
f 1428/2086/1428 1038/2085/1038 2128/2661/2128
f 1471/2663/1471 2571/1796/2571 1473/1798/1473
f 1079/1812/1079 2129/1801/2129 2571/1796/2571
f 2129/1801/2129 1254/1800/1254 2127/2664/2127
f 2124/2665/2124 2572/1793/2572 2126/1795/2126
f 1083/2666/1083 1744/2667/1744 2572/1793/2572
f 1744/2667/1744 897/2517/897 1743/2516/1743
f 1589/2373/1589 2573/1790/2573 2125/1792/2125
f 825/2668/825 1475/2669/1475 2573/1790/2573
f 1475/2669/1475 1083/2666/1083 2124/2665/2124
f 1318/2670/1318 2574/1787/2574 1323/1789/1323
f 931/2277/931 2125/1792/2125 2574/1787/2574
f 2125/1792/2125 1253/1791/1253 2123/2671/2123
f 2120/2672/2120 2575/1786/2575 2122/1785/2122
f 1086/2673/1086 1747/2674/1747 2575/1786/2575
f 1747/2674/1747 898/2509/898 1746/1784/1746
f 1593/2343/1593 2576/1781/2576 2121/1783/2121
f 829/2675/829 1478/2676/1478 2576/1781/2576
f 1478/2676/1478 1086/2673/1086 2120/2672/2120
f 1322/2677/1322 2577/1780/2577 1324/1779/1324
f 935/2304/935 2121/1783/2121 2577/1780/2577
f 1252/1782/1252 2119/1778/2119 2577/1780/2577
f 2116/1772/2116 2578/1775/2578 2118/1777/2118
f 1090/1761/1090 1751/1018/1751 2578/1775/2578
f 1751/1018/1751 899/1017/899 1749/2501/1749
f 1635/2496/1635 2579/1774/2579 2117/1773/2117
f 871/1029/871 1482/1762/1482 2579/1774/2579
f 1482/1762/1482 1090/1761/1090 2116/1772/2116
f 1362/2679/1362 2580/1769/2580 1363/1771/1363
f 2117/1773/2117 2580/1769/2580 1362/2679/1362
f 1251/2678/1251 2115/2948/2115 2580/1769/2580
f 2112/2680/2112 2581/1766/2581 2114/1768/2114
f 953/1323/953 1612/1165/1612 2581/1766/2581
f 1612/1165/1612 848/1164/848 1750/2681/1750
f 1694/2682/1694 2582/1763/2582 2113/1765/2113
f 809/888/809 1340/1324/1340 2582/1763/2582
f 1340/1324/1340 953/1323/953 2112/2680/2112
f 1423/2683/1423 2583/1760/2583 1482/1762/1482
f 1033/1743/1033 2113/1765/2113 2583/1760/2583
f 2113/1765/2113 1250/1764/1250 2111/2684/2111
f 2108/2685/2108 2584/1757/2584 2110/1759/2110
f 1013/2280/1013 1674/860/1674 2584/1757/2584
f 1674/860/1674 798/490/798 1673/2583/1673
f 1750/2681/1750 2585/1754/2585 2109/1756/2109
f 848/1164/848 1402/2281/1402 2585/1754/2585
f 1402/2281/1402 1013/2280/1013 2108/2685/2108
f 1481/2686/1481 2586/1751/2586 1483/1753/1483
f 1089/1767/1089 2109/1756/2109 2586/1751/2586
f 2109/1756/2109 1249/1755/1249 2107/2687/2107
f 1755/1027/1755 900/1026/900 1753/2497/1753
f 1598/1042/1598 834/1041/834 1754/2688/1754
f 2102/2689/2102 2589/1742/2589 2104/1744/2104
f 1001/2148/1001 1662/889/1662 2589/1742/2589
f 1662/889/1662 809/888/809 1694/2682/1694
f 1754/2688/1754 2590/1739/2590 2103/1741/2103
f 834/1041/834 1388/2149/1388 2590/1739/2590
f 1388/2149/1388 1001/2148/1001 2102/2689/2102
f 1485/2690/1485 2591/1736/2591 1486/1738/1486
f 1093/1746/1093 2103/1741/2103 2591/1736/2591
f 2103/1741/2103 1248/1740/1248 2101/2691/2101
f 1759/1036/1759 901/1035/901 1757/2493/1757
f 1636/1024/1636 872/1023/872 1758/2692/1758
f 2096/2693/2096 2594/1727/2594 2098/1729/2098
f 1034/2130/1034 1695/895/1695 2594/1727/2594
f 1695/895/1695 817/894/817 1693/2694/1693
f 1758/2692/1758 2595/1724/2595 2097/1726/2097
f 872/1023/872 1424/2131/1424 2595/1724/2595
f 1424/2131/1424 1034/2130/1034 2096/2693/2096
f 1488/2695/1488 2596/1721/2596 1489/1723/1489
f 1096/1731/1096 2097/1726/2097 2596/1721/2596
f 2097/1726/2097 1247/1725/1247 2095/2696/2095
f 1762/2697/1762 902/2488/902 1761/2487/1761
f 2091/2698/2091 2598/1715/2598 2093/1717/2093
f 1101/2699/1101 1765/2700/1765 2598/1715/2598
f 1765/2700/1765 903/2479/903 1764/2478/1764
f 1597/2364/1597 2599/1712/2599 2092/1714/2092
f 1493/2701/1493 2599/1712/2599 1597/2364/1597
f 1493/2701/1493 1101/2699/1101 2091/2698/2091
f 1326/2703/1326 2600/1709/2600 1327/1711/1327
f 939/2286/939 2092/1714/2092 2600/1709/2600
f 2092/1714/2092 1246/1713/1246 2090/2704/2090
f 2601/1708/2601 2089/1707/2089 1245/2705/1245
f 1769/1051/1769 2601/1708/2601 2087/1703/2087
f 904/1050/904 1767/1706/1767 2601/1708/2601
f 2602/1705/2602 2088/1704/2088 970/2707/970
f 1497/1692/1497 2602/1705/2602 1629/2180/1629
f 1105/2706/1105 2087/1703/2087 2602/1705/2602
f 2603/1702/2603 1358/1701/1358 816/2708/816
f 2088/1704/2088 2603/1702/2603 1357/878/1357
f 1245/2705/1245 2086/1700/2086 2603/1702/2603
f 2604/1699/2604 2085/1698/2085 1244/1695/1244
f 1603/1167/1603 2604/1699/2604 2083/2709/2083
f 839/2360/839 1768/1697/1768 2604/1699/2604
f 1690/1673/1690 2605/1694/2605 2084/1696/2084
f 800/891/800 1331/1314/1331 2605/1694/2605
f 1331/1314/1331 944/2710/944 2083/2709/2083
f 1419/2712/1419 2606/1693/2606 1497/1692/1497
f 1029/2711/1029 2084/1696/2084 2606/1693/2606
f 2084/1696/2084 1244/1695/1244 2082/1691/2082
f 2607/1690/2607 2081/1689/2081 1243/2713/1243
f 1667/857/1667 2607/1690/2607 2079/1685/2079
f 795/493/795 1676/1688/1676 2607/1690/2607
f 2608/1687/2608 2080/1686/2080 1104/2715/1104
f 1393/2289/1393 2608/1687/2608 1768/1697/1768
f 1006/2714/1006 2079/1685/2079 2608/1687/2608
f 2609/1684/2609 1498/1683/1498 904/1050/904
f 2080/1686/2080 2609/1684/2609 1496/2716/1496
f 1243/2713/1243 2078/1682/2078 2609/1684/2609
f 905/1059/905 1771/2466/1771 2610/1679/2610
f 1586/1033/1586 822/1032/822 1772/2717/1772
f 2073/2718/2073 2612/1675/2612 2075/1674/2075
f 992/2719/992 1653/892/1653 2612/1675/2612
f 1653/892/1653 800/891/800 1690/1673/1690
f 1772/2717/1772 2613/1670/2613 2074/1672/2074
f 1379/2139/1379 2613/1670/2613 1772/2717/1772
f 1379/2139/1379 992/2719/992 2073/2718/2073
f 2614/1669/2614 1501/1668/1501 905/1059/905
f 1108/1677/1108 2074/1672/2074 2614/1669/2614
f 1242/1671/1242 2072/1667/2072 2614/1669/2614
f 1777/1065/1777 906/2460/906 1775/1664/1775
f 1630/1057/1630 866/1056/866 1776/2721/1776
f 2617/1660/2617 2069/1659/2069 1241/1656/1241
f 1691/879/1691 2617/1660/2617 2067/2722/2067
f 816/2708/816 1689/1658/1689 2617/1660/2617
f 1776/2721/1776 2618/1655/2618 2068/1657/2068
f 866/1056/866 1420/2175/1420 2618/1655/2618
f 1030/2723/1030 2067/2722/2067 2618/1655/2618
f 1503/1064/1503 2619/1652/2619 1504/1654/1504
f 1111/1662/1111 2068/1657/2068 2619/1652/2619
f 2068/1657/2068 1241/1656/1241 2066/2724/2066
f 2063/1646/2063 2620/1649/2620 2065/1651/2065
f 1781/1075/1781 2620/1649/2620 2063/1646/2063
f 1781/1075/1781 907/1074/907 1779/2454/1779
f 2621/1648/2621 2064/1647/2064 966/2727/966
f 1507/1635/1507 2621/1648/2621 1625/2204/1625
f 1115/2726/1115 2063/1646/2063 2621/1648/2621
f 2622/1645/2622 1355/1644/1355 815/2728/815
f 2064/1647/2064 2622/1645/2622 1353/872/1353
f 2064/1647/2064 1240/2725/1240 2062/1643/2062
f 2059/2729/2059 2623/1640/2623 2061/1642/2061
f 947/2730/947 1606/1198/1606 2623/1640/2623
f 1606/1198/1606 842/1197/842 1780/2731/1780
f 2624/1637/2624 2060/1639/2060 1025/2732/1025
f 1334/1224/1334 2624/1637/2624 1686/1604/1686
f 947/2730/947 2059/2729/2059 2624/1637/2624
f 2625/1636/2625 1507/1635/1507 861/2448/861
f 2060/1639/2060 2625/1636/2625 1415/1085/1415
f 1239/1638/1239 2058/1634/2058 2625/1636/2625
f 2055/2734/2055 2626/1631/2626 2057/1633/2057
f 1009/2316/1009 1670/851/1670 2626/1631/2626
f 1670/851/1670 793/609/793 1669/2735/1669
f 1780/2731/1780 2627/1628/2627 2056/1630/2056
f 842/1197/842 1396/2317/1396 2627/1628/2627
f 1396/2317/1396 1009/2316/1009 2055/2734/2055
f 1506/2736/1506 2628/1625/2628 1508/1627/1508
f 1114/1641/1114 2056/1630/2056 2628/1625/2628
f 2056/1630/2056 1238/1629/1238 2054/2737/2054
f 2629/1624/2629 2053/1623/2053 1237/2738/1237
f 1785/1083/1785 2629/1624/2629 2051/1619/2051
f 908/2450/908 1783/1622/1783 2629/1624/2629
f 2630/1621/2630 2052/1620/2052 955/2740/955
f 1511/1608/1511 2630/1621/2630 1614/2171/1614
f 1119/2739/1119 2051/1619/2051 2630/1621/2630
f 2631/1618/2631 1354/1617/1354 811/2741/811
f 2052/1620/2052 2631/1618/2631 1342/881/1342
f 1237/2738/1237 2050/1616/2050 2631/1618/2631
f 2632/1615/2632 2049/1614/2049 1236/2742/1236
f 1590/948/1590 2632/1615/2632 2047/1610/2047
f 826/2556/826 1784/1613/1784 2632/1615/2632
f 2633/1612/2633 2048/1611/2048 1015/2744/1015
f 1319/1968/1319 2633/1612/2633 1676/1688/1676
f 932/2743/932 2047/1610/2047 2633/1612/2633
f 2634/1609/2634 1511/1608/1511 850/2470/850
f 2048/1611/2048 2634/1609/2634 1404/1052/1404
f 1236/2742/1236 2046/1607/2046 2634/1609/2634
f 2635/1606/2635 2045/1605/2045 1235/2745/1235
f 1656/921/1656 2635/1606/2635 2043/1601/2043
f 803/2733/803 1686/1604/1686 2635/1606/2635
f 2636/1603/2636 2044/1602/2044 1118/2747/1118
f 1382/2049/1382 2636/1603/2636 1784/1613/1784
f 995/2746/995 2043/1601/2043 2636/1603/2636
f 2637/1600/2637 1512/1599/1512 908/2450/908
f 2044/1602/2044 2637/1600/2637 1510/1082/1510
f 1235/2745/1235 2042/1598/2042 2637/1600/2637
f 2638/1597/2638 2041/1596/2041 1234/1593/1234
f 1789/1089/1789 2638/1597/2638 2039/2748/2039
f 909/2443/909 1787/1595/1787 2638/1597/2638
f 1600/2750/1600 2639/1592/2639 2040/1594/2040
f 836/2381/836 1515/1584/1515 2639/1592/2639
f 1515/1584/1515 1123/2749/1123 2039/2748/2039
f 941/2268/941 2040/1594/2040 2640/2751/2640
f 2040/1594/2040 1234/1593/1234 2038/2753/2038
f 2641/1589/2641 2037/1591/2037 1233/2754/1233
f 1626/1080/1626 2641/1589/2641 2035/1586/2035
f 862/2451/862 1788/2759/1788 2641/1589/2641
f 2642/1588/2642 2036/1587/2036 1003/2756/1003
f 1354/1617/1354 2642/1588/2642 1664/1346/1664
f 967/2755/967 2035/1586/2035 2642/1588/2642
f 2643/1585/2643 1515/1584/1515 836/2381/836
f 2036/1587/2036 2643/1585/2643 1390/1157/1390
f 1233/2754/1233 2034/1583/2034 2643/1585/2643
f 2031/2757/2031 2644/1582/2644 2033/1581/2033
f 1026/2758/1026 1687/873/1687 2644/1582/2644
f 1687/873/1687 815/2728/815 1685/1580/1685
f 2645/1577/2645 2032/1579/2032 1122/1590/1122
f 1416/2199/1416 2645/1577/2645 1788/2759/1788
f 1416/2199/1416 1026/2758/1026 2031/2757/2031
f 2646/1576/2646 1516/1575/1516 909/2443/909
f 2032/1579/2032 2646/1576/2646 1514/1088/1514
f 1232/1578/1232 2030/1574/2030 2646/1576/2646
f 2647/1573/2647 2029/1572/2029 1231/2760/1231
f 1793/1098/1793 2647/1573/2647 2027/1568/2027
f 910/2437/910 1791/1571/1791 2647/1573/2647
f 2648/1570/2648 2028/1569/2028 962/2762/962
f 1519/1557/1519 2648/1570/2648 1621/2228/1621
f 1127/2761/1127 2027/1568/2027 2648/1570/2648
f 2649/1567/2649 1351/1566/1351 814/2763/814
f 2028/1569/2028 2649/1567/2649 1349/866/1349
f 1231/2760/1231 2026/1565/2026 2649/1567/2649
f 2650/1564/2650 2025/1563/2025 1230/2764/1230
f 945/1269/945 1604/1183/1604 2650/1564/2650
f 1604/1183/1604 840/1182/840 1792/1562/1792
f 2651/1561/2651 2024/1560/2024 1021/2765/1021
f 1332/1270/1332 2651/1561/2651 1682/1526/1682
f 1332/1270/1332 945/1269/945 2023/1559/2023
f 2652/1558/2652 1519/1557/1519 857/2429/857
f 2024/1560/2024 2652/1558/2652 1411/1109/1411
f 1230/2764/1230 2022/1556/2022 2652/1558/2652
f 2019/2767/2019 2653/1553/2653 2021/1555/2021
f 1007/2307/1007 1668/853/1668 2653/1553/2653
f 1668/853/1668 796/727/796 1677/2768/1677
f 1792/1562/1792 2654/1550/2654 2020/1552/2020
f 840/1182/840 1394/2308/1394 2654/1550/2654
f 1394/2308/1394 1007/2307/1007 2019/2767/2019
f 2655/1549/2655 1520/1548/1520 910/2437/910
f 2020/1552/2020 2655/1549/2655 1518/1097/1518
f 2020/1552/2020 1229/1551/1229 2018/1547/2018
f 2656/1546/2656 2017/1545/2017 1228/2770/1228
f 1797/1107/1797 2656/1546/2656 2015/1541/2015
f 911/2431/911 1795/1544/1795 2656/1546/2656
f 2657/1543/2657 2016/1542/2016 946/2196/946
f 841/1077/841 1523/1530/1523 2657/1543/2657
f 1131/2771/1131 2015/1541/2015 2657/1543/2657
f 2658/1540/2658 1350/1539/1350 802/2772/802
f 2016/1542/2016 2658/1540/2658 1333/875/1333
f 1228/2770/1228 2014/1538/2014 2658/1540/2658
f 2011/2773/2011 2659/1537/2659 2013/1536/2013
f 929/1815/929 1587/999/1587 2659/1537/2659
f 823/2524/823 1796/1535/1796 2659/1537/2659
f 1669/2735/1669 2660/1532/2660 2012/1534/2012
f 793/609/793 1316/1816/1316 2660/1532/2660
f 1316/1816/1316 929/1815/929 2011/2773/2011
f 1395/2774/1395 2661/1531/2661 1523/1530/1523
f 1008/1632/1008 2012/1534/2012 2661/1531/2661
f 1227/1533/1227 2010/1529/2010 2661/1531/2661
f 2662/1528/2662 2009/1527/2009 1226/2775/1226
f 1654/906/1654 2662/1528/2662 2007/1523/2007
f 801/2766/801 1682/1526/1682 2662/1528/2662
f 2663/1525/2663 2008/1524/2008 1130/2777/1130
f 1380/2094/1380 2663/1525/2663 1796/1535/1796
f 993/2776/993 2007/1523/2007 2663/1525/2663
f 2664/1522/2664 1524/1521/1524 911/2431/911
f 2008/1524/2008 2664/1522/2664 1522/1106/1522
f 1226/2775/1226 2006/1520/2006 2664/1522/2664
f 2665/1519/2665 2005/1518/2005 1225/2778/1225
f 1801/1113/1801 2665/1519/2665 2003/1514/2003
f 912/2424/912 1799/1517/1799 2665/1519/2665
f 2666/1516/2666 2004/1515/2004 930/2780/930
f 1527/1506/1527 2666/1516/2666 1588/2261/1588
f 1135/2779/1135 2003/1514/2003 2666/1516/2666
f 2004/1515/2004 2667/2782/2667 1317/2781/1317
f 1225/2778/1225 2002/2944/2002 2667/2782/2667
f 2668/1513/2668 2001/1512/2001 1224/2783/1224
f 1622/1104/1622 2668/1513/2668 1999/1508/1999
f 858/2432/858 1800/1511/1800 2668/1513/2668
f 2669/1510/2669 2000/1509/2000 994/1371/994
f 1350/1539/1350 2669/1510/2669 1655/2785/1655
f 963/2784/963 1999/1508/1999 2669/1510/2669
f 2670/1507/2670 1527/1506/1527 824/2387/824
f 2000/1509/2000 2670/1507/2670 1381/1151/1381
f 1224/2783/1224 1998/1505/1998 2670/1507/2670
f 2671/1504/2671 1997/1503/1997 1223/2786/1223
f 1683/867/1683 2671/1504/2671 1995/1499/1995
f 814/2763/814 1681/1502/1681 2671/1504/2671
f 2672/1501/2672 1996/1500/1996 1134/2788/1134
f 1412/2223/1412 2672/1501/2672 1800/1511/1800
f 1022/2787/1022 1995/1499/1995 2672/1501/2672
f 2673/1498/2673 1528/1497/1528 912/2424/912
f 1996/1500/1996 2673/1498/2673 1526/1112/1526
f 1223/2786/1223 1994/1496/1994 2673/1498/2673
f 2674/1495/2674 1993/1494/1993 1222/2789/1222
f 1139/1479/1139 1805/1123/1805 2674/1495/2674
f 913/1122/913 1803/1493/1803 2674/1495/2674
f 1617/2790/1617 2675/1492/2675 1992/1491/1992
f 853/2411/853 1531/1480/1531 2675/1492/2675
f 1531/1480/1531 1139/1479/1139 1991/1490/1991
f 2676/1489/2676 1347/1488/1347 813/2791/813
f 1992/1491/1992 2676/1489/2676 1345/863/1345
f 1222/2789/1222 1990/1487/1990 2676/1489/2676
f 2677/1484/2677 1989/1486/1989 1221/2792/1221
f 1607/1191/1607 2677/1484/2677 1987/1481/1987
f 843/2334/843 1804/2794/1804 2677/1484/2677
f 2678/1483/2678 1988/1482/1988 1018/1458/1018
f 804/915/804 1335/1243/1335 2678/1483/2678
f 1335/1243/1335 948/1242/948 1987/1481/1987
f 2679/1478/2679 1531/1480/1531 853/2411/853
f 1988/1482/1988 2679/1478/2679 1407/1130/1407
f 1221/2792/1221 1986/2943/1986 2679/1478/2679
f 1804/2794/1804 2680/2796/2680 1985/2795/1985
f 843/2334/843 1397/2966/1397 2680/2796/2680
f 2681/2797/2681 1532/2416/1532 913/1122/913
f 1985/2795/1985 2681/2797/2681 1530/2798/1530
f 1982/1472/1982 2682/1475/2682 1984/1477/1984
f 1142/1461/1142 1808/1129/1808 2682/1475/2682
f 1808/1129/1808 914/1128/914 1806/2412/1806
f 2683/1474/2683 1983/1473/1983 956/2800/956
f 851/2435/851 1535/1462/1535 2683/1474/2683
f 1535/1462/1535 1142/1461/1142 1982/1472/1982
f 2684/1469/2684 1346/1471/1346 812/2801/812
f 1983/1473/1983 2684/1469/2684 1343/869/1343
f 1983/1473/1983 1220/2799/1220 1981/2802/1981
f 1978/2803/1978 2685/1466/2685 1980/1468/1980
f 933/1896/933 1591/973/1591 2685/1466/2685
f 1591/973/1591 827/972/827 1807/2804/1807
f 1677/2768/1677 2686/1463/2686 1979/1465/1979
f 796/727/796 1320/1897/1320 2686/1463/2686
f 1320/1897/1320 933/1896/933 1978/2803/1978
f 1405/1100/1405 2687/1460/2687 1535/1462/1535
f 1016/1554/1016 1979/1465/1979 2687/1460/2687
f 1979/1465/1979 1219/1464/1219 1977/2805/1977
f 1974/2806/1974 2688/1457/2688 1976/1459/1976
f 996/2067/996 1657/916/1657 2688/1457/2688
f 1657/916/1657 804/915/804 1679/2793/1679
f 1807/2804/1807 2689/1454/2689 1975/1456/1975
f 827/972/827 1383/2068/1383 2689/1454/2689
f 1383/2068/1383 996/2067/996 1974/2806/1974
f 1534/2807/1534 2690/1451/2690 1536/1453/1536
f 1141/1467/1141 1975/1456/1975 2690/1451/2690
f 1975/1456/1975 1218/1455/1218 1973/2808/1973
f 2691/1450/2691 1972/1449/1972 1217/2809/1217
f 1812/1134/1812 2691/1450/2691 1970/1445/1970
f 915/2407/915 1810/1448/1810 2691/1450/2691
f 2692/1447/2692 1971/1446/1971 942/2811/942
f 1539/1437/1539 2692/1447/2692 1601/2255/1601
f 1146/2810/1146 1970/1445/1970 2692/1447/2692
f 1971/1446/1971 2693/2813/2693 1329/2812/1329
f 1217/2809/1217 1969/2941/1969 2693/2813/2693
f 2694/1444/2694 1968/1443/1968 1216/2814/1216
f 959/1470/959 1618/1125/1618 2694/1444/2694
f 854/2413/854 1811/1442/1811 2694/1444/2694
f 2695/1441/2695 1967/1440/1967 1004/2815/1004
f 1346/1471/1346 2695/1441/2695 1665/1394/1665
f 959/1470/959 1966/1439/1966 2695/1441/2695
f 2696/1438/2696 1539/1437/1539 837/2394/837
f 1967/1440/1967 2696/1438/2696 1391/1145/1391
f 1216/2814/1216 1965/1436/1965 2696/1438/2696
f 2697/1435/2697 1964/1434/1964 1215/2816/1215
f 1680/864/1680 2697/1435/2697 1962/1430/1962
f 813/2791/813 1678/1433/1678 2697/1435/2697
f 2698/1432/2698 1963/1431/1963 1145/2818/1145
f 1408/2238/1408 2698/1432/2698 1811/1442/1811
f 1019/2817/1019 1962/1430/1962 2698/1432/2698
f 2699/1429/2699 1540/1428/1540 915/2407/915
f 1963/1431/1963 2699/1429/2699 1538/1133/1538
f 1215/2816/1215 1961/1427/1961 2699/1429/2699
f 2700/1426/2700 1960/1425/1960 1214/1422/1214
f 1150/2820/1150 1816/1141/1816 2700/1426/2700
f 916/1140/916 1814/1424/1814 2700/1426/2700
f 2701/1421/2701 1959/1423/1959 957/2821/957
f 1543/1413/1543 2701/1421/2701 1616/2249/1616
f 1150/2820/1150 1958/2819/1958 2701/1421/2701
f 957/2821/957 1959/1423/1959 2702/2822/2702
f 1959/1423/1959 1214/1422/1214 1957/2824/1957
f 1954/2825/1954 2703/1420/2703 1956/1419/1956
f 960/2826/960 1619/1120/1619 2703/1420/2703
f 1619/1120/1619 855/1119/855 1815/1418/1815
f 1678/1433/1678 2704/1415/2704 1955/1417/1955
f 1347/1488/1347 2704/1415/2704 1678/1433/1678
f 1347/1488/1347 960/2826/960 1954/2825/1954
f 1406/2828/1406 2705/1414/2705 1543/1413/1543
f 1017/2827/1017 1955/1417/1955 2705/1414/2705
f 1955/1417/1955 1213/1416/1213 1953/1412/1953
f 1815/1418/1815 2706/2967/2706 1952/2829/1952
f 1409/2418/1409 2706/2967/2706 1815/1418/1815
f 2707/2831/2707 1544/2401/1544 916/1140/916
f 1149/2830/1149 1952/2829/1952 2707/2831/2707
f 2708/1411/2708 1951/1410/1951 1212/2833/1212
f 1819/1143/1819 2708/1411/2708 1949/1406/1949
f 917/2396/917 1817/1409/1817 2708/1411/2708
f 2709/1408/2709 1950/1407/1950 961/2835/961
f 1547/1398/1547 2709/1408/2709 1620/2234/1620
f 1153/2834/1153 1949/1406/1949 2709/1408/2709
f 1950/1407/1950 2710/2837/2710 1348/2836/1348
f 1212/2833/1212 1948/2938/1948 2710/2837/2710
f 2711/1405/2711 1947/1404/1947 1211/2838/1211
f 1623/1095/1623 2711/1405/2711 1945/1400/1945
f 859/2438/859 1818/1403/1818 2711/1405/2711
f 2712/1402/2712 1946/1401/1946 1020/2840/1020
f 1351/1566/1351 2712/1402/2712 1681/1502/1681
f 964/2839/964 1945/1400/1945 2712/1402/2712
f 2713/1399/2713 1547/1398/1547 856/2422/856
f 1946/1401/1946 2713/1399/2713 1410/1115/1410
f 1211/2838/1211 1944/1397/1944 2713/1399/2713
f 2714/1396/2714 1943/1395/1943 1210/2841/1210
f 1684/870/1684 2714/1396/2714 1941/1391/1941
f 812/2801/812 1665/1394/1665 2714/1396/2714
f 2715/1393/2715 1942/1392/1942 1152/2843/1152
f 1413/2214/1413 2715/1393/2715 1818/1403/1818
f 1023/2842/1023 1941/1391/1941 2715/1393/2715
f 2716/1390/2716 1548/1389/1548 917/2396/917
f 1942/1392/1942 2716/1390/2716 1546/1142/1546
f 1210/2841/1210 1940/1388/1940 2716/1390/2716
f 1937/2844/1937 2717/1385/2717 1939/1387/1939
f 1157/1374/1157 1823/1150/1823 2717/1385/2717
f 1823/1150/1823 918/1149/918 1821/2388/1821
f 1624/2441/1624 2718/1382/2718 1938/1384/1938
f 860/1092/860 1551/1375/1551 2718/1382/2718
f 1551/1375/1551 1157/1374/1157 1937/2844/1937
f 965/2211/965 1938/1384/1938 2719/2845/2719
f 1938/1384/1938 1209/1383/1209 1936/2847/1936
f 1933/1376/1933 2720/1379/2720 1935/1381/1935
f 968/2849/968 1627/1072/1627 2720/1379/2720
f 1627/1072/1627 863/1071/863 1822/2850/1822
f 2721/1378/2721 1934/1377/1934 1024/2851/1024
f 1355/1644/1355 2721/1378/2721 1685/1580/1685
f 968/2849/968 1933/1376/1933 2721/1378/2721
f 1414/2852/1414 2722/1373/2722 1551/1375/1551
f 1024/2851/1024 1934/1377/1934 2722/1373/2722
f 1934/1377/1934 1208/2848/1208 1932/2853/1932
f 1929/1367/1929 2723/1370/2723 1931/1372/1931
f 1688/876/1688 2723/1370/2723 1929/1367/1929
f 802/2772/802 1655/2785/1655 2723/1370/2723
f 1822/2850/1822 2724/1369/2724 1930/1368/1930
f 863/1071/863 1417/2191/1417 2724/1369/2724
f 1417/2191/1417 1027/2190/1027 1929/1367/1929
f 1550/2855/1550 2725/1364/2725 1552/1366/1552
f 1930/1368/1930 2725/1364/2725 1550/2855/1550
f 1207/2854/1207 1928/2936/1928 2725/1364/2725
f 2726/1361/2726 1927/1363/1927 1206/2856/1206
f 1827/1155/1827 2726/1361/2726 1925/1358/1925
f 919/2383/919 1825/2382/1825 2726/1361/2726
f 1628/2458/1628 2727/1360/2727 1926/1359/1926
f 864/2857/864 1555/1351/1555 2727/1360/2727
f 1555/1351/1555 1161/1350/1161 1925/1358/1925
f 1926/1359/1926 2728/2859/2728 1356/2858/1356
f 1206/2856/1206 1924/2934/1924 2728/2859/2728
f 1921/1352/1921 2729/1355/2729 1923/1357/1923
f 971/2861/971 1631/1048/1631 2729/1355/2729
f 1631/1048/1631 867/1047/867 1826/2862/1826
f 2730/1354/2730 1922/1353/1922 1028/2863/1028
f 816/2708/816 1358/1701/1358 2730/1354/2730
f 971/2861/971 1921/1352/1921 2730/1354/2730
f 1418/1067/1418 2731/1349/2731 1555/1351/1555
f 1922/1353/1922 2731/1349/2731 1418/1067/1418
f 1922/1353/1922 1205/2860/1205 1920/2864/1920
f 2732/1348/2732 1919/1347/1919 1204/2865/1204
f 1692/882/1692 2732/1348/2732 1917/1343/1917
f 811/2741/811 1664/1346/1664 2732/1348/2732
f 2733/1345/2733 1918/1344/1918 1160/1356/1160
f 867/1047/867 1421/2167/1421 2733/1345/2733
f 1031/2166/1031 1917/1343/1917 2733/1345/2733
f 2734/1342/2734 1556/1341/1556 919/2383/919
f 1918/1344/1918 2734/1342/2734 1554/1154/1554
f 1204/2865/1204 1916/1340/1916 2734/1342/2734
f 1913/2866/1913 2735/1337/2735 1915/1339/1915
f 1164/2867/1164 1830/2868/1830 2735/1337/2735
f 1830/2868/1830 920/2375/920 1829/2374/1829
f 1632/2477/1632 2736/1334/2736 1914/1336/1914
f 868/2869/868 1558/2870/1558 2736/1334/2736
f 1558/2870/1558 1164/2867/1164 1913/2866/1913
f 1359/2871/1359 2737/1331/2737 1341/1333/1341
f 972/2163/972 1914/1336/1914 2737/1331/2737
f 1914/1336/1914 1203/1335/1203 1912/2872/1912
f 1909/2873/1909 2738/1328/2738 1911/1330/1911
f 1167/2874/1167 1833/2875/1833 2738/1328/2738
f 1833/2875/1833 921/2366/921 1832/2365/1832
f 1633/2486/1633 2739/1325/2739 1910/1327/1910
f 869/2876/869 1561/2877/1561 2739/1325/2739
f 1561/2877/1561 1167/2874/1167 1909/2873/1909
f 1360/2878/1360 2740/1322/1732 1340/1324/1340
f 973/2154/973 1910/1327/1910 2740/1322/1732
f 1910/1327/1910 1202/1326/1202 1908/2879/1908
f 1905/2880/1905 2741/1319/2740 1907/1321/1907
f 1171/1305/1171 1837/1170/1837 2741/1319/2740
f 1837/1170/1837 922/2359/922 1835/2358/1835
f 2742/1316/2741 1906/1318/1906 974/2881/974
f 1565/1306/1565 2742/1316/2741 1634/2144/1634
f 1171/1305/1171 1905/2880/1905 2742/1316/2741
f 1361/2882/1361 2743/1315/2742 1331/1314/1331
f 974/2881/974 1906/1318/1906 2743/1315/2742
f 1906/1318/1906 1201/1317/1201 1904/1313/1904
f 1901/2883/1901 2744/1310/2743 1903/1312/1903
f 1637/1014/1637 2744/1310/2743 1901/2883/1901
f 1637/1014/1637 873/2502/873 1836/2884/1836
f 1693/2694/1693 2745/1307/2744 1902/1309/1902
f 817/894/817 1363/1771/1363 2745/1307/2744
f 1363/1771/1363 976/1770/976 1901/2883/1901
f 1422/2885/1422 2746/1304/2745 1565/1306/1565
f 1032/1728/1032 1902/1309/1902 2746/1304/2745
f 1902/1309/1902 1200/1308/1200 1900/2886/1900
f 2747/1303/2746 1899/1302/1899 1199/2887/1199
f 1035/2121/1035 1696/897/1696 2747/1303/2746
f 808/2581/808 1661/1301/1661 2747/1303/2746
f 1836/2884/1836 2748/1300/2747 1898/1299/1898
f 873/2502/873 1425/2122/1425 2748/1300/2747
f 1035/2121/1035 1897/1298/1897 2748/1300/2747
f 2749/1295/2748 1566/1297/1566 922/2359/922
f 1898/1299/1898 2749/1295/2748 1564/1169/1564
f 1199/2887/1199 1896/2933/1896 2749/1295/2748
f 1893/1289/1893 2750/1292/2749 1895/1294/1895
f 1174/2889/1174 1840/2890/1840 2750/1292/2749
f 923/2352/923 1839/2350/1839 2750/1292/2749
f 2751/1291/2750 1894/1290/1894 977/2118/977
f 874/2891/874 1568/2892/1568 2751/1291/2750
f 1568/2892/1568 1174/2889/1174 1893/1289/1893
f 1364/2893/1364 2752/1286/2751 1338/1288/1338
f 1894/1290/1894 2752/1286/2751 1364/2893/1364
f 1198/2888/1198 1892/2932/1892 2752/1286/2751
f 1889/2894/1889 2753/1283/2752 1891/1285/1891
f 1176/2895/1176 1842/2896/1842 2753/1283/2752
f 1842/2896/1842 924/2345/924 1841/2344/1841
f 1639/2515/1639 2754/1280/2753 1890/1282/1890
f 875/2897/875 1571/2898/1571 2754/1280/2753
f 1571/2898/1571 1176/2895/1176 1889/2894/1889
f 1365/2899/1365 2755/1277/2754 1337/1279/1337
f 978/2109/978 1890/1282/1890 2755/1277/2754
f 1890/1282/1890 1197/1281/1197 1888/2900/1888
f 1885/2901/1885 2756/1274/2755 1887/1276/1887
f 1180/1260/1180 1846/1186/1846 2756/1274/2755
f 1846/1186/1846 925/1185/925 1844/2337/1844
f 1640/2522/1640 2757/1271/2756 1886/1273/1886
f 876/1005/876 1575/1261/1575 2757/1271/2756
f 1575/1261/1575 1180/1260/1180 1885/2901/1885
f 2758/1268/2757 1332/1270/1332 801/2766/801
f 1886/1273/1886 2758/1268/2757 1366/905/1366
f 1886/1273/1886 1196/1272/1196 1884/2902/1884
f 1881/2903/1881 2759/1265/2758 1883/1267/1883
f 982/1869/982 1643/982/1643 2759/1265/2758
f 1643/982/1643 879/981/879 1845/2904/1845
f 1697/2662/1697 2760/1262/2759 1882/1264/1882
f 818/909/818 1369/1870/1369 2760/1262/2759
f 1369/1870/1369 982/1869/982 1881/2903/1881
f 1426/2905/1426 2761/1259/2760 1575/1261/1575
f 1036/1803/1036 1882/1264/1882 2761/1259/2760
f 1882/1264/1882 1195/1263/1195 1880/2906/1880
f 1877/2907/1877 2762/1256/2761 1879/1258/1879
f 1039/2076/1039 1700/913/1700 2762/1256/2761
f 1700/913/1700 805/912/805 1658/2626/1658
f 1845/2904/1845 2763/1253/2762 1878/1255/1878
f 879/981/879 1429/2077/1429 2763/1253/2762
f 1429/2077/1429 1039/2076/1039 1877/2907/1877
f 1574/2908/1574 2764/1250/2763 1576/1252/1576
f 1179/1266/1179 1878/1255/1878 2764/1250/2763
f 1878/1255/1878 1194/1254/1194 1876/2909/1876
f 1873/2910/1873 2765/1247/2764 1875/1249/1875
f 1850/1194/1850 2765/1247/2764 1873/2910/1873
f 1850/1194/1850 926/2331/926 1848/2329/1848
f 2766/1244/2765 1874/1246/1874 983/2073/983
f 1579/1233/1579 2766/1244/2765 1644/2536/1644
f 1184/2911/1184 1873/2910/1873 2766/1244/2765
f 1370/2912/1370 2767/1241/2766 1335/1243/1335
f 983/2073/983 1874/1246/1874 2767/1241/2766
f 1874/1246/1874 1193/1245/1193 1872/2913/1872
f 1869/1235/1869 2768/1238/2767 1871/1240/1871
f 1647/957/1647 2768/1238/2767 1869/1235/1869
f 1647/957/1647 883/2549/883 1849/2915/1849
f 1701/2916/1701 2769/1237/2768 1870/1236/1870
f 1373/1942/1373 2769/1237/2768 1701/2916/1701
f 986/1941/986 1869/1235/1869 2769/1237/2768
f 2770/1234/2769 1579/1233/1579 880/978/880
f 1870/1236/1870 2770/1234/2769 1430/2917/1430
f 1192/2914/1192 1868/1232/1868 2770/1234/2769
f 1849/2915/1849 2771/2919/2770 1867/2918/1867
f 883/2549/883 1433/2548/1433 2771/2919/2770
f 1578/1193/1578 2772/2921/2771 1580/2920/1580
f 1183/1239/1183 1867/2918/1867 2772/2921/2771
f 1864/1226/1864 2773/1229/2772 1866/1231/1866
f 1853/1201/1853 2773/1229/2772 1864/1226/1864
f 1853/1201/1853 927/1200/927 1851/2326/1851
f 2774/1228/2773 1865/1227/1865 987/2924/987
f 1583/1215/1583 2774/1228/2773 1648/2054/1648
f 1187/2923/1187 1864/1226/1864 2774/1228/2773
f 2775/1225/2774 1334/1224/1334 803/2733/803
f 1865/1227/1865 2775/1225/2774 1374/920/1374
f 1191/2922/1191 1863/1223/1863 2775/1225/2774
f 1860/1217/1860 2776/1220/2775 1862/1222/1862
f 990/2926/990 1651/931/1651 2776/1220/2775
f 1651/931/1651 887/930/887 1852/2927/1852
f 2777/1219/2776 1861/1218/1861 1043/2928/1043
f 1377/2022/1377 2777/1219/2776 1704/1955/1704
f 990/2926/990 1860/1217/1860 2777/1219/2776
f 2778/1216/2777 1583/1215/1583 884/2553/884
f 1861/1218/1861 2778/1216/2777 1434/953/1434
f 1190/2925/1190 1859/1214/1859 2778/1216/2777
f 1856/2929/1856 2779/1211/2778 1858/1213/1858
f 1046/2031/1046 1707/928/1707 2779/1211/2778
f 1707/928/1707 799/927/799 1652/2658/1652
f 1852/2927/1852 2780/1208/2779 1857/1210/1857
f 887/930/887 1437/2032/1437 2780/1208/2779
f 1437/2032/1437 1046/2031/1046 1856/2929/1856
f 1582/2930/1582 2781/1205/2780 1584/1207/1584
f 1186/1221/1186 1857/1210/1857 2781/1205/2780
f 1857/1210/1857 1189/1209/1189 1855/2931/1855
f 1855/2931/1855 2782/1202/2781 1854/1204/1854
f 1189/1209/1189 1858/1213/1858 2782/1202/2781
f 1858/1213/1858 991/1212/991 1378/2659/1378
f 1859/1214/1859 2783/1199/2782 1853/1201/1853
f 1190/2925/1190 1862/1222/1862 2783/1199/2782
f 1862/1222/1862 1186/1221/1186 1582/2930/1582
f 1863/1223/1863 2784/1196/2783 1606/1198/1606
f 1191/2922/1191 1866/1231/1866 2784/1196/2783
f 1866/1231/1866 1185/1230/1185 1581/2327/1581
f 2785/1195/2784 1850/1194/1850 1184/2911/1184
f 1192/2914/1192 1871/1240/1871 2785/1195/2784
f 1871/1240/1871 1183/1239/1183 1578/1193/1578
f 1872/2913/1872 2786/1192/2785 1607/1191/1607
f 1193/1245/1193 1875/1249/1875 2786/1192/2785
f 1875/1249/1875 1182/1248/1182 1577/1190/1577
f 1876/2909/1876 2787/1187/2786 1847/1189/1847
f 1194/1254/1194 1879/1258/1879 2787/1187/2786
f 1879/1258/1879 997/1257/997 1384/2627/1384
f 1880/2906/1880 2788/1184/2787 1846/1186/1846
f 1195/1263/1195 1883/1267/1883 2788/1184/2787
f 1883/1267/1883 1179/1266/1179 1574/2908/1574
f 1884/2902/1884 2789/1181/2788 1604/1183/1604
f 1196/1272/1196 1887/1276/1887 2789/1181/2788
f 1887/1276/1887 1178/1275/1178 1573/2338/1573
f 1888/2900/1888 2790/1178/2789 1609/1180/1609
f 1197/1281/1197 1891/1285/1891 2790/1178/2789
f 1891/1285/1891 1175/1284/1175 1570/2347/1570
f 2791/1177/2790 1610/1176/1610 951/1287/951
f 1895/1294/1895 2791/1177/2790 1892/2932/1892
f 1895/1294/1895 1173/1293/1173 1567/1175/1567
f 2792/1174/2791 1838/1173/1838 1172/1296/1172
f 1899/1302/1899 2792/1174/2791 1896/2933/1896
f 1000/2593/1000 1387/1172/1387 2792/1174/2791
f 1900/2886/1900 2793/1171/2792 1837/1170/1837
f 1200/1308/1200 1903/1312/1903 2793/1171/2792
f 1903/1312/1903 1170/1311/1170 1564/1169/1564
f 2794/1168/2793 1603/1167/1603 944/2710/944
f 1907/1321/1907 2794/1168/2793 1904/1313/1904
f 1169/1320/1169 1563/1166/1563 2794/1168/2793
f 1908/2879/1908 2795/1163/2794 1612/1165/1612
f 1202/1326/1202 1911/1330/1911 2795/1163/2794
f 1911/1330/1911 1166/1329/1166 1560/2368/1560
f 1912/2872/1912 2796/1160/2795 1613/1162/1613
f 1203/1335/1203 1915/1339/1915 2796/1160/2795
f 1915/1339/1915 1163/1338/1163 1557/2377/1557
f 2797/1159/2796 1828/1158/1828 1162/2380/1162
f 1919/1347/1919 2797/1159/2796 1916/1340/1916
f 1003/2756/1003 1390/1157/1390 2797/1159/2796
f 2798/1156/2797 1827/1155/1827 1161/1350/1161
f 1205/2860/1205 1923/1357/1923 2798/1156/2797
f 1160/1356/1160 1554/1154/1554 2798/1156/2797
f 1927/1363/1927 2799/2935/2798 1924/2934/1924
f 1159/1362/1159 1553/2384/1553 2799/2935/2798
f 2800/1153/2799 1824/1152/1824 1158/1365/1158
f 1207/2854/1207 1931/1372/1931 2800/1153/2799
f 994/1371/994 1381/1151/1381 2800/1153/2799
f 1932/2853/1932 2801/1148/2800 1823/1150/1823
f 1208/2848/1208 1935/1381/1935 2801/1148/2800
f 1935/1381/1935 1156/1380/1156 1550/2855/1550
f 1209/1383/1209 1939/1387/1939 2802/2937/2801
f 1939/1387/1939 1155/1386/1155 1549/2390/1549
f 2803/1147/2802 1820/1146/1820 1154/2393/1154
f 1943/1395/1943 2803/1147/2802 1940/1388/1940
f 1004/2815/1004 1391/1145/1391 2803/1147/2802
f 2804/1144/2803 1819/1143/1819 1153/2834/1153
f 1947/1404/1947 2804/1144/2803 1944/1397/1944
f 1152/2843/1152 1546/1142/1546 2804/1144/2803
f 1951/1410/1951 2805/2939/2804 1948/2938/1948
f 1151/2395/1151 1545/2397/1545 2805/2939/2804
f 2806/1139/2805 1816/1141/1816 1150/2820/1150
f 1956/1419/1956 2806/1139/2805 1953/1412/1953
f 1149/2830/1149 1542/2832/1542 2806/1139/2805
f 1960/1425/1960 2807/2940/2806 1957/2824/1957
f 1148/2400/1148 1541/2403/1541 2807/2940/2806
f 1961/1427/1961 2808/1136/2807 1813/1138/1813
f 1964/1434/1964 2808/1136/2807 1961/1427/1961
f 1964/1434/1964 1017/2827/1017 1406/2828/1406
f 2809/1135/2808 1812/1134/1812 1146/2810/1146
f 1968/1443/1968 2809/1135/2808 1965/1436/1965
f 1145/2818/1145 1538/1133/1538 2809/1135/2808
f 1972/1449/1972 2810/2942/2809 1969/2941/1969
f 1144/2406/1144 1537/2408/1537 2810/2942/2809
f 1973/2808/1973 2811/1132/2810 1809/1131/1809
f 1218/1455/1218 1976/1459/1976 2811/1132/2810
f 1976/1459/1976 1018/1458/1018 1407/1130/1407
f 1977/2805/1977 2812/1127/2811 1808/1129/1808
f 1219/1464/1219 1980/1468/1980 2812/1127/2811
f 1980/1468/1980 1141/1467/1141 1534/2807/1534
f 1981/2802/1981 2813/1126/2812 1618/1125/1618
f 1220/2799/1220 1984/1477/1984 2813/1126/2812
f 1984/1477/1984 1140/1476/1140 1533/1124/1533
f 1986/2943/1986 2814/1121/2813 1805/1123/1805
f 1221/2792/1221 1989/1486/1989 2814/1121/2813
f 1989/1486/1989 1138/1485/1138 1530/2798/1530
f 1990/1487/1990 2815/1118/2814 1619/1120/1619
f 1993/1494/1993 2815/1118/2814 1990/1487/1990
f 1993/1494/1993 1137/2415/1137 1529/2417/1529
f 2816/1117/2815 1802/1116/1802 1136/2421/1136
f 1997/1503/1997 2816/1117/2815 1994/1496/1994
f 1020/2840/1020 1410/1115/1410 2816/1117/2815
f 2817/1114/2816 1801/1113/1801 1135/2779/1135
f 2001/1512/2001 2817/1114/2816 1998/1505/1998
f 1134/2788/1134 1526/1112/1526 2817/1114/2816
f 2005/1518/2005 2818/2945/2817 2002/2944/2002
f 1133/2423/1133 1525/2425/1525 2818/2945/2817
f 2819/1111/2818 1798/1110/1798 1132/2428/1132
f 2009/1527/2009 2819/1111/2818 2006/1520/2006
f 1021/2765/1021 1411/1109/1411 2819/1111/2818
f 2820/1108/2819 1797/1107/1797 1131/2771/1131
f 2013/1536/2013 2820/1108/2819 2010/1529/2010
f 1130/2777/1130 1522/1106/1522 2820/1108/2819
f 2821/1105/2820 1622/1104/1622 963/2784/963
f 2017/1545/2017 2821/1105/2820 2014/1538/2014
f 1129/2430/1129 1521/1103/1521 2821/1105/2820
f 2822/1102/2821 1794/1101/1794 1128/2434/1128
f 1229/1551/1229 2021/1555/2021 2822/1102/2821
f 2021/1555/2021 1016/1554/1016 1405/1100/1405
f 2823/1099/2822 1793/1098/1793 1127/2761/1127
f 2025/1563/2025 2823/1099/2822 2022/1556/2022
f 1126/2769/1126 1518/1097/1518 2823/1099/2822
f 2824/1096/2823 1623/1095/1623 964/2839/964
f 2029/1572/2029 2824/1096/2823 2026/1565/2026
f 1125/2436/1125 1517/1094/1517 2824/1096/2823
f 2030/1574/2030 2825/1091/2824 1790/1093/1790
f 1232/1578/1232 2033/1581/2033 2825/1091/2824
f 2033/1581/2033 1024/2851/1024 1414/2852/1414
f 2826/1090/2825 1789/1089/1789 1123/2749/1123
f 1233/2754/1233 2037/1591/2037 2826/1090/2825
f 2037/1591/2037 1122/1590/1122 1514/1088/1514
f 2041/1596/2041 2827/2946/2826 2038/2753/2038
f 1121/2442/1121 1513/2444/1513 2827/2946/2826
f 2828/1087/2827 1786/1086/1786 1120/2447/1120
f 2045/1605/2045 2828/1087/2827 2042/1598/2042
f 1025/2732/1025 1415/1085/1415 2828/1087/2827
f 2829/1084/2828 1785/1083/1785 1119/2739/1119
f 2049/1614/2049 2829/1084/2828 2046/1607/2046
f 1118/2747/1118 1510/1082/1510 2829/1084/2828
f 2830/1081/2829 1626/1080/1626 967/2755/967
f 2053/1623/2053 2830/1081/2829 2050/1616/2050
f 1117/2449/1117 1509/1079/1509 2830/1081/2829
f 2054/2737/2054 2831/1076/2830 1782/1078/1782
f 1238/1629/1238 2057/1633/2057 2831/1076/2830
f 2057/1633/2057 1008/1632/1008 1395/2774/1395
f 2832/1073/2831 1781/1075/1781 1115/2726/1115
f 2061/1642/2061 2832/1073/2831 2058/1634/2058
f 2061/1642/2061 1114/1641/1114 1506/2736/1506
f 2062/1643/2062 2833/1070/2832 1627/1072/1627
f 2065/1651/2065 2833/1070/2832 2062/1643/2062
f 1113/1650/1113 1505/2455/1505 2833/1070/2832
f 2834/1069/2833 1778/1068/1778 1112/1653/1112
f 1241/1656/1241 2069/1659/2069 2834/1069/2833
f 1028/2863/1028 1418/1067/1418 2834/1069/2833
f 2070/1663/2070 1111/1662/1111 1503/1064/1503
f 1110/2459/1110 1502/2461/1502 2836/2947/2835
f 2072/1667/2072 2837/1061/2836 1774/1063/1774
f 2075/1674/2075 2837/1061/2836 2072/1667/2072
f 2075/1674/2075 1029/2711/1029 1419/2712/1419
f 2076/1678/2076 1108/1677/1108 1500/2720/1500
f 2077/1681/2077 1107/1680/1107 1499/2467/1499
f 2840/1054/2839 1770/1053/1770 1106/2469/1106
f 2081/1689/2081 2840/1054/2839 2078/1682/2078
f 1015/2744/1015 1404/1052/1404 2840/1054/2839
f 2841/1049/2840 1769/1051/1769 1105/2706/1105
f 1244/1695/1244 2085/1698/2085 2841/1049/2840
f 1104/2715/1104 1496/2716/1496 2841/1049/2840
f 2842/1046/2841 1631/1048/1631 971/2861/971
f 2089/1707/2089 2842/1046/2841 2086/1700/2086
f 1103/2471/1103 1495/2472/1495 2842/1046/2841
f 2090/2704/2090 2843/1043/2842 1599/1045/1599
f 1246/1713/1246 2093/1717/2093 2843/1043/2842
f 2093/1717/2093 1100/1716/1100 1492/2481/1492
f 2094/1720/2094 1098/1719/1098 1490/2490/1490
f 2095/2696/2095 2845/1037/2844 1760/1039/1760
f 1247/1725/1247 2098/1729/2098 2845/1037/2844
f 2098/1729/2098 1032/1728/1032 1422/2885/1422
f 1096/1731/1096 1488/2695/1488 2846/1034/2845
f 2100/1735/2100 1095/1734/1095 1487/2494/1487
f 2101/2691/2101 2848/1028/2847 1756/1030/1756
f 1248/1740/1248 2104/1744/2104 2848/1028/2847
f 2104/1744/2104 1033/1743/1033 1423/2683/1423
f 2105/1747/2105 1093/1746/1093 1485/2690/1485
f 2106/1750/2106 1092/1749/1092 1484/2498/1484
f 2107/2687/2107 2851/1019/2850 1752/1021/1752
f 1249/1755/1249 2110/1759/2110 2851/1019/2850
f 2110/1759/2110 1012/1758/1012 1401/2584/1401
f 2111/2684/2111 2852/1016/2851 1751/1018/1751
f 1250/1764/1250 2114/1768/2114 2852/1016/2851
f 2114/1768/2114 1089/1767/1089 1481/2686/1481
f 2853/1015/2852 1637/1014/1637 976/1770/976
f 1251/2678/1251 2118/1777/2118 2853/1015/2852
f 2118/1777/2118 1088/1776/1088 1480/1013/1480
f 2854/1010/2853 1595/1012/1595 937/2613/937
f 2122/1785/2122 2854/1010/2853 2119/1778/2119
f 1085/2508/1085 1477/2511/1477 2854/1010/2853
f 2123/2671/2123 2855/1007/2854 1594/1009/1594
f 1253/1791/1253 2126/1795/2126 2855/1007/2854
f 2126/1795/2126 1082/1794/1082 1474/2519/1474
f 2127/2664/2127 2856/1004/2855 1742/1006/1742
f 1254/1800/1254 2130/1804/2130 2856/1004/2855
f 2130/1804/2130 1036/1803/1036 1426/2905/1426
f 2131/2660/2131 2857/1001/2856 1741/1003/1741
f 1255/1809/1255 2134/1813/2134 2857/1001/2856
f 2134/1813/2134 1079/1812/1079 1471/2663/1471
f 2135/2655/2135 2858/1000/2857 1587/999/1587
f 1256/1818/1256 2138/1822/2138 2858/1000/2857
f 2138/1822/2138 1078/1821/1078 1470/998/1470
f 2139/2652/2139 2859/995/2858 1738/997/1738
f 1257/1827/1257 2142/1831/2142 2859/995/2858
f 2142/1831/2142 1037/1830/1037 1427/2638/1427
f 2143/2649/2143 2860/992/2859 1737/994/1737
f 1258/1836/1258 2146/1840/2146 2860/992/2859
f 2146/1840/2146 1075/1839/1075 1467/2651/1467
f 2147/2645/2147 2861/989/2860 1642/991/1642
f 1259/1845/1259 2150/1849/2150 2861/989/2860
f 2150/1849/2150 1074/1848/1074 1466/2528/1466
f 2151/2642/2151 2862/986/2861 1734/988/1734
f 1260/1854/1260 2154/1858/2154 2862/986/2861
f 2154/1858/2154 1010/1857/1010 1398/2616/1398
f 2155/2639/2155 2863/983/2862 1733/985/1733
f 1261/1863/1261 2158/1867/2158 2863/983/2862
f 2158/1867/2158 1071/1866/1071 1463/2641/1463
f 2159/2634/2159 2864/980/2863 1643/982/1643
f 1262/1872/1262 2162/1876/2162 2864/980/2863
f 2162/1876/2162 1070/1875/1070 1462/2533/1462
f 2163/2631/2163 2865/977/2864 1730/979/1730
f 1263/1881/1263 2166/1885/2166 2865/977/2864
f 2166/1885/2166 1040/1884/1040 1430/2917/1430
f 2167/2628/2167 2866/974/2865 1729/976/1729
f 1264/1890/1264 2170/1894/2170 2866/974/2865
f 2170/1894/2170 1067/1893/1067 1459/2630/1459
f 2171/2623/2171 2867/971/2866 1591/973/1591
f 1265/1899/1265 2174/1903/2174 2867/971/2866
f 2174/1903/2174 1066/1902/1066 1458/2538/1458
f 2175/1904/2175 2868/968/2867 1726/970/1726
f 1266/1908/1266 2178/1911/2178 2868/968/2867
f 2178/1911/2178 1041/2603/1041 1431/2604/1431
f 2179/2617/2179 2869/965/2868 1725/967/1725
f 1267/1917/1267 2182/1921/2182 2869/965/2868
f 2182/1921/2182 1063/1920/1063 1455/2620/1455
f 2183/2611/2183 2870/962/2869 1646/964/1646
f 1268/1926/1268 2186/1930/2186 2870/962/2869
f 2186/1930/2186 1062/1929/1062 1454/2543/1454
f 2188/1931/2188 2871/959/2870 1722/961/1722
f 1269/1935/1269 2191/1939/2191 2871/959/2870
f 2191/1939/2191 1060/1938/1060 1451/2607/1451
f 2872/958/2871 1647/957/1647 986/1941/986
f 2195/1947/2195 2872/958/2871 2192/2601/2192
f 1059/2546/1059 1450/956/1450 2872/958/2871
f 2873/955/2872 1719/954/1719 1058/2552/1058
f 2199/1956/2199 2873/955/2872 2196/1949/2196
f 1043/2928/1043 1434/953/1434 2873/955/2872
f 2874/952/2873 1718/951/1718 1057/2589/1057
f 2203/1965/2203 2874/952/2873 2200/1958/2200
f 1056/2596/1056 1447/950/1447 2874/952/2873
f 2875/949/2874 1590/948/1590 932/2743/932
f 2207/1974/2207 2875/949/2874 2204/1967/2204
f 1055/2554/1055 1446/947/1446 2875/949/2874
f 2876/946/2875 1715/945/1715 1054/2558/1054
f 2211/1983/2211 2876/946/2875 2208/1976/2208
f 1044/2573/1044 1435/944/1435 2876/946/2875
f 2877/943/2876 1714/942/1714 1053/1986/1053
f 2215/1992/2215 2877/943/2876 2212/2585/2212
f 1052/2587/1052 1443/941/1443 2877/943/2876
f 2878/940/2877 1650/939/1650 989/2592/989
f 2219/2001/2219 2878/940/2877 2216/1994/2216
f 1051/2560/1051 1442/938/1442 2878/940/2877
f 2220/2578/2220 2879/935/2878 1711/937/1711
f 1277/2007/1277 2223/2011/2223 2879/935/2878
f 2223/2011/2223 1005/2010/1005 1392/2648/1392
f 2224/2574/2224 2880/932/2879 1710/934/1710
f 1278/2016/1278 2227/2020/2227 2880/932/2879
f 2227/2020/2227 1048/2019/1048 1439/2577/1439
f 2228/2021/2228 2881/929/2880 1651/931/1651
f 1279/2025/1279 2231/2029/2231 2881/929/2880
f 2231/2029/2231 1047/2028/1047 1438/2566/1438
f 2232/2567/2232 2882/926/2881 1707/928/1707
f 1280/2034/1280 2235/2038/2235 2882/926/2881
f 2235/2038/2235 943/2037/943 1330/2644/1330
f 2883/925/2882 1706/924/1706 1045/2595/1045
f 2239/2046/2239 2883/925/2882 2236/2039/2236
f 988/2569/988 1375/923/1375 2883/925/2882
f 2884/922/2883 1656/921/1656 995/2746/995
f 2243/2055/2243 2884/922/2883 2240/2048/2240
f 987/2924/987 1374/920/1374 2884/922/2883
f 2245/2544/2245 2885/919/2884 1703/918/1703
f 2248/2064/2248 2885/919/2884 2245/2544/2245
f 984/2599/984 1371/917/1371 2885/919/2884
f 2886/914/2885 1657/916/1657 996/2067/996
f 2252/2074/2252 2886/914/2885 2249/2539/2249
f 983/2073/983 1370/2912/1370 2886/914/2885
f 2253/2534/2253 2887/911/2886 1700/913/1700
f 1285/2079/1285 2256/2083/2256 2887/911/2886
f 2256/2083/2256 949/2082/949 1336/2610/1336
f 2257/2529/2257 2888/908/2887 1699/910/1699
f 1286/2088/1286 2260/2092/2260 2888/908/2887
f 2260/2092/2260 980/2091/980 1367/2633/1367
f 2889/907/2888 1654/906/1654 993/2776/993
f 1287/2097/1287 2264/2101/2264 2889/907/2888
f 2264/2101/2264 979/2100/979 1366/905/1366
f 2265/2520/2265 2890/902/2889 1659/904/1659
f 1288/2106/1288 2268/2110/2268 2890/902/2889
f 2268/2110/2268 978/2109/978 1365/2899/1365
f 2891/899/2890 1660/901/1660 999/2619/999
f 1289/2504/1289 2272/2119/2272 2891/899/2890
f 2272/2119/2272 977/2118/977 1364/2893/1364
f 2273/2503/2273 2892/898/2891 1696/897/1696
f 2276/2127/2276 2892/898/2891 2273/2503/2273
f 952/2580/952 1339/896/1339 2892/898/2891
f 2277/2499/2277 2893/893/2892 1695/895/1695
f 1291/2133/1291 2280/2137/2280 2893/893/2892
f 2280/2137/2280 975/2136/975 1362/2679/1362
f 2281/2138/2281 2894/890/2893 1653/892/1653
f 2284/2145/2284 2894/890/2893 2281/2138/2281
f 974/2881/974 1361/2882/1361 2894/890/2893
f 2285/2491/2285 2895/887/2894 1662/889/1662
f 1293/2151/1293 2288/2155/2288 2895/887/2894
f 2288/2155/2288 973/2154/973 1360/2878/1360
f 2289/2482/2289 2896/884/2895 1663/886/1663
f 1294/2160/1294 2292/2164/2292 2896/884/2895
f 2292/2164/2292 972/2163/972 1359/2871/1359
f 2897/883/2896 1692/882/1692 1031/2166/1031
f 1295/2468/1295 2296/2172/2296 2897/883/2896
f 955/2740/955 1342/881/1342 2897/883/2896
f 2898/880/2897 1691/879/1691 1030/2723/1030
f 2300/2181/2300 2898/880/2897 2297/2174/2297
f 970/2707/970 1357/878/1357 2898/880/2897
f 1297/2457/1297 2304/2188/2304 2899/2949/2898
f 2304/2188/2304 969/2187/969 1356/2858/1356
f 2305/2456/2305 2900/877/2899 1688/876/1688
f 1298/2193/1298 2308/2197/2308 2900/877/2899
f 2308/2197/2308 946/2196/946 1333/875/1333
f 2901/874/2900 1687/873/1687 1026/2758/1026
f 2312/2205/2312 2901/874/2900 2309/2198/2309
f 966/2727/966 1353/872/1353 2901/874/2900
f 2316/2212/2316 2902/2951/2901 2313/2950/2313
f 2316/2212/2316 965/2211/965 1352/2846/1352
f 2903/871/2902 1684/870/1684 1023/2842/1023
f 2320/2220/2320 2903/871/2902 2317/2213/2317
f 956/2800/956 1343/869/1343 2903/871/2902
f 2904/868/2903 1683/867/1683 1022/2787/1022
f 2324/2229/2324 2904/868/2903 2321/2222/2321
f 962/2762/962 1349/866/1349 2904/868/2903
f 2328/2235/2328 2905/2953/2904 2325/2952/2325
f 961/2835/961 1348/2836/1348 2905/2953/2904
f 2906/865/2905 1680/864/1680 1019/2817/1019
f 2333/2245/2333 2906/865/2905 2330/2237/2330
f 2333/2245/2333 958/2244/958 1345/863/1345
f 2337/2250/2337 2907/2955/2906 2334/2954/2334
f 2337/2250/2337 957/2821/957 1344/2823/1344
f 2342/2256/2342 2908/2957/2907 2339/2956/2339
f 942/2811/942 1329/2812/1329 2908/2957/2907
f 2346/2262/2346 2909/2958/2908 2343/2391/2343
f 930/2780/930 1317/2781/1317 2909/2958/2908
f 2350/2269/2350 2910/2960/2909 2347/2959/2347
f 2350/2269/2350 941/2268/941 1328/2752/1328
f 2351/2378/2351 2911/861/2910 1675/862/1675
f 1309/2274/1309 2354/2278/2354 2911/861/2910
f 2354/2278/2354 931/2277/931 1318/2670/1318
f 2355/2369/2355 2912/859/2911 1674/860/1674
f 1310/2283/1310 2358/2287/2358 2912/859/2911
f 2358/2287/2358 939/2286/939 1326/2703/1326
f 2913/858/2912 1667/857/1667 1006/2714/1006
f 1311/2356/1311 2362/2295/2362 2913/858/2912
f 938/2590/938 1325/856/1325 2913/858/2912
f 2364/2348/2364 2914/854/2913 1672/855/1672
f 1312/2301/1312 2367/2305/2367 2914/854/2913
f 2367/2305/2367 935/2304/935 1322/2677/1322
f 2368/2339/2368 2915/852/2914 1668/853/1668
f 1313/2310/1313 2371/2314/2371 2915/852/2914
f 2371/2314/2371 934/2313/934 1321/2622/1321
f 2373/2328/2373 2916/850/2915 1670/851/1670
f 1314/2319/1314 2376/2323/2376 2916/850/2915
f 2376/2323/2376 928/2322/928 1315/2654/1315
f 5040/850/5039 3794/851/3793 2917/609/2916
f 5039/852/5038 3792/853/3791 2920/727/2919
f 5038/854/5037 3796/855/3795 2921/723/2920
f 3791/857/3790 2919/493/2918 3449/856/3448
f 5036/859/5035 3798/860/3797 2922/490/2921
f 5035/861/5034 3799/862/3798 2918/606/2917
f 3804/864/3803 2937/2791/2936 3469/863/3468
f 3807/867/3806 2938/2763/2937 3473/866/3472
f 3808/870/3807 2936/2801/2935 3467/869/3466
f 5025/874/5024 3811/873/3810 2939/2728/2938
f 3812/876/3811 2926/2772/2925 3457/875/3456
f 3815/879/3814 2940/2708/2939 3481/878/3480
f 3816/882/3815 2935/2741/2934 3466/881/3465
f 3787/886/3786 2934/885/2933 3483/2871/3482
f 3786/889/3785 2933/888/2932 3484/2878/3483
f 5018/890/5017 3777/892/3776 2924/891/2923
f 5017/893/5016 3819/895/3818 2941/894/2940
f 3820/897/3819 2932/2581/2931 3463/896/3462
f 5015/899/5014 3784/901/3783 2931/900/2930
f 5014/902/5013 3783/904/3782 2930/903/2929
f 3778/906/3777 2925/2766/2924 3490/905/3489
f 5012/908/5011 3823/910/3822 2942/909/2941
f 5011/911/5010 3824/913/3823 2929/912/2928
f 5010/914/5009 3781/916/3780 2928/915/2927
f 3827/918/3826 2943/2600/2942 3495/917/3494
f 3780/921/3779 2927/2733/2926 3498/920/3497
f 3830/924/3829 2944/2570/2943 3499/923/3498
f 5006/926/5005 3831/928/3830 2923/927/2922
f 5005/929/5004 3775/931/3774 3011/930/3010
f 5004/932/5003 3834/934/3833 3012/933/3011
f 5003/935/5002 3835/937/3834 2962/936/2961
f 3774/939/3773 3010/2562/3009 3566/938/3565
f 3838/942/3837 3013/2561/3012 3567/941/3566
f 3839/945/3838 3009/2559/3008 3559/944/3558
f 3714/948/3713 2950/2556/2949 3570/947/3569
f 3842/951/3841 3014/2555/3013 3571/950/3570
f 3843/954/3842 3008/2553/3007 3558/953/3557
f 3771/957/3770 3007/2549/3006 3574/956/3573
f 4995/959/4994 3846/961/3845 3015/960/3014
f 4994/962/4993 3770/964/3769 3006/963/3005
f 4993/965/4992 3849/967/3848 3016/966/3015
f 4992/968/4991 3850/970/3849 3005/969/3004
f 3715/973/3714 2951/972/2950 3582/2538/3581
f 4990/974/4989 3853/976/3852 3017/975/3016
f 4989/977/4988 3854/979/3853 3004/978/3003
f 4988/980/4987 3767/982/3766 3003/981/3002
f 4987/983/4986 3857/985/3856 3018/984/3017
f 4986/986/4985 3858/988/3857 2968/987/2967
f 4985/989/4984 3766/991/3765 3002/990/3001
f 4984/992/4983 3861/994/3860 3019/993/3018
f 3862/997/3861 3001/996/3000 3551/2638/3550
f 3711/999/3710 2947/2524/2946 3594/998/3593
f 4981/1001/4980 3865/1003/3864 3020/1002/3019
f 4980/1004/4979 3866/1006/3865 3000/1005/2999
f 4979/1007/4978 3718/1009/3717 2954/1008/2953
f 4978/1010/4977 3719/1012/3718 2955/1011/2954
f 3761/1014/3760 2997/2502/2996 3604/1013/3603
f 4976/1016/4975 3875/1018/3874 3023/1017/3022
f 4975/1019/4974 3876/1021/3875 2971/1020/2970
f 4974/1022/4973 3760/1024/3759 2996/1023/2995
f 4973/1025/4972 3879/1027/3878 3024/1026/3023
f 4972/1028/4971 3880/1030/3879 2995/1029/2994
f 4971/1031/4970 3710/1033/3709 2946/1032/2945
f 4970/1034/4969 3883/1036/3882 3025/1035/3024
f 4969/1037/4968 3884/1039/3883 2994/1038/2993
f 3722/1042/3721 2958/1041/2957 3614/2490/3613
f 4967/1043/4966 3723/1045/3722 2959/1044/2958
f 4966/1046/4965 3755/1048/3754 2991/1047/2990
f 4965/1049/4964 3893/1051/3892 3028/1050/3027
f 3894/1053/3893 2974/2470/2973 3528/1052/3527
f 4963/1055/4962 3754/1057/3753 2990/1056/2989
f 4962/1058/4961 3897/1060/3896 3029/1059/3028
f 4961/1061/4960 3898/1063/3897 2989/1062/2988
f 3901/1065/3900 3030/2460/3029 3627/1064/3626
f 3902/1068/3901 2988/2857/2987 3542/1067/3541
f 3751/1072/3750 2987/1071/2986 3629/2455/3628
f 4956/1073/4955 3905/1075/3904 3031/1074/3030
f 3906/1078/3905 2965/1077/2964 3519/2774/3518
f 4954/1081/4953 3750/1080/3749 2986/2451/2985
f 4953/1084/4952 3909/1083/3908 3032/2450/3031
f 4952/1087/4951 3910/1086/3909 2985/2448/2984
f 3913/1089/3912 3033/2443/3032 3638/1088/3637
f 4949/1091/4948 3914/1093/3913 2984/1092/2983
f 3747/1095/3746 2983/2438/2982 3641/1094/3640
f 3917/1098/3916 3034/2437/3033 3642/1097/3641
f 3918/1101/3917 2975/2435/2974 3529/1100/3528
f 3746/1104/3745 2982/2432/2981 3645/1103/3644
f 3921/1107/3920 3035/2431/3034 3646/1106/3645
f 3922/1110/3921 2981/2429/2980 3535/1109/3534
f 3925/1113/3924 3036/2424/3035 3650/1112/3649
f 3926/1116/3925 2980/2422/2979 3534/1115/3533
f 4939/1118/4938 3743/1120/3742 2979/1119/2978
f 4938/1121/4937 3929/1123/3928 3037/1122/3036
f 3742/1125/3741 2978/2413/2977 3657/1124/3656
f 4936/1127/4935 3932/1129/3931 3038/1128/3037
f 3933/1131/3932 2977/2411/2976 3531/1130/3530
f 3936/1134/3935 3039/2407/3038 3662/1133/3661
f 4932/1136/4931 3937/1138/3936 2976/1137/2975
f 4930/1139/4929 3940/1141/3939 3040/1140/3039
f 3943/1143/3942 3041/2396/3040 3670/1142/3669
f 3944/1146/3943 2961/2394/2960 3515/1145/3514
f 4925/1148/4924 3947/1150/3946 3042/1149/3041
f 3948/1152/3947 2948/2387/2947 3505/1151/3504
f 3951/1155/3950 3043/2383/3042 3678/1154/3677
f 3952/1158/3951 2960/2381/2959 3514/1157/3513
f 4920/1160/4919 3737/1162/3736 2973/1161/2972
f 4919/1163/4918 3736/1165/3735 2972/1164/2971
f 3727/1167/3726 2963/2360/2962 3687/1166/3686
f 3961/1170/3960 3046/2359/3045 3688/1169/3687
f 3962/1173/3961 2956/2357/2955 3511/1172/3510
f 3734/1176/3733 2970/2354/2969 3691/1175/3690
f 4914/1178/4913 3733/1180/3732 2969/1179/2968
f 4913/1181/4912 3728/1183/3727 2964/1182/2963
f 4912/1184/4911 3970/1186/3969 3049/1185/3048
f 4911/1187/4910 3971/1189/3970 2952/1188/2951
f 3731/1191/3730 2967/2334/2966 3701/1190/3700
f 3974/1194/3973 3050/2331/3049 3702/1193/3701
f 4908/1196/4907 3730/1198/3729 2966/1197/2965
f 4907/1199/4906 3977/1201/3976 3051/1200/3050
f 4906/1202/4905 3978/1204/3977 2945/1203/2944
f 4905/1205/4904 3708/1207/3707 3312/1206/3311
f 4904/1208/4903 3981/1210/3980 3313/1209/3312
f 4903/1211/4902 3982/1213/3981 3115/1212/3114
f 3707/1215/3706 3311/2923/3310 3983/1214/3982
f 3985/1218/3984 3314/2925/3313 3984/1217/3983
f 4900/1220/4899 3986/1222/3985 3310/1221/3309
f 3458/1224/3457 3071/2730/3070 3987/1223/3986
f 3989/1227/3988 3315/2922/3314 3988/1226/3987
f 4897/1229/4896 3990/1231/3989 3309/1230/3308
f 3703/1233/3702 3308/2911/3307 3992/1232/3991
f 3994/1236/3993 3316/2914/3315 3993/1235/3992
f 4892/1238/4891 3995/1240/3994 3307/1239/3306
f 4891/1241/4890 3459/1243/3458 3072/1242/3071
f 4890/1244/4889 3998/1246/3997 3317/1245/3316
f 4889/1247/4888 3999/1249/3998 3306/1248/3305
f 4888/1250/4887 3700/1252/3699 3305/1251/3304
f 4887/1253/4886 4002/1255/4001 3318/1254/3317
f 4886/1256/4885 4003/1258/4002 3121/1257/3120
f 4885/1259/4884 3699/1261/3698 3304/1260/3303
f 4884/1262/4883 4006/1264/4005 3319/1263/3318
f 4883/1265/4882 4007/1267/4006 3303/1266/3302
f 4882/1268/4881 3456/1270/3455 3069/1269/3068
f 4881/1271/4880 4010/1273/4009 3320/1272/3319
f 4880/1274/4879 4011/1276/4010 3302/1275/3301
f 4879/1277/4878 3461/1279/3460 3074/1278/3073
f 4878/1280/4877 4014/1282/4013 3321/1281/3320
f 4877/1283/4876 4015/1285/4014 3299/1284/3298
f 4876/1286/4875 3462/1288/3461 3075/1287/3074
f 4018/1290/4017 3322/2888/3321 4017/1289/4016
f 4874/1292/4873 4019/1294/4018 3297/1293/3296
f 4873/1295/4872 3690/1297/3689 3296/1296/3295
f 4022/1299/4021 3323/2887/3322 4021/1298/4020
f 4023/1302/4022 3124/2593/3123 3785/1301/3784
f 4870/1304/4869 3689/1306/3688 3295/1305/3294
f 4869/1307/4868 4026/1309/4025 3324/1308/3323
f 4868/1310/4867 4027/1312/4026 3294/1311/3293
f 3455/1314/3454 3068/2710/3067 4028/1313/4027
f 4866/1316/4865 4030/1318/4029 3325/1317/3324
f 4865/1319/4864 4031/1321/4030 3293/1320/3292
f 4864/1322/4863 3464/1324/3463 3077/1323/3076
f 4863/1325/4862 4034/1327/4033 3326/1326/3325
f 4862/1328/4861 4035/1330/4034 3290/1329/3289
f 3465/1333/3464 3078/1332/3077 4036/2872/4035
f 4038/1336/4037 3327/1335/3326 4037/2866/4036
f 4859/1337/4858 4039/1339/4038 3287/1338/3286
f 4858/1342/4857 3680/1341/3679 3286/2380/3285
f 4042/1344/4041 3328/2865/3327 4041/1343/4040
f 4043/1347/4042 3127/2756/3126 3788/1346/3787
f 4855/1349/4854 3679/1351/3678 3285/1350/3284
f 4046/1353/4045 3329/2860/3328 4045/1352/4044
f 4853/1355/4852 4047/1357/4046 3284/1356/3283
f 4050/1359/4049 3330/2856/3329 4049/1358/4048
f 4850/1361/4849 4051/1363/4050 3283/1362/3282
f 4849/1364/4848 3676/1366/3675 3282/1365/3281
f 4054/1368/4053 3331/2854/3330 4053/1367/4052
f 4847/1370/4846 4055/1372/4054 3118/1371/3117
f 4846/1373/4845 3675/1375/3674 3281/1374/3280
f 4058/1377/4057 3332/2848/3331 4057/1376/4056
f 4844/1379/4843 4059/1381/4058 3280/1380/3279
f 4842/1382/4841 4062/1384/4061 3333/1383/3332
f 4841/1385/4840 4063/1387/4062 3279/1386/3278
f 3672/1389/3671 3278/2393/3277 4064/1388/4063
f 4066/1392/4065 3334/2841/3333 4065/1391/4064
f 4067/1395/4066 3128/2815/3127 3789/1394/3788
f 3671/1398/3670 3277/2834/3276 4068/1397/4067
f 4070/1401/4069 3335/2838/3334 4069/1400/4068
f 4071/1404/4070 3276/2843/3275 3942/1403/3941
f 4074/1407/4073 3336/2833/3335 4073/1406/4072
f 4075/1410/4074 3275/2395/3274 3941/1409/3940
f 3667/1413/3666 3274/2820/3273 4077/1412/4076
f 4828/1415/4827 4079/1417/4078 3337/1416/3336
f 4080/1419/4079 3273/2830/3272 3939/1418/3938
f 4825/1421/4824 4083/1423/4082 3338/1422/3337
f 4084/1425/4083 3272/2400/3271 3938/1424/3937
f 3664/1428/3663 3271/2405/3270 4085/1427/4084
f 4087/1431/4086 3339/2816/3338 4086/1430/4085
f 4088/1434/4087 3141/2827/3140 3802/1433/3801
f 3663/1437/3662 3270/2810/3269 4089/1436/4088
f 4091/1440/4090 3340/2814/3339 4090/1439/4089
f 4092/1443/4091 3269/2818/3268 3935/1442/3934
f 4095/1446/4094 3341/2809/3340 4094/1445/4093
f 4096/1449/4095 3268/2406/3267 3934/1448/3933
f 4814/1451/4813 3660/1453/3659 3267/1452/3266
f 4099/1456/4098 3342/1455/3341 4098/2806/4097
f 4812/1457/4811 4100/1459/4099 3142/1458/3141
f 4811/1460/4810 3659/1462/3658 3266/1461/3265
f 4810/1463/4809 4103/1465/4102 3343/1464/3342
f 4809/1466/4808 4104/1468/4103 3265/1467/3264
f 3470/1471/3469 3083/1470/3082 4105/2802/4104
f 4107/1473/4106 3344/2799/3343 4106/1472/4105
f 4806/1475/4805 4108/1477/4107 3264/1476/3263
f 4803/1478/4802 3655/1480/3654 3263/1479/3262
f 4112/1482/4111 3345/2792/3344 4111/1481/4110
f 4801/1484/4800 4113/1486/4112 3262/1485/3261
f 3471/1488/3470 3084/2826/3083 4114/1487/4113
f 4116/1491/4115 3346/2789/3345 4115/1490/4114
f 4117/1494/4116 3261/2415/3260 3927/1493/3926
f 3652/1497/3651 3260/2421/3259 4118/1496/4117
f 4120/1500/4119 3347/2786/3346 4119/1499/4118
f 4121/1503/4120 3144/2840/3143 3805/1502/3804
f 3651/1506/3650 3259/2779/3258 4122/1505/4121
f 4124/1509/4123 3348/2783/3347 4123/1508/4122
f 4125/1512/4124 3258/2788/3257 3924/1511/3923
f 4128/1515/4127 3349/2778/3348 4127/1514/4126
f 4129/1518/4128 3257/2423/3256 3923/1517/3922
f 3648/1521/3647 3256/2428/3255 4130/1520/4129
f 4132/1524/4131 3350/2775/3349 4131/1523/4130
f 4133/1527/4132 3145/2765/3144 3806/1526/3805
f 3647/1530/3646 3255/2771/3254 4134/1529/4133
f 4136/1534/4135 3351/1533/3350 4135/2773/4134
f 4137/1536/4136 3254/2777/3253 3920/1535/3919
f 3474/1539/3473 3087/2784/3086 4138/1538/4137
f 4140/1542/4139 3352/2770/3351 4139/1541/4138
f 4141/1545/4140 3253/2430/3252 3919/1544/3918
f 3644/1548/3643 3252/2434/3251 4142/1547/4141
f 4778/1550/4777 4144/1552/4143 3353/1551/3352
f 4777/1553/4776 4145/1555/4144 3140/1554/3139
f 3643/1557/3642 3251/2761/3250 4146/1556/4145
f 4148/1560/4147 3354/2764/3353 4147/1559/4146
f 4774/1564/4773 4149/1563/4148 3250/2769/3249
f 3475/1566/3474 3088/2839/3087 4150/1565/4149
f 4152/1569/4151 3355/2760/3354 4151/1568/4150
f 4153/1572/4152 3249/2436/3248 3915/1571/3914
f 4770/1576/4769 3640/1575/3639 3248/2440/3247
f 4769/1577/4768 4156/1579/4155 3356/1578/3355
f 4768/1582/4767 4157/1581/4156 3148/2851/3147
f 3639/1584/3638 3247/2749/3246 4158/1583/4157
f 4160/1587/4159 3357/2754/3356 4159/1586/4158
f 4765/1589/4764 4161/1591/4160 3246/1590/3245
f 4763/1592/4762 4164/1594/4163 3358/1593/3357
f 4165/1596/4164 3245/2442/3244 3911/1595/3910
f 3636/1599/3635 3244/2447/3243 4166/1598/4165
f 4168/1602/4167 3359/2745/3358 4167/1601/4166
f 4169/1605/4168 3149/2732/3148 3810/1604/3809
f 3635/1608/3634 3243/2739/3242 4170/1607/4169
f 4172/1611/4171 3360/2742/3359 4171/1610/4170
f 4756/1615/4755 4173/1614/4172 3242/2747/3241
f 4755/1618/4754 3478/1617/3477 3091/2755/3090
f 4176/1620/4175 3361/2738/3360 4175/1619/4174
f 4753/1624/4752 4177/1623/4176 3241/2449/3240
f 4752/1625/4751 3632/1627/3631 3240/1626/3239
f 4751/1628/4750 4180/1630/4179 3362/1629/3361
f 4750/1631/4749 4181/1633/4180 3132/1632/3131
f 3631/1635/3630 3239/2726/3238 4182/1634/4181
f 4748/1637/4747 4184/1639/4183 3363/1638/3362
f 4185/1642/4184 3238/1641/3237 3904/2731/3903
f 3479/1644/3478 3092/2849/3091 4186/1643/4185
f 4745/1648/4744 4188/1647/4187 3364/2725/3363
f 4189/1651/4188 3237/1650/3236 3903/2454/3902
f 4743/1652/4742 3628/1654/3627 3236/1653/3235
f 4742/1655/4741 4192/1657/4191 3365/1656/3364
f 4193/1659/4192 3152/2863/3151 3813/1658/3812
f 4740/1661/4739 4194/1663/4193 3235/1662/3234
f 4195/1665/4194 3234/2459/3233 3899/1664/3898
f 3625/1668/3624 3233/2465/3232 4196/1667/4195
f 4737/1670/4736 4198/1672/4197 3366/1671/3365
f 4199/1674/4198 3153/2711/3152 3814/1673/3813
f 4200/1678/4199 3232/1677/3231 3896/2717/3895
f 4734/1679/4733 4201/1681/4200 3231/1680/3230
f 3622/1683/3621 3230/2469/3229 4202/1682/4201
f 4204/1686/4203 3367/2713/3366 4203/1685/4202
f 4205/1689/4204 3139/2744/3138 3800/1688/3799
f 3621/1692/3620 3229/2706/3228 4206/1691/4205
f 4729/1694/4728 4208/1696/4207 3368/1695/3367
f 4209/1698/4208 3228/2715/3227 3892/1697/3891
f 4727/1702/4726 3482/1701/3481 3095/2861/3094
f 4212/1704/4211 3369/2705/3368 4211/1703/4210
f 4213/1707/4212 3227/2471/3226 3891/1706/3890
f 4724/1709/4723 3451/1711/3450 3064/1710/3063
f 4216/1714/4215 3370/1713/3369 4215/2698/4214
f 4722/1715/4721 4217/1717/4216 3224/1716/3223
f 4721/1718/4720 4218/1720/4217 3222/1719/3221
f 4720/1721/4719 3613/1723/3612 3221/1722/3220
f 4221/1726/4220 3371/1725/3370 4220/2693/4219
f 4718/1727/4717 4222/1729/4221 3156/1728/3155
f 4717/1730/4716 4223/1732/4222 3220/1731/3219
f 4716/1733/4715 4224/1735/4223 3219/1734/3218
f 4715/1736/4714 3610/1738/3609 3218/1737/3217
f 4714/1739/4713 4227/1741/4226 3372/1740/3371
f 4713/1742/4712 4228/1744/4227 3157/1743/3156
f 4712/1745/4711 4229/1747/4228 3217/1746/3216
f 4711/1748/4710 4230/1750/4229 3216/1749/3215
f 4710/1751/4709 3607/1753/3606 3215/1752/3214
f 4709/1754/4708 4233/1756/4232 3373/1755/3372
f 4708/1757/4707 4234/1759/4233 3136/1758/3135
f 4707/1760/4706 3606/1762/3605 3214/1761/3213
f 4706/1763/4705 4237/1765/4236 3374/1764/3373
f 4705/1766/4704 4238/1768/4237 3213/1767/3212
f 4704/1769/4703 3487/1771/3486 3100/1770/3099
f 4241/1773/4240 3375/2678/3374 4240/1772/4239
f 4702/1775/4701 4242/1777/4241 3212/1776/3211
f 3448/1779/3447 3061/2613/3060 4243/1778/4242
f 4700/1781/4699 4245/1783/4244 3376/1782/3375
f 4246/1785/4245 3209/2508/3208 3870/1784/3869
f 4698/1787/4697 3447/1789/3446 3060/1788/3059
f 4697/1790/4696 4249/1792/4248 3377/1791/3376
f 4696/1793/4695 4250/1795/4249 3206/1794/3205
f 4695/1796/4694 3597/1798/3596 3205/1797/3204
f 4694/1799/4693 4253/1801/4252 3378/1800/3377
f 4693/1802/4692 4254/1804/4253 3160/1803/3159
f 4692/1805/4691 3596/1807/3595 3204/1806/3203
f 4691/1808/4690 4257/1810/4256 3379/1809/3378
f 4690/1811/4689 4258/1813/4257 3203/1812/3202
f 4689/1814/4688 3440/1816/3439 3053/1815/3052
f 4261/1819/4260 3380/1818/3379 4260/2653/4259
f 4687/1820/4686 4262/1822/4261 3202/1821/3201
f 4686/1823/4685 3593/1825/3592 3201/1824/3200
f 4685/1826/4684 4265/1828/4264 3381/1827/3380
f 4684/1829/4683 4266/1831/4265 3161/1830/3160
f 4683/1832/4682 3592/1834/3591 3200/1833/3199
f 4682/1835/4681 4269/1837/4268 3382/1836/3381
f 4681/1838/4680 4270/1840/4269 3199/1839/3198
f 4680/1841/4679 3492/1843/3491 3105/1842/3104
f 4679/1844/4678 4273/1846/4272 3383/1845/3382
f 4678/1847/4677 4274/1849/4273 3198/1848/3197
f 4677/1850/4676 3589/1852/3588 3197/1851/3196
f 4676/1853/4675 4277/1855/4276 3384/1854/3383
f 4675/1856/4674 4278/1858/4277 3134/1857/3133
f 4674/1859/4673 3588/1861/3587 3196/1860/3195
f 4673/1862/4672 4281/1864/4280 3385/1863/3384
f 4672/1865/4671 4282/1867/4281 3195/1866/3194
f 4671/1868/4670 3493/1870/3492 3106/1869/3105
f 4670/1871/4669 4285/1873/4284 3386/1872/3385
f 4669/1874/4668 4286/1876/4285 3194/1875/3193
f 4668/1877/4667 3585/1879/3584 3193/1878/3192
f 4667/1880/4666 4289/1882/4288 3387/1881/3386
f 4666/1883/4665 4290/1885/4289 3164/1884/3163
f 4665/1886/4664 3584/1888/3583 3192/1887/3191
f 4664/1889/4663 4293/1891/4292 3388/1890/3387
f 4663/1892/4662 4294/1894/4293 3191/1893/3190
f 4662/1895/4661 3444/1897/3443 3057/1896/3056
f 4661/1898/4660 4297/1900/4296 3389/1899/3388
f 4660/1901/4659 4298/1903/4297 3190/1902/3189
f 3581/1905/3580 3189/2541/3188 4299/1904/4298
f 4658/1907/4657 4301/1909/4300 3390/1908/3389
f 4302/1911/4301 3165/2603/3164 3826/1910/3825
f 4656/1913/4655 3580/1915/3579 3188/1914/3187
f 4305/1918/4304 3391/1917/3390 4304/2612/4303
f 4654/1919/4653 4306/1921/4305 3187/1920/3186
f 4653/1922/4652 3496/1924/3495 3109/1923/3108
f 4652/1925/4651 4309/1927/4308 3392/1926/3391
f 4651/1928/4650 4310/1930/4309 3186/1929/3185
f 3576/1932/3575 3185/2598/3184 4312/1931/4311
f 4647/1934/4646 4314/1936/4313 3393/1935/3392
f 4646/1937/4645 4315/1939/4314 3184/1938/3183
f 4645/1940/4644 3497/1942/3496 3110/1941/3109
f 4644/1945/4643 4318/1944/4317 3394/2597/3393
f 4319/1947/4318 3183/2546/3182 3844/1946/3843
f 3573/1950/3572 3182/2552/3181 4320/1949/4319
f 4322/1953/4321 3395/2594/3394 4321/1952/4320
f 4323/1956/4322 3167/2928/3166 3828/1955/3827
f 3572/1959/3571 3181/2589/3180 4324/1958/4323
f 4326/1962/4325 3396/2591/3395 4325/1961/4324
f 4327/1965/4326 3180/2596/3179 3841/1964/3840
f 4636/1969/4635 3443/1968/3442 3056/2743/3055
f 4330/1971/4329 3397/2588/3396 4329/1970/4328
f 4331/1974/4330 3179/2554/3178 3840/1973/3839
f 3569/1977/3568 3178/2558/3177 4332/1976/4331
f 4632/1979/4631 4334/1981/4333 3398/1980/3397
f 4335/1983/4334 3168/2573/3167 3829/1982/3828
f 4630/1985/4629 3568/1987/3567 3177/1986/3176
f 4629/1988/4628 4338/1990/4337 3399/1989/3398
f 4339/1992/4338 3176/2587/3175 3837/1991/3836
f 3500/1995/3499 3113/2592/3112 4340/1994/4339
f 4626/1999/4625 4342/1998/4341 3400/2579/3399
f 4343/2001/4342 3175/2560/3174 3836/2000/3835
f 4624/2003/4623 3565/2005/3564 3174/2004/3173
f 4623/2006/4622 4346/2008/4345 3401/2007/3400
f 4622/2009/4621 4347/2011/4346 3129/2010/3128
f 4621/2012/4620 3564/2014/3563 3173/2013/3172
f 4620/2015/4619 4350/2017/4349 3402/2016/3401
f 4619/2018/4618 4351/2020/4350 3172/2019/3171
f 3501/2022/3500 3114/2926/3113 4352/2021/4351
f 4617/2024/4616 4354/2026/4353 3403/2025/3402
f 4616/2027/4615 4355/2029/4354 3171/2028/3170
f 4615/2030/4614 3561/2032/3560 3170/2031/3169
f 4614/2033/4613 4358/2035/4357 3404/2034/3403
f 4613/2036/4612 4359/2038/4358 3067/2037/3066
f 3560/2040/3559 3169/2595/3168 4360/2039/4359
f 4362/2043/4361 3405/2557/3404 4361/2042/4360
f 4363/2046/4362 3112/2569/3111 3773/2045/3772
f 3506/2049/3505 3119/2746/3118 4364/2048/4363
f 4366/2052/4365 3406/2551/3405 4365/2051/4364
f 4367/2055/4366 3111/2924/3110 3772/2054/3771
f 4604/2057/4603 3556/2059/3555 3166/2058/3165
f 4603/2060/4602 4371/2062/4370 3407/2061/3406
f 4372/2064/4371 3108/2599/3107 3769/2063/3768
f 4601/2066/4600 3507/2068/3506 3120/2067/3119
f 4375/2070/4374 3408/2535/3407 4374/2069/4373
f 4376/2074/4375 3107/2073/3106 3768/2536/3767
f 4598/2075/4597 3553/2077/3552 3163/2076/3162
f 4597/2078/4596 4379/2080/4378 3409/2079/3408
f 4596/2081/4595 4380/2083/4379 3073/2082/3072
f 4595/2084/4594 3552/2086/3551 3162/2085/3161
f 4594/2087/4593 4383/2089/4382 3410/2088/3409
f 4593/2090/4592 4384/2092/4383 3104/2091/3103
f 3504/2094/3503 3117/2776/3116 4385/2093/4384
f 4591/2096/4590 4387/2098/4386 3411/2097/3410
f 4590/2099/4589 4388/2101/4387 3103/2100/3102
f 4589/2102/4588 3509/2104/3508 3122/2103/3121
f 4588/2105/4587 4391/2107/4390 3412/2106/3411
f 4587/2108/4586 4392/2110/4391 3102/2109/3101
f 3510/2112/3509 3123/2619/3122 4393/2111/4392
f 4395/2115/4394 3413/2504/3412 4394/2114/4393
f 4584/2117/4583 4396/2119/4395 3101/2118/3100
f 4583/2120/4582 3549/2122/3548 3159/2121/3158
f 4582/2123/4581 4399/2125/4398 3414/2124/3413
f 4400/2127/4399 3076/2580/3075 3735/2126/3734
f 4580/2129/4579 3548/2131/3547 3158/2130/3157
f 4579/2132/4578 4403/2134/4402 3415/2133/3414
f 4578/2135/4577 4404/2137/4403 3099/2136/3098
f 3503/2139/3502 3116/2719/3115 4405/2138/4404
f 4576/2141/4575 4407/2143/4406 3416/2142/3415
f 4408/2145/4407 3098/2881/3097 3758/2144/3757
f 4574/2147/4573 3512/2149/3511 3125/2148/3124
f 4411/2152/4410 3417/2151/3416 4410/2483/4409
f 4572/2153/4571 4412/2155/4411 3097/2154/3096
f 4571/2156/4570 3513/2158/3512 3126/2157/3125
f 4570/2159/4569 4415/2161/4414 3418/2160/3417
f 4416/2164/4415 3096/2163/3095 3756/2477/3755
f 4568/2165/4567 3545/2167/3544 3155/2166/3154
f 4567/2170/4566 4419/2169/4418 3419/2468/3418
f 4566/2173/4565 4420/2172/4419 3079/2740/3078
f 3544/2175/3543 3154/2723/3153 4421/2174/4420
f 4564/2177/4563 4423/2179/4422 3420/2178/3419
f 4424/2181/4423 3094/2707/3093 3753/2180/3752
f 4427/2184/4426 3421/2457/3420 4426/2183/4425
f 4560/2186/4559 4428/2188/4427 3093/2187/3092
f 4559/2189/4558 3541/2191/3540 3151/2190/3150
f 4558/2192/4557 4431/2194/4430 3422/2193/3421
f 4432/2197/4431 3070/2196/3069 3729/2453/3728
f 4556/2200/4555 3540/2199/3539 3150/2758/3149
f 4435/2202/4434 3423/2446/3422 4434/2201/4433
f 4436/2205/4435 3090/2727/3089 3749/2204/3748
f 4439/2208/4438 3424/2439/3423 4438/2207/4437
f 4551/2210/4550 4440/2212/4439 3089/2211/3088
f 4550/2215/4549 3537/2214/3536 3147/2842/3146
f 4443/2217/4442 3425/2433/3424 4442/2216/4441
f 4444/2220/4443 3080/2800/3079 3739/2219/3738
f 3536/2223/3535 3146/2787/3145 4445/2222/4444
f 4447/2226/4446 3426/2427/3425 4446/2225/4445
f 4448/2229/4447 3086/2762/3085 3745/2228/3744
f 4451/2232/4450 3427/2420/3426 4450/2231/4449
f 4452/2235/4451 3085/2835/3084 3744/2234/3743
f 3532/2238/3531 3143/2817/3142 4454/2237/4453
f 4456/2241/4455 3428/2410/3427 4455/2240/4454
f 4537/2243/4536 4457/2245/4456 3082/2244/3081
f 4460/2247/4459 3429/2404/3428 4459/2246/4458
f 4461/2250/4460 3081/2821/3080 3740/2249/3739
f 4465/2253/4464 3430/2392/3429 4464/2252/4463
f 4466/2256/4465 3066/2811/3065 3725/2255/3724
f 4527/2258/4526 4469/2260/4468 3431/2259/3430
f 4470/2262/4469 3054/2780/3053 3712/2261/3711
f 4473/2265/4472 3432/2379/3431 4472/2264/4471
f 4523/2267/4522 4474/2269/4473 3065/2268/3064
f 4522/2270/4521 3527/2272/3526 3138/2271/3137
f 4521/2273/4520 4477/2275/4476 3433/2274/3432
f 4520/2276/4519 4478/2278/4477 3055/2277/3054
f 3526/2281/3525 3137/2280/3136 4479/2369/4478
f 4518/2282/4517 4481/2284/4480 3434/2283/3433
f 4517/2285/4516 4482/2287/4481 3063/2286/3062
f 4516/2290/4515 3517/2289/3516 3130/2714/3129
f 4485/2292/4484 3435/2356/3434 4484/2291/4483
f 4514/2296/4513 4486/2295/4485 3062/2590/3061
f 4511/2297/4510 3523/2299/3522 3135/2298/3134
f 4510/2300/4509 4490/2302/4489 3436/2301/3435
f 4509/2303/4508 4491/2305/4490 3059/2304/3058
f 4508/2306/4507 3518/2308/3517 3131/2307/3130
f 4507/2309/4506 4494/2311/4493 3437/2310/3436
f 4506/2312/4505 4495/2314/4494 3058/2313/3057
f 4503/2315/4502 3520/2317/3519 3133/2316/3132
f 4502/2318/4501 4499/2320/4498 3438/2319/3437
f 4501/2321/4500 4500/2323/4499 3052/2322/3051
f 4498/2324/4497 3438/2319/3437 4500/2323/4499
f 3312/1206/3311 4498/2324/4497 4501/2321/4500
f 3978/1204/3977 4501/2321/4500 3709/2325/3708
f 3975/2326/3974 3309/1230/3308 4499/2320/4498
f 3051/1200/3050 3975/2326/3974 4502/2318/4501
f 3708/1207/3707 4502/2318/4501 4498/2324/4497
f 3705/2327/3704 2966/1197/2965 3520/2317/3519
f 3309/1230/3308 3705/2327/3704 4503/2315/4502
f 4499/2320/4498 4503/2315/4502 4497/2328/4496
f 3972/2329/3971 3306/1248/3305 4496/2330/4495
f 3050/2331/3049 3972/2329/3971 4504/2332/4503
f 2967/2334/2966 3521/2966/3520 4505/2333/4504
f 3701/1190/3700 4505/2333/4504 4496/2330/4495
f 4493/2335/4492 3437/2310/3436 4495/2314/4494
f 3305/1251/3304 4493/2335/4492 4506/2312/4505
f 3971/1189/3970 4506/2312/4505 3716/2336/3715
f 3968/2337/3967 3302/1275/3301 4494/2311/4493
f 3049/1185/3048 3968/2337/3967 4507/2309/4506
f 3700/1252/3699 4507/2309/4506 4493/2335/4492
f 3697/2338/3696 2964/1182/2963 3518/2308/3517
f 3302/1275/3301 3697/2338/3696 4508/2306/4507
f 4494/2311/4493 4508/2306/4507 4492/2339/4491
f 4489/2340/4488 3436/2301/3435 4491/2305/4490
f 3301/2341/3300 4489/2340/4488 4509/2303/4508
f 3967/2342/3966 4509/2303/4508 3717/2343/3716
f 3965/2344/3964 3299/1284/3298 4490/2302/4489
f 3048/2345/3047 3965/2344/3964 4510/2300/4509
f 3696/2346/3695 4510/2300/4509 4489/2340/4488
f 3694/2347/3693 2969/1179/2968 3523/2299/3522
f 3299/1284/3298 3694/2347/3693 4511/2297/4510
f 4490/2302/4489 4511/2297/4510 4488/2348/4487
f 3297/1293/3296 4487/2961/4486 4512/2349/4511
f 3963/2350/3962 4512/2349/4511 3693/2351/3692
f 3691/1175/3690 2970/2354/2969 3524/2353/3523
f 3297/1293/3296 3691/1175/3690 4513/2355/4512
f 4484/2291/4483 3435/2356/3434 4486/2295/4485
f 3296/1296/3295 4484/2291/4483 4514/2296/4513
f 4514/2296/4513 3720/2294/3719 2956/2357/2955
f 3293/1320/3292 4485/2292/4484 4515/2293/4514
f 3046/2359/3045 3959/2358/3958 4515/2293/4514
f 3690/1297/3689 4515/2293/4514 4484/2291/4483
f 3687/1166/3686 2963/2360/2962 3517/2289/3516
f 3687/1166/3686 4516/2290/4515 4485/2292/4484
f 4485/2292/4484 4516/2290/4515 4483/2288/4482
f 4480/2361/4479 3434/2283/3433 4482/2287/4481
f 3292/2362/3291 4480/2361/4479 4517/2285/4516
f 3958/2363/3957 4517/2285/4516 3721/2364/3720
f 3956/2365/3955 3290/1329/3289 4481/2284/4480
f 3045/2366/3044 3956/2365/3955 4518/2282/4517
f 3686/2367/3685 4518/2282/4517 4480/2361/4479
f 3684/2368/3683 2972/1164/2971 3526/2281/3525
f 3290/1329/3289 3684/2368/3683 4519/2279/4518
f 4481/2284/4480 4519/2279/4518 4479/2369/4478
f 4476/2370/4475 3433/2274/3432 4478/2278/4477
f 3289/2371/3288 4476/2370/4475 4520/2276/4519
f 3955/2372/3954 4520/2276/4519 3713/2373/3712
f 3953/2374/3952 3287/1338/3286 4477/2275/4476
f 3044/2375/3043 3953/2374/3952 4521/2273/4520
f 3683/2376/3682 4521/2273/4520 4476/2370/4475
f 3681/2377/3680 2973/1161/2972 3527/2272/3526
f 3287/1338/3286 3681/2377/3680 4522/2270/4521
f 4477/2275/4476 4522/2270/4521 4475/2378/4474
f 3432/2379/3431 4474/2269/4473 4523/2267/4522
f 4472/2264/4471 4523/2267/4522 3952/1158/3951
f 4523/2267/4522 3724/2750/3723 2960/2381/2959
f 3283/1362/3282 4473/2265/4472 4524/2266/4523
f 3043/2383/3042 3949/2382/3948 4524/2266/4523
f 4524/2266/4523 4472/2264/4471 3286/2380/3285
f 3677/2384/3676 4525/2385/4524 4473/2265/4472
f 4525/2385/4524 4471/2959/4470 3432/2379/3431
f 4468/2386/4467 3431/2259/3430 4470/2262/4469
f 4468/2386/4467 4526/2263/4525 3948/1152/3947
f 4526/2263/4525 3712/2261/3711 2948/2387/2947
f 3945/2388/3944 3279/1386/3278 4469/2260/4468
f 3042/1149/3041 3945/2388/3944 4527/2258/4526
f 3676/1366/3675 4527/2258/4526 4468/2386/4467
f 3279/1386/3278 3673/2390/3672 4528/2389/4527
f 4469/2260/4468 4528/2389/4527 4467/2391/4466
f 3430/2392/3429 4466/2256/4465 4529/2257/4528
f 4464/2252/4463 4529/2257/4528 3944/1146/3943
f 4529/2257/4528 3725/2255/3724 2961/2394/2960
f 3275/2395/3274 4465/2253/4464 4530/2254/4529
f 3941/1409/3940 4530/2254/4529 3672/1389/3671
f 4530/2254/4529 4464/2252/4463 3278/2393/3277
f 3669/2397/3668 4531/2398/4530 4465/2253/4464
f 4531/2398/4530 4463/2956/4462 3430/2392/3429
f 3938/1424/3937 3272/2400/3271 4462/2399/4461
f 3938/1424/3937 4532/2962/4531 3668/2401/3667
f 3272/2400/3271 3665/2403/3664 4533/2402/4532
f 4459/2246/4458 3429/2404/3428 4461/2250/4460
f 3271/2405/3270 4459/2246/4458 4534/2251/4533
f 3937/1138/3936 4534/2251/4533 3740/2249/3739
f 3268/2406/3267 4460/2247/4459 4535/2248/4534
f 3934/1448/3933 4535/2248/4534 3664/1428/3663
f 4535/2248/4534 4459/2246/4458 3271/2405/3270
f 3661/2408/3660 4536/2409/4535 4460/2247/4459
f 4536/2409/4535 4458/2954/4457 3429/2404/3428
f 3428/2410/3427 4457/2245/4456 4537/2243/4536
f 4455/2240/4454 4537/2243/4536 3933/1131/3932
f 4537/2243/4536 3741/2790/3740 2977/2411/2976
f 3930/2412/3929 3264/1476/3263 4456/2241/4455
f 3038/1128/3037 3930/2412/3929 4538/2242/4537
f 3660/1453/3659 4538/2242/4537 4455/2240/4454
f 2978/2413/2977 3532/2238/3531 4539/2239/4538
f 3657/1124/3656 4539/2239/4538 4456/2241/4455
f 4539/2239/4538 4454/2237/4453 3428/2410/3427
f 3927/1493/3926 3261/2415/3260 4453/2414/4452
f 3927/1493/3926 4540/2963/4539 3656/2416/3655
f 3653/2417/3652 2979/1119/2978 3533/2418/3532
f 3261/2415/3260 3653/2417/3652 4541/2419/4540
f 3427/2420/3426 4452/2235/4451 4542/2236/4541
f 4450/2231/4449 4542/2236/4541 3926/1116/3925
f 4542/2236/4541 3744/2234/3743 2980/2422/2979
f 3923/1517/3922 3257/2423/3256 4451/2232/4450
f 3923/1517/3922 4543/2233/4542 3652/1497/3651
f 4543/2233/4542 4450/2231/4449 3260/2421/3259
f 3649/2425/3648 4544/2426/4543 4451/2232/4450
f 4544/2426/4543 4449/2952/4448 3427/2420/3426
f 3426/2427/3425 4448/2229/4447 4545/2230/4544
f 4446/2225/4445 4545/2230/4544 3922/1110/3921
f 4545/2230/4544 3745/2228/3744 2981/2429/2980
f 3253/2430/3252 4447/2226/4446 4546/2227/4545
f 3919/1544/3918 4546/2227/4545 3648/1521/3647
f 4546/2227/4545 4446/2225/4445 3256/2428/3255
f 2982/2432/2981 3536/2223/3535 4547/2224/4546
f 3645/1103/3644 4547/2224/4546 4447/2226/4446
f 4547/2224/4546 4445/2222/4444 3426/2427/3425
f 3425/2433/3424 4444/2220/4443 4548/2221/4547
f 4442/2216/4441 4548/2221/4547 3918/1101/3917
f 4548/2221/4547 3739/2219/3738 2975/2435/2974
f 3249/2436/3248 4443/2217/4442 4549/2218/4548
f 3915/1571/3914 4549/2218/4548 3644/1548/3643
f 4549/2218/4548 4442/2216/4441 3252/2434/3251
f 2983/2438/2982 3537/2214/3536 4550/2215/4549
f 3641/1094/3640 4550/2215/4549 4443/2217/4442
f 4443/2217/4442 4550/2215/4549 4441/2213/4440
f 3424/2439/3423 4440/2212/4439 4551/2210/4550
f 4438/2207/4437 4551/2210/4550 3914/1093/3913
f 3914/1093/3913 4551/2210/4550 3748/2441/3747
f 3245/2442/3244 4439/2208/4438 4552/2209/4551
f 3911/1595/3910 4552/2209/4551 3640/1575/3639
f 4552/2209/4551 4438/2207/4437 3248/2440/3247
f 3637/2444/3636 4553/2445/4552 4439/2208/4438
f 4553/2445/4552 4437/2950/4436 3424/2439/3423
f 3423/2446/3422 4436/2205/4435 4554/2206/4553
f 4434/2201/4433 4554/2206/4553 3910/1086/3909
f 4554/2206/4553 3749/2204/3748 2985/2448/2984
f 3907/1622/3906 3241/2449/3240 4435/2202/4434
f 3032/2450/3031 3907/1622/3906 4555/2203/4554
f 3636/1599/3635 4555/2203/4554 4434/2201/4433
f 3633/1079/3632 2986/2451/2985 3540/2199/3539
f 3241/2449/3240 3633/1079/3632 4556/2200/4555
f 4556/2200/4555 4433/2198/4432 3423/2446/3422
f 4430/2452/4429 3422/2193/3421 4432/2197/4431
f 3240/1626/3239 4430/2452/4429 4557/2195/4556
f 4557/2195/4556 3729/2453/3728 2965/1077/2964
f 3237/1650/3236 4431/2194/4430 4558/2192/4557
f 3903/2454/3902 4558/2192/4557 3632/1627/3631
f 3632/1627/3631 4558/2192/4557 4430/2452/4429
f 3629/2455/3628 2987/1071/2986 3541/2191/3540
f 3629/2455/3628 4559/2189/4558 4431/2194/4430
f 4431/2194/4430 4559/2189/4558 4429/2456/4428
f 4426/2183/4425 3421/2457/3420 4428/2188/4427
f 4426/2183/4425 4560/2186/4559 3902/1068/3901
f 3902/1068/3901 4560/2186/4559 3752/2458/3751
f 3899/1664/3898 3234/2459/3233 4427/2184/4426
f 3899/1664/3898 4561/2185/4560 3628/1654/3627
f 4561/2185/4560 4426/2183/4425 3236/1653/3235
f 3234/2459/3233 3626/2461/3625 4562/2463/4561
f 4427/2184/4426 4562/2463/4561 4425/2462/4424
f 4422/2464/4421 3420/2178/3419 4424/2181/4423
f 3233/2465/3232 4422/2464/4421 4563/2182/4562
f 3898/1063/3897 4563/2182/4562 3753/2180/3752
f 3895/2466/3894 3231/1680/3230 4423/2179/4422
f 3895/2466/3894 4564/2177/4563 3625/1668/3624
f 3625/1668/3624 4564/2177/4563 4422/2464/4421
f 3623/2467/3622 2990/1056/2989 3544/2175/3543
f 3231/1680/3230 3623/2467/3622 4565/2176/4564
f 4565/2176/4564 4421/2174/4420 3420/2178/3419
f 4418/2168/4417 3419/2468/3418 4420/2172/4419
f 4418/2168/4417 4566/2173/4565 3894/1053/3893
f 4566/2173/4565 3738/2171/3737 2974/2470/2973
f 3227/2471/3226 4419/2169/4418 4567/2170/4566
f 3891/1706/3890 4567/2170/4566 3622/1683/3621
f 4567/2170/4566 4418/2168/4417 3230/2469/3229
f 3619/2472/3618 2991/1047/2990 3545/2167/3544
f 3227/2471/3226 3619/2472/3618 4568/2165/4567
f 4419/2169/4418 4568/2165/4567 4417/2473/4416
f 4414/2474/4413 3418/2160/3417 4416/2164/4415
f 3226/2475/3225 4414/2474/4413 4569/2162/4568
f 4569/2162/4568 3756/2477/3755 2992/2869/2991
f 3888/2478/3887 3224/1716/3223 4415/2161/4414
f 3027/2479/3026 3888/2478/3887 4570/2159/4569
f 3618/2480/3617 4570/2159/4569 4414/2474/4413
f 3616/2481/3615 2959/1044/2958 3513/2158/3512
f 3224/1716/3223 3616/2481/3615 4571/2156/4570
f 4415/2161/4414 4571/2156/4570 4413/2482/4412
f 3417/2151/3416 4412/2155/4411 4572/2153/4571
f 4410/2483/4409 4572/2153/4571 3887/2485/3886
f 3887/2485/3886 4572/2153/4571 3757/2486/3756
f 3885/2487/3884 3222/1719/3221 4411/2152/4410
f 3026/2488/3025 3885/2487/3884 4573/2150/4572
f 4573/2150/4572 4410/2483/4409 3223/2484/3222
f 3614/2490/3613 2958/1041/2957 3512/2149/3511
f 3614/2490/3613 4574/2147/4573 4411/2152/4410
f 4411/2152/4410 4574/2147/4573 4409/2491/4408
f 4406/2492/4405 3416/2142/3415 4408/2145/4407
f 3221/1722/3220 4406/2492/4405 4575/2146/4574
f 3884/1039/3883 4575/2146/4574 3758/2144/3757
f 3881/2493/3880 3219/1734/3218 4407/2143/4406
f 3025/1035/3024 3881/2493/3880 4576/2141/4575
f 4576/2141/4575 4406/2492/4405 3221/1722/3220
f 3611/2494/3610 2946/1032/2945 3503/2139/3502
f 3219/1734/3218 3611/2494/3610 4577/2140/4576
f 4407/2143/4406 4577/2140/4576 4405/2138/4404
f 4402/2495/4401 3415/2133/3414 4404/2137/4403
f 3218/1737/3217 4402/2495/4401 4578/2135/4577
f 3880/1030/3879 4578/2135/4577 3759/2496/3758
f 3877/2497/3876 3216/1749/3215 4403/2134/4402
f 3024/1026/3023 3877/2497/3876 4579/2132/4578
f 3610/1738/3609 4579/2132/4578 4402/2495/4401
f 3608/2498/3607 2996/1023/2995 3548/2131/3547
f 3216/1749/3215 3608/2498/3607 4580/2129/4579
f 4403/2134/4402 4580/2129/4579 4401/2499/4400
f 4398/2500/4397 3414/2124/3413 4400/2127/4399
f 3215/1752/3214 4398/2500/4397 4581/2128/4580
f 4581/2128/4580 3735/2126/3734 2971/1020/2970
f 3873/2501/3872 3212/1776/3211 4399/2125/4398
f 3023/1017/3022 3873/2501/3872 4582/2123/4581
f 3607/1753/3606 4582/2123/4581 4398/2500/4397
f 2997/2502/2996 3549/2122/3548 4583/2120/4582
f 3212/1776/3211 3604/1013/3603 4583/2120/4582
f 4399/2125/4398 4583/2120/4582 4397/2503/4396
f 3413/2504/3412 4396/2119/4395 4584/2117/4583
f 4394/2114/4393 4584/2117/4583 3872/2505/3871
f 4584/2117/4583 3762/2507/3761 2998/2891/2997
f 3209/2508/3208 4395/2115/4394 4585/2116/4584
f 3022/2509/3021 3870/1784/3869 4585/2116/4584
f 3603/2510/3602 4585/2116/4584 4394/2114/4393
f 3601/2511/3600 2955/1011/2954 3510/2112/3509
f 3601/2511/3600 4586/2113/4585 4395/2115/4394
f 4586/2113/4585 4393/2111/4392 3413/2504/3412
f 4390/2512/4389 3412/2106/3411 4392/2110/4391
f 3208/2513/3207 4390/2512/4389 4587/2108/4586
f 3869/2514/3868 4587/2108/4586 3763/2515/3762
f 3867/2516/3866 3206/1794/3205 4391/2107/4390
f 3021/2517/3020 3867/2516/3866 4588/2105/4587
f 3600/2518/3599 4588/2105/4587 4390/2512/4389
f 3598/2519/3597 2954/1008/2953 3509/2104/3508
f 3206/1794/3205 3598/2519/3597 4589/2102/4588
f 4391/2107/4390 4589/2102/4588 4389/2520/4388
f 4386/2521/4385 3411/2097/3410 4388/2101/4387
f 3205/1797/3204 4386/2521/4385 4590/2099/4589
f 3866/1006/3865 4590/2099/4589 3764/2522/3763
f 3863/2523/3862 3202/1821/3201 4387/2098/4386
f 3020/1002/3019 3863/2523/3862 4591/2096/4590
f 3597/1798/3596 4591/2096/4590 4386/2521/4385
f 2947/2524/2946 3504/2094/3503 4592/2095/4591
f 3594/998/3593 4592/2095/4591 4387/2098/4386
f 4592/2095/4591 4385/2093/4384 3411/2097/3410
f 4382/2525/4381 3410/2088/3409 4384/2092/4383
f 3201/1824/3200 4382/2525/4381 4593/2090/4592
f 3862/997/3861 4593/2090/4592 3765/2526/3764
f 3859/2527/3858 3198/1848/3197 4383/2089/4382
f 3019/993/3018 3859/2527/3858 4594/2087/4593
f 3593/1825/3592 4594/2087/4593 4382/2525/4381
f 3590/2528/3589 3002/990/3001 3552/2086/3551
f 3198/1848/3197 3590/2528/3589 4595/2084/4594
f 4383/2089/4382 4595/2084/4594 4381/2529/4380
f 4378/2530/4377 3409/2079/3408 4380/2083/4379
f 3197/1851/3196 4378/2530/4377 4596/2081/4595
f 3858/988/3857 4596/2081/4595 3732/2531/3731
f 3855/2532/3854 3194/1875/3193 4379/2080/4378
f 3018/984/3017 3855/2532/3854 4597/2078/4596
f 3589/1852/3588 4597/2078/4596 4378/2530/4377
f 3586/2533/3585 3003/981/3002 3553/2077/3552
f 3194/1875/3193 3586/2533/3585 4598/2075/4597
f 4379/2080/4378 4598/2075/4597 4377/2534/4376
f 3408/2535/3407 4376/2074/4375 4599/2072/4598
f 3193/1878/3192 4374/2069/4373 4599/2072/4598
f 3854/979/3853 4599/2072/4598 3768/2536/3767
f 3851/2537/3850 3190/1902/3189 4375/2070/4374
f 3017/975/3016 3851/2537/3850 4600/2071/4599
f 3585/1879/3584 4600/2071/4599 4374/2069/4373
f 2951/972/2950 3507/2068/3506 4601/2066/4600
f 3582/2538/3581 4601/2066/4600 4375/2070/4374
f 4601/2066/4600 4373/2539/4372 3408/2535/3407
f 3407/2061/3406 4372/2064/4371 4602/2065/4601
f 3189/2541/3188 4370/2540/4369 4602/2065/4601
f 3850/970/3849 4602/2065/4601 3769/2063/3768
f 3847/2542/3846 3186/1929/3185 4371/2062/4370
f 3016/966/3015 3847/2542/3846 4603/2060/4602
f 3581/1905/3580 4603/2060/4602 4370/2540/4369
f 3578/2543/3577 3006/963/3005 3556/2059/3555
f 3186/1929/3185 3578/2543/3577 4604/2057/4603
f 4371/2062/4370 4604/2057/4603 4369/2544/4368
f 3183/2546/3182 4368/2964/4367 4605/2545/4604
f 3015/960/3014 3844/1946/3843 4605/2545/4604
f 3574/956/3573 3007/2549/3006 3557/2548/3556
f 3183/2546/3182 3574/956/3573 4606/2550/4605
f 3406/2551/3405 4367/2055/4366 4607/2056/4606
f 4365/2051/4364 4607/2056/4606 3843/954/3842
f 4607/2056/4606 3772/2054/3771 3008/2553/3007
f 3179/2554/3178 4366/2052/4365 4608/2053/4607
f 3840/1973/3839 4608/2053/4607 3573/1950/3572
f 4608/2053/4607 4365/2051/4364 3182/2552/3181
f 2950/2556/2949 3506/2049/3505 4609/2050/4608
f 3570/947/3569 4609/2050/4608 4366/2052/4365
f 4609/2050/4608 4364/2048/4363 3406/2551/3405
f 3405/2557/3404 4363/2046/4362 4610/2047/4609
f 4361/2042/4360 4610/2047/4609 3839/945/3838
f 4610/2047/4609 3773/2045/3772 3009/2559/3008
f 3175/2560/3174 4362/2043/4361 4611/2044/4610
f 3836/2000/3835 4611/2044/4610 3569/1977/3568
f 4611/2044/4610 4361/2042/4360 3178/2558/3177
f 3010/2562/3009 3560/2040/3559 4612/2041/4611
f 3566/938/3565 4612/2041/4611 4362/2043/4361
f 4612/2041/4611 4360/2039/4359 3405/2557/3404
f 4357/2563/4356 3404/2034/3403 4359/2038/4358
f 3174/2004/3173 4357/2563/4356 4613/2036/4612
f 3835/937/3834 4613/2036/4612 3726/2564/3725
f 3832/2565/3831 3171/2028/3170 4358/2035/4357
f 3012/933/3011 3832/2565/3831 4614/2033/4613
f 3565/2005/3564 4614/2033/4613 4357/2563/4356
f 3562/2566/3561 3011/930/3010 3561/2032/3560
f 3171/2028/3170 3562/2566/3561 4615/2030/4614
f 4358/2035/4357 4615/2030/4614 4356/2567/4355
f 4353/2568/4352 3403/2025/3402 4355/2029/4354
f 3173/2013/3172 4353/2568/4352 4616/2027/4615
f 3834/934/3833 4616/2027/4615 3832/2565/3831
f 3112/2569/3111 4354/2026/4353 4617/2024/4616
f 3773/2045/3772 4617/2024/4616 3564/2014/3563
f 3564/2014/3563 4617/2024/4616 4353/2568/4352
f 2944/2570/2943 3501/2022/3500 4618/2023/4617
f 3499/923/3498 4618/2023/4617 4354/2026/4353
f 4618/2023/4617 4352/2021/4351 3403/2025/3402
f 4349/2571/4348 3402/2016/3401 4351/2020/4350
f 3078/1332/3077 4349/2571/4348 4619/2018/4618
f 3737/1162/3736 4619/2018/4618 3833/2572/3832
f 3168/2573/3167 4350/2017/4349 4620/2015/4619
f 3829/1982/3828 4620/2015/4619 3465/1333/3464
f 3465/1333/3464 4620/2015/4619 4349/2571/4348
f 3009/2559/3008 3564/2014/3563 4621/2012/4620
f 3168/2573/3167 3559/944/3558 4621/2012/4620
f 4350/2017/4349 4621/2012/4620 4348/2574/4347
f 4345/2575/4344 3401/2007/3400 4347/2011/4346
f 3138/2271/3137 4345/2575/4344 4622/2009/4621
f 3799/862/3798 4622/2009/4621 3790/2576/3789
f 3833/2572/3832 3172/2019/3171 4346/2008/4345
f 2973/1161/2972 3833/2572/3832 4623/2006/4622
f 3527/2272/3526 4623/2006/4622 4345/2575/4344
f 3563/2577/3562 3012/933/3011 3565/2005/3564
f 3172/2019/3171 3563/2577/3562 4624/2003/4623
f 4346/2008/4345 4624/2003/4623 4344/2578/4343
f 4341/1997/4340 3400/2579/3399 4343/2001/4342
f 4341/1997/4340 4625/2002/4624 3838/942/3837
f 4625/2002/4624 3836/2000/3835 3013/2561/3012
f 3735/2126/3734 3076/2580/3075 4342/1998/4341
f 2971/1020/2970 3735/2126/3734 4626/1999/4625
f 3568/1987/3567 4626/1999/4625 4341/1997/4340
f 2932/2581/2931 3500/1995/3499 4627/1996/4626
f 3463/896/3462 4627/1996/4626 4342/1998/4341
f 4342/1998/4341 4627/1996/4626 4340/1994/4339
f 4337/2582/4336 3399/1989/3398 4339/1992/4338
f 3064/1710/3063 4337/2582/4336 4628/1993/4627
f 3723/1045/3722 4628/1993/4627 3837/1991/3836
f 3797/2583/3796 3136/1758/3135 4338/1990/4337
f 2922/490/2921 3797/2583/3796 4629/1988/4628
f 3451/1711/3450 4629/1988/4628 4337/2582/4336
f 3525/2584/3524 2971/1020/2970 3568/1987/3567
f 3136/1758/3135 3525/2584/3524 4630/1985/4629
f 4338/1990/4337 4630/1985/4629 4336/2585/4335
f 4333/2586/4332 3398/1980/3397 4335/1983/4334
f 3126/2157/3125 4333/2586/4332 4631/1984/4630
f 4631/1984/4630 3829/1982/3828 2934/885/2933
f 3176/2587/3175 4334/1981/4333 4632/1979/4631
f 2959/1044/2958 3837/1991/3836 4632/1979/4631
f 3513/2158/3512 4632/1979/4631 4333/2586/4332
f 3013/2561/3012 3569/1977/3568 4633/1978/4632
f 3567/941/3566 4633/1978/4632 4334/1981/4333
f 4633/1978/4632 4332/1976/4331 3398/1980/3397
f 3397/2588/3396 4331/1974/4330 4634/1975/4633
f 4329/1970/4328 4634/1975/4633 3842/951/3841
f 4634/1975/4633 3840/1973/3839 3014/2555/3013
f 3062/2590/3061 4330/1971/4329 4635/1972/4634
f 3720/2294/3719 4635/1972/4634 3572/1959/3571
f 4635/1972/4634 4329/1970/4328 3181/2589/3180
f 2919/493/2918 3443/1968/3442 4636/1969/4635
f 3449/856/3448 4636/1969/4635 4330/1971/4329
f 4330/1971/4329 4636/1969/4635 4328/1967/4327
f 3396/2591/3395 4327/1965/4326 4637/1966/4636
f 4325/1961/4324 4637/1966/4636 3774/939/3773
f 4637/1966/4636 3841/1964/3840 3010/2562/3009
f 3124/2593/3123 4326/1962/4325 4638/1963/4637
f 3785/1301/3784 4638/1963/4637 3500/1995/3499
f 4638/1963/4637 4325/1961/4324 3113/2592/3112
f 2956/2357/2955 3572/1959/3571 4639/1960/4638
f 3511/1172/3510 4639/1960/4638 4326/1962/4325
f 4326/1962/4325 4639/1960/4638 4324/1958/4323
f 3395/2594/3394 4323/1956/4322 4640/1957/4639
f 4321/1952/4320 4640/1957/4639 3830/924/3829
f 4640/1957/4639 3828/1955/3827 2944/2570/2943
f 3180/2596/3179 4322/1953/4321 4641/1954/4640
f 3841/1964/3840 4641/1954/4640 3560/2040/3559
f 4641/1954/4640 4321/1952/4320 3169/2595/3168
f 3014/2555/3013 3573/1950/3572 4642/1951/4641
f 3571/950/3570 4642/1951/4641 4322/1953/4321
f 4642/1951/4641 4320/1949/4319 3395/2594/3394
f 3394/2597/3393 4319/1947/4318 4643/1948/4642
f 3185/2598/3184 4317/1943/4316 4643/1948/4642
f 4643/1948/4642 3844/1946/3843 3015/960/3014
f 3769/2063/3768 3108/2599/3107 4318/1944/4317
f 3769/2063/3768 4644/1945/4643 3576/1932/3575
f 4644/1945/4643 4317/1943/4316 3185/2598/3184
f 2943/2600/2942 3497/1942/3496 4645/1940/4644
f 3108/2599/3107 3495/917/3494 4645/1940/4644
f 4318/1944/4317 4645/1940/4644 4316/2601/4315
f 4313/2602/4312 3393/1935/3392 4315/1939/4314
f 4313/2602/4312 4646/1937/4645 3734/1176/3733
f 4646/1937/4645 3845/2605/3844 2970/2354/2969
f 3826/1910/3825 3165/2603/3164 4314/1936/4313
f 2931/900/2930 3826/1910/3825 4647/1934/4646
f 3462/1288/3461 4647/1934/4646 4313/2602/4312
f 3005/969/3004 3576/1932/3575 4648/1933/4647
f 3165/2603/3164 3555/2604/3554 4648/1933/4647
f 4648/1933/4647 4312/1931/4311 3393/1935/3392
f 3845/2605/3844 3184/1938/3183 4311/2606/4310
f 3845/2605/3844 4649/2965/4648 3524/2353/3523
f 3575/2607/3574 3015/960/3014 3577/2547/3576
f 3184/1938/3183 3575/2607/3574 4650/2608/4649
f 4308/2609/4307 3392/1926/3391 4310/1930/4309
f 4308/2609/4307 4651/1928/4650 3849/967/3848
f 4651/1928/4650 3847/2542/3846 3016/966/3015
f 3732/2531/3731 3073/2082/3072 4309/1927/4308
f 2968/987/2967 3732/2531/3731 4652/1925/4651
f 3580/1915/3579 4652/1925/4651 4308/2609/4307
f 3460/2610/3459 2929/912/2928 3496/1924/3495
f 3073/2082/3072 3460/2610/3459 4653/1922/4652
f 4309/1927/4308 4653/1922/4652 4307/2611/4306
f 4304/2612/4303 3391/1917/3390 4306/1921/4305
f 3061/2613/3060 4304/2612/4303 4654/1919/4653
f 3719/1012/3718 4654/1919/4653 3848/2614/3847
f 3795/2615/3794 3134/1857/3133 4305/1918/4304
f 2921/723/2920 3795/2615/3794 4655/1916/4654
f 4655/1916/4654 4304/2612/4303 3061/2613/3060
f 3522/2616/3521 2968/987/2967 3580/1915/3579
f 3134/1857/3133 3522/2616/3521 4656/1913/4655
f 4305/1918/4304 4656/1913/4655 4303/2617/4302
f 3390/1908/3389 4302/1911/4301 4657/1912/4656
f 4300/2618/4299 4657/1912/4656 3784/901/3783
f 4657/1912/4656 3826/1910/3825 2931/900/2930
f 3187/1920/3186 4301/1909/4300 4658/1907/4657
f 2955/1011/2954 3848/2614/3847 4658/1907/4657
f 3510/2112/3509 4658/1907/4657 4300/2618/4299
f 3016/966/3015 3581/1905/3580 4659/1906/4658
f 3579/2620/3578 4659/1906/4658 4301/1909/4300
f 4659/1906/4658 4299/1904/4298 3390/1908/3389
f 4296/2621/4295 3389/1899/3388 4298/1903/4297
f 3192/1887/3191 4296/2621/4295 4660/1901/4659
f 3853/976/3852 4660/1901/4659 3851/2537/3850
f 3716/2336/3715 3058/2313/3057 4297/1900/4296
f 2952/1188/2951 3716/2336/3715 4661/1898/4660
f 3584/1888/3583 4661/1898/4660 4296/2621/4295
f 3445/2622/3444 2920/727/2919 3444/1897/3443
f 3058/2313/3057 3445/2622/3444 4662/1895/4661
f 4297/1900/4296 4662/1895/4661 4295/2623/4294
f 4292/2624/4291 3388/1890/3387 4294/1894/4293
f 3109/1923/3108 4292/2624/4291 4663/1892/4662
f 3770/964/3769 4663/1892/4662 3852/2625/3851
f 3782/2626/3781 3121/1257/3120 4293/1891/4292
f 2929/912/2928 3782/2626/3781 4664/1889/4663
f 3496/1924/3495 4664/1889/4663 4292/2624/4291
f 3508/2627/3507 2952/1188/2951 3584/1888/3583
f 3121/1257/3120 3508/2627/3507 4665/1886/4664
f 4293/1891/4292 4665/1886/4664 4291/2628/4290
f 3387/1881/3386 4290/1885/4289 4666/1883/4665
f 3166/2058/3165 4288/2629/4287 4666/1883/4665
f 4666/1883/4665 3825/2916/3824 2943/2600/2942
f 3852/2625/3851 3191/1893/3190 4289/1882/4288
f 3006/963/3005 3852/2625/3851 4667/1880/4666
f 3556/2059/3555 4667/1880/4666 4288/2629/4287
f 3583/2630/3582 3017/975/3016 3585/1879/3584
f 3191/1893/3190 3583/2630/3582 4668/1877/4667
f 4289/1882/4288 4668/1877/4667 4287/2631/4286
f 4284/2632/4283 3386/1872/3385 4286/1876/4285
f 3196/1860/3195 4284/2632/4283 4669/1874/4668
f 3857/985/3856 4669/1874/4668 3855/2532/3854
f 3765/2526/3764 3104/2091/3103 4285/1873/4284
f 3765/2526/3764 4670/1871/4669 3588/1861/3587
f 3588/1861/3587 4670/1871/4669 4284/2632/4283
f 3491/2633/3490 2942/909/2941 3493/1870/3492
f 3104/2091/3103 3491/2633/3490 4671/1868/4670
f 4285/1873/4284 4671/1868/4670 4283/2634/4282
f 4280/2635/4279 3385/1863/3384 4282/1867/4281
f 3074/1278/3073 4280/2635/4279 4672/1865/4671
f 3733/1180/3732 4672/1865/4671 3856/2636/3855
f 3822/2637/3821 3161/1830/3160 4281/1864/4280
f 2930/903/2929 3822/2637/3821 4673/1862/4672
f 3461/1279/3460 4673/1862/4672 4280/2635/4279
f 3001/996/3000 3588/1861/3587 4674/1859/4673
f 3161/1830/3160 3551/2638/3550 4674/1859/4673
f 4281/1864/4280 4674/1859/4673 4279/2639/4278
f 4276/2640/4275 3384/1854/3383 4278/1858/4277
f 3135/2298/3134 4276/2640/4275 4675/1856/4674
f 3796/855/3795 4675/1856/4674 3795/2615/3794
f 3856/2636/3855 3195/1866/3194 4277/1855/4276
f 2969/1179/2968 3856/2636/3855 4676/1853/4675
f 3523/2299/3522 4676/1853/4675 4276/2640/4275
f 3587/2641/3586 3018/984/3017 3589/1852/3588
f 3587/2641/3586 4677/1850/4676 4277/1855/4276
f 4277/1855/4276 4677/1850/4676 4275/2642/4274
f 4272/2643/4271 3383/1845/3382 4274/1849/4273
f 3200/1833/3199 4272/2643/4271 4678/1847/4677
f 3861/994/3860 4678/1847/4677 3859/2527/3858
f 3726/2564/3725 3067/2037/3066 4273/1846/4272
f 2962/936/2961 3726/2564/3725 4679/1844/4678
f 3592/1834/3591 4679/1844/4678 4272/2643/4271
f 3454/2644/3453 2923/927/2922 3492/1843/3491
f 3067/2037/3066 3454/2644/3453 4680/1841/4679
f 4273/1846/4272 4680/1841/4679 4271/2645/4270
f 4268/2646/4267 3382/1836/3381 4270/1840/4269
f 3060/1788/3059 4268/2646/4267 4681/1838/4680
f 3718/1009/3717 4681/1838/4680 3860/2647/3859
f 3790/2576/3789 3129/2010/3128 4269/1837/4268
f 2918/606/2917 3790/2576/3789 4682/1835/4681
f 3447/1789/3446 4682/1835/4681 4268/2646/4267
f 3516/2648/3515 2962/936/2961 3592/1834/3591
f 3129/2010/3128 3516/2648/3515 4683/1832/4682
f 4269/1837/4268 4683/1832/4682 4267/2649/4266
f 3381/1827/3380 4266/1831/4265 4684/1829/4683
f 3122/2103/3121 4264/2650/4263 4684/1829/4683
f 3783/904/3782 4684/1829/4683 3822/2637/3821
f 3860/2647/3859 3199/1839/3198 4265/1828/4264
f 2954/1008/2953 3860/2647/3859 4685/1826/4684
f 3509/2104/3508 4685/1826/4684 4264/2650/4263
f 3591/2651/3590 3019/993/3018 3593/1825/3592
f 3199/1839/3198 3591/2651/3590 4686/1823/4685
f 4265/1828/4264 4686/1823/4685 4263/2652/4262
f 3380/1818/3379 4262/1822/4261 4687/1820/4686
f 3204/1806/3203 4260/2653/4259 4687/1820/4686
f 3865/1003/3864 4687/1820/4686 3863/2523/3862
f 3709/2325/3708 3052/2322/3051 4261/1819/4260
f 2945/1203/2944 3709/2325/3708 4688/1817/4687
f 3596/1807/3595 4688/1817/4687 4260/2653/4259
f 3439/2654/3438 2917/609/2916 3440/1816/3439
f 3052/2322/3051 3439/2654/3438 4689/1814/4688
f 4689/1814/4688 4259/2655/4258 3380/1818/3379
f 4256/2656/4255 3379/1809/3378 4258/1813/4257
f 3105/1842/3104 4256/2656/4255 4690/1811/4689
f 3766/991/3765 4690/1811/4689 3864/2657/3863
f 3776/2658/3775 3115/1212/3114 4257/1810/4256
f 2923/927/2922 3776/2658/3775 4691/1808/4690
f 3492/1843/3491 4691/1808/4690 4256/2656/4255
f 3502/2659/3501 2945/1203/2944 3596/1807/3595
f 3115/1212/3114 3502/2659/3501 4692/1805/4691
f 4257/1810/4256 4692/1805/4691 4255/2660/4254
f 4252/2661/4251 3378/1800/3377 4254/1804/4253
f 3162/2085/3161 4252/2661/4251 4693/1802/4692
f 3823/910/3822 4693/1802/4692 3821/2662/3820
f 3864/2657/3863 3203/1812/3202 4253/1801/4252
f 3002/990/3001 3864/2657/3863 4694/1799/4693
f 3552/2086/3551 4694/1799/4693 4252/2661/4251
f 3595/2663/3594 3020/1002/3019 3597/1798/3596
f 3203/1812/3202 3595/2663/3594 4695/1796/4694
f 4253/1801/4252 4695/1796/4694 4251/2664/4250
f 4248/2665/4247 3377/1791/3376 4250/1795/4249
f 3207/2666/3206 4248/2665/4247 4696/1793/4695
f 3868/2667/3867 4696/1793/4695 3867/2516/3866
f 3713/2373/3712 3055/2277/3054 4249/1792/4248
f 2949/2668/2948 3713/2373/3712 4697/1790/4696
f 3599/2669/3598 4697/1790/4696 4248/2665/4247
f 3442/2670/3441 2918/606/2917 3447/1789/3446
f 3055/2277/3054 3442/2670/3441 4698/1787/4697
f 4249/1792/4248 4698/1787/4697 4247/2671/4246
f 4244/2672/4243 3376/1782/3375 4246/1785/4245
f 3210/2673/3209 4244/2672/4243 4699/1786/4698
f 3871/2674/3870 4699/1786/4698 3870/1784/3869
f 3717/2343/3716 3059/2304/3058 4245/1783/4244
f 2953/2675/2952 3717/2343/3716 4700/1781/4699
f 3602/2676/3601 4700/1781/4699 4244/2672/4243
f 3446/2677/3445 2921/723/2920 3448/1779/3447
f 3059/2304/3058 3446/2677/3445 4701/1780/4700
f 4245/1783/4244 4701/1780/4700 4243/1778/4242
f 3375/2678/3374 4242/1777/4241 4702/1775/4701
f 3214/1761/3213 4240/1772/4239 4702/1775/4701
f 4702/1775/4701 3873/2501/3872 3023/1017/3022
f 3759/2496/3758 3099/2136/3098 4241/1773/4240
f 2995/1029/2994 3759/2496/3758 4703/1774/4702
f 3606/1762/3605 4703/1774/4702 4240/1772/4239
f 3486/2679/3485 2941/894/2940 3487/1771/3486
f 3486/2679/3485 4704/1769/4703 4241/1773/4240
f 4704/1769/4703 4239/2948/4238 3375/2678/3374
f 4236/2680/4235 3374/1764/3373 4238/1768/4237
f 3077/1323/3076 4236/2680/4235 4705/1766/4704
f 3736/1165/3735 4705/1766/4704 3874/2681/3873
f 3818/2682/3817 3157/1743/3156 4237/1765/4236
f 3818/2682/3817 4706/1763/4705 3464/1324/3463
f 3464/1324/3463 4706/1763/4705 4236/2680/4235
f 3547/2683/3546 2995/1029/2994 3606/1762/3605
f 3157/1743/3156 3547/2683/3546 4707/1760/4706
f 4237/1765/4236 4707/1760/4706 4235/2684/4234
f 4232/2685/4231 3373/1755/3372 4234/1759/4233
f 3137/2280/3136 4232/2685/4231 4708/1757/4707
f 3798/860/3797 4708/1757/4707 3797/2583/3796
f 3874/2681/3873 3213/1767/3212 4233/1756/4232
f 2972/1164/2971 3874/2681/3873 4709/1754/4708
f 4709/1754/4708 4232/2685/4231 3137/2280/3136
f 3023/1017/3022 3607/1753/3606 4710/1751/4709
f 3213/1767/3212 3605/2686/3604 4710/1751/4709
f 4233/1756/4232 4710/1751/4709 4231/2687/4230
f 3879/1027/3878 4711/1748/4710 3877/2497/3876
f 4712/1745/4711 3878/2688/3877 2958/1041/2957
f 3372/1740/3371 4228/1744/4227 4713/1742/4712
f 3125/2148/3124 4226/2689/4225 4713/1742/4712
f 4713/1742/4712 3818/2682/3817 2933/888/2932
f 3878/2688/3877 3217/1746/3216 4227/1741/4226
f 2958/1041/2957 3878/2688/3877 4714/1739/4713
f 3512/2149/3511 4714/1739/4713 4226/2689/4225
f 3024/1026/3023 3610/1738/3609 4715/1736/4714
f 3217/1746/3216 3609/2690/3608 4715/1736/4714
f 4715/1736/4714 4225/2691/4224 3372/1740/3371
f 3883/1036/3882 4716/1733/4715 3881/2493/3880
f 3760/1024/3759 4717/1730/4716 3882/2692/3881
f 4220/2693/4219 3371/1725/3370 4222/1729/4221
f 4220/2693/4219 4718/1727/4717 3819/895/3818
f 3819/895/3818 4718/1727/4717 3817/2694/3816
f 3220/1731/3219 4221/1726/4220 4719/1724/4718
f 2996/1023/2995 3882/2692/3881 4719/1724/4718
f 4719/1724/4718 4220/2693/4219 3158/2130/3157
f 3612/2695/3611 3025/1035/3024 3613/1723/3612
f 3220/1731/3219 3612/2695/3611 4720/1721/4719
f 4221/1726/4220 4720/1721/4719 4219/2696/4218
f 3886/2697/3885 4721/1718/4720 3885/2487/3884
f 4215/2698/4214 3370/1713/3369 4217/1717/4216
f 3225/2699/3224 4215/2698/4214 4722/1715/4721
f 3889/2700/3888 4722/1715/4721 3888/2478/3887
f 3063/2286/3062 4216/1714/4215 4723/1712/4722
f 3721/2364/3720 4723/1712/4722 3617/2701/3616
f 4723/1712/4722 4215/2698/4214 3225/2699/3224
f 3450/2703/3449 2922/490/2921 3451/1711/3450
f 3063/2286/3062 3450/2703/3449 4724/1709/4723
f 4216/1714/4215 4724/1709/4723 4214/2704/4213
f 4211/1703/4210 3369/2705/3368 4213/1707/4212
f 3229/2706/3228 4211/1703/4210 4725/1708/4724
f 4725/1708/4724 3891/1706/3890 3028/1050/3027
f 3094/2707/3093 4212/1704/4211 4726/1705/4725
f 3753/2180/3752 4726/1705/4725 3621/1692/3620
f 4726/1705/4725 4211/1703/4210 3229/2706/3228
f 3481/878/3480 2940/2708/2939 3482/1701/3481
f 3481/878/3480 4727/1702/4726 4212/1704/4211
f 4212/1704/4211 4727/1702/4726 4210/1700/4209
f 3368/1695/3367 4209/1698/4208 4728/1699/4727
f 4207/2709/4206 4728/1699/4727 3727/1167/3726
f 3727/1167/3726 4728/1699/4727 3892/1697/3891
f 3814/1673/3813 3153/2711/3152 4208/1696/4207
f 3814/1673/3813 4729/1694/4728 3455/1314/3454
f 4729/1694/4728 4207/2709/4206 3068/2710/3067
f 3543/2712/3542 2989/1062/2988 3621/1692/3620
f 3153/2711/3152 3543/2712/3542 4730/1693/4729
f 4208/1696/4207 4730/1693/4729 4206/1691/4205
f 3367/2713/3366 4205/1689/4204 4731/1690/4730
f 4203/1685/4202 4731/1690/4730 3791/857/3790
f 3791/857/3790 4731/1690/4730 3800/1688/3799
f 3228/2715/3227 4204/1686/4203 4732/1687/4731
f 2963/2360/2962 3892/1697/3891 4732/1687/4731
f 4732/1687/4731 4203/1685/4202 3130/2714/3129
f 3028/1050/3027 3622/1683/3621 4733/1684/4732
f 3620/2716/3619 4733/1684/4732 4204/1686/4203
f 4733/1684/4732 4202/1682/4201 3367/2713/3366
f 4734/1679/4733 3895/2466/3894 3029/1059/3028
f 3710/1033/3709 4735/1676/4734 3896/2717/3895
f 4197/2718/4196 3366/1671/3365 4199/1674/4198
f 3116/2719/3115 4197/2718/4196 4736/1675/4735
f 3777/892/3776 4736/1675/4735 3814/1673/3813
f 3896/2717/3895 3232/1677/3231 4198/1672/4197
f 3896/2717/3895 4737/1670/4736 3503/2139/3502
f 4737/1670/4736 4197/2718/4196 3116/2719/3115
f 3029/1059/3028 3625/1668/3624 4738/1669/4737
f 3232/1677/3231 3624/2720/3623 4738/1669/4737
f 4738/1669/4737 4196/1667/4195 3366/1671/3365
f 3901/1065/3900 4739/1666/4738 3899/1664/3898
f 3754/1057/3753 4740/1661/4739 3900/2721/3899
f 3365/1656/3364 4193/1659/4192 4741/1660/4740
f 4191/2722/4190 4741/1660/4740 3815/879/3814
f 4741/1660/4740 3813/1658/3812 2940/2708/2939
f 3900/2721/3899 3235/1662/3234 4192/1657/4191
f 2990/1056/2989 3900/2721/3899 4742/1655/4741
f 4742/1655/4741 4191/2722/4190 3154/2723/3153
f 3627/1064/3626 3030/2460/3029 3628/1654/3627
f 3235/1662/3234 3627/1064/3626 4743/1652/4742
f 4192/1657/4191 4743/1652/4742 4190/2724/4189
f 4187/1646/4186 3364/2725/3363 4189/1651/4188
f 4187/1646/4186 4744/1649/4743 3905/1075/3904
f 3905/1075/3904 4744/1649/4743 3903/2454/3902
f 3090/2727/3089 4188/1647/4187 4745/1648/4744
f 3749/2204/3748 4745/1648/4744 3631/1635/3630
f 4745/1648/4744 4187/1646/4186 3239/2726/3238
f 3477/872/3476 2939/2728/2938 3479/1644/3478
f 3090/2727/3089 3477/872/3476 4746/1645/4745
f 4188/1647/4187 4746/1645/4745 4186/1643/4185
f 4183/2729/4182 3363/1638/3362 4185/1642/4184
f 3071/2730/3070 4183/2729/4182 4747/1640/4746
f 4747/1640/4746 3904/2731/3903 2966/1197/2965
f 3149/2732/3148 4184/1639/4183 4748/1637/4747
f 3810/1604/3809 4748/1637/4747 3458/1224/3457
f 3458/1224/3457 4748/1637/4747 4183/2729/4182
f 2985/2448/2984 3631/1635/3630 4749/1636/4748
f 3539/1085/3538 4749/1636/4748 4184/1639/4183
f 4749/1636/4748 4182/1634/4181 3363/1638/3362
f 4179/2734/4178 3362/1629/3361 4181/1633/4180
f 3133/2316/3132 4179/2734/4178 4750/1631/4749
f 3794/851/3793 4750/1631/4749 3793/2735/3792
f 3238/1641/3237 4180/1630/4179 4751/1628/4750
f 3904/2731/3903 4751/1628/4750 3520/2317/3519
f 3520/2317/3519 4751/1628/4750 4179/2734/4178
f 3630/2736/3629 3031/1074/3030 3632/1627/3631
f 3238/1641/3237 3630/2736/3629 4752/1625/4751
f 4180/1630/4179 4752/1625/4751 4178/2737/4177
f 4175/1619/4174 3361/2738/3360 4177/1623/4176
f 4175/1619/4174 4753/1624/4752 3909/1083/3908
f 3909/1083/3908 4753/1624/4752 3907/1622/3906
f 3079/2740/3078 4176/1620/4175 4754/1621/4753
f 3738/2171/3737 4754/1621/4753 3635/1608/3634
f 4754/1621/4753 4175/1619/4174 3243/2739/3242
f 2935/2741/2934 3478/1617/3477 4755/1618/4754
f 3466/881/3465 4755/1618/4754 4176/1620/4175
f 4755/1618/4754 4174/1616/4173 3361/2738/3360
f 4171/1610/4170 3360/2742/3359 4173/1614/4172
f 3056/2743/3055 4171/1610/4170 4756/1615/4755
f 4756/1615/4755 3908/1613/3907 2950/2556/2949
f 3800/1688/3799 3139/2744/3138 4172/1611/4171
f 2919/493/2918 3800/1688/3799 4757/1612/4756
f 3443/1968/3442 4757/1612/4756 4171/1610/4170
f 2974/2470/2973 3635/1608/3634 4758/1609/4757
f 3528/1052/3527 4758/1609/4757 4172/1611/4171
f 4758/1609/4757 4170/1607/4169 3360/2742/3359
f 3359/2745/3358 4169/1605/4168 4759/1606/4758
f 4167/1601/4166 4759/1606/4758 3780/921/3779
f 4759/1606/4758 3810/1604/3809 2927/2733/2926
f 3908/1613/3907 3242/2747/3241 4168/1602/4167
f 3908/1613/3907 4760/1603/4759 3506/2049/3505
f 4760/1603/4759 4167/1601/4166 3119/2746/3118
f 3032/2450/3031 3636/1599/3635 4761/1600/4760
f 3634/1082/3633 4761/1600/4760 4168/1602/4167
f 4761/1600/4760 4166/1598/4165 3359/2745/3358
f 3358/1593/3357 4165/1596/4164 4762/1597/4761
f 4163/2748/4162 4762/1597/4761 3913/1089/3912
f 4762/1597/4761 3911/1595/3910 3033/2443/3032
f 3724/2750/3723 3065/2268/3064 4164/1594/4163
f 2960/2381/2959 3724/2750/3723 4763/1592/4762
f 3639/1584/3638 4763/1592/4762 4163/2748/4162
f 3065/2268/3064 3452/2752/3451 4764/2751/4763
f 4164/1594/4163 4764/2751/4763 4162/2753/4161
f 3357/2754/3356 4161/1591/4160 4765/1589/4764
f 4159/1586/4158 4765/1589/4764 3750/1080/3749
f 4765/1589/4764 3912/2759/3911 2986/2451/2985
f 3127/2756/3126 4160/1587/4159 4766/1588/4765
f 3788/1346/3787 4766/1588/4765 3478/1617/3477
f 4766/1588/4765 4159/1586/4158 3091/2755/3090
f 2960/2381/2959 3639/1584/3638 4767/1585/4766
f 3514/1157/3513 4767/1585/4766 4160/1587/4159
f 4767/1585/4766 4158/1583/4157 3357/2754/3356
f 4155/2757/4154 3356/1578/3355 4157/1581/4156
f 3150/2758/3149 4155/2757/4154 4768/1582/4767
f 3811/873/3810 4768/1582/4767 3809/1580/3808
f 3912/2759/3911 3246/1590/3245 4156/1579/4155
f 2986/2451/2985 3912/2759/3911 4769/1577/4768
f 3540/2199/3539 4769/1577/4768 4155/2757/4154
f 3033/2443/3032 3640/1575/3639 4770/1576/4769
f 3638/1088/3637 4770/1576/4769 4156/1579/4155
f 4156/1579/4155 4770/1576/4769 4154/1574/4153
f 3355/2760/3354 4153/1572/4152 4771/1573/4770
f 4151/1568/4150 4771/1573/4770 3917/1098/3916
f 4771/1573/4770 3915/1571/3914 3034/2437/3033
f 3086/2762/3085 4152/1569/4151 4772/1570/4771
f 3745/2228/3744 4772/1570/4771 3643/1557/3642
f 4772/1570/4771 4151/1568/4150 3251/2761/3250
f 2938/2763/2937 3475/1566/3474 4773/1567/4772
f 3473/866/3472 4773/1567/4772 4152/1569/4151
f 4773/1567/4772 4150/1565/4149 3355/2760/3354
f 3354/2764/3353 4149/1563/4148 4774/1564/4773
f 3069/1269/3068 4147/1559/4146 4774/1564/4773
f 3728/1183/3727 4774/1564/4773 3916/1562/3915
f 3145/2765/3144 4148/1560/4147 4775/1561/4774
f 3806/1526/3805 4775/1561/4774 3456/1270/3455
f 4775/1561/4774 4147/1559/4146 3069/1269/3068
f 2981/2429/2980 3643/1557/3642 4776/1558/4775
f 3535/1109/3534 4776/1558/4775 4148/1560/4147
f 4776/1558/4775 4146/1556/4145 3354/2764/3353
f 4143/2767/4142 3353/1551/3352 4145/1555/4144
f 3131/2307/3130 4143/2767/4142 4777/1553/4776
f 3792/853/3791 4777/1553/4776 3801/2768/3800
f 3916/1562/3915 3250/2769/3249 4144/1552/4143
f 2964/1182/2963 3916/1562/3915 4778/1550/4777
f 3518/2308/3517 4778/1550/4777 4143/2767/4142
f 3034/2437/3033 3644/1548/3643 4779/1549/4778
f 3250/2769/3249 3642/1097/3641 4779/1549/4778
f 4144/1552/4143 4779/1549/4778 4142/1547/4141
f 3352/2770/3351 4141/1545/4140 4780/1546/4779
f 4139/1541/4138 4780/1546/4779 3921/1107/3920
f 4780/1546/4779 3919/1544/3918 3035/2431/3034
f 3070/2196/3069 4140/1542/4139 4781/1543/4780
f 3729/2453/3728 4781/1543/4780 3647/1530/3646
f 4781/1543/4780 4139/1541/4138 3255/2771/3254
f 2926/2772/2925 3474/1539/3473 4782/1540/4781
f 3457/875/3456 4782/1540/4781 4140/1542/4139
f 4782/1540/4781 4138/1538/4137 3352/2770/3351
f 3351/1533/3350 4137/1536/4136 4783/1537/4782
f 4135/2773/4134 4783/1537/4782 3711/999/3710
f 4783/1537/4782 3920/1535/3919 2947/2524/2946
f 3132/1632/3131 4136/1534/4135 4784/1532/4783
f 2917/609/2916 3793/2735/3792 4784/1532/4783
f 4784/1532/4783 4135/2773/4134 3053/1815/3052
f 2965/1077/2964 3647/1530/3646 4785/1531/4784
f 3519/2774/3518 4785/1531/4784 4136/1534/4135
f 4785/1531/4784 4134/1529/4133 3351/1533/3350
f 3350/2775/3349 4133/1527/4132 4786/1528/4785
f 4131/1523/4130 4786/1528/4785 3778/906/3777
f 4786/1528/4785 3806/1526/3805 2925/2766/2924
f 3254/2777/3253 4132/1524/4131 4787/1525/4786
f 3920/1535/3919 4787/1525/4786 3504/2094/3503
f 4787/1525/4786 4131/1523/4130 3117/2776/3116
f 3035/2431/3034 3648/1521/3647 4788/1522/4787
f 3646/1106/3645 4788/1522/4787 4132/1524/4131
f 4788/1522/4787 4130/1520/4129 3350/2775/3349
f 3349/2778/3348 4129/1518/4128 4789/1519/4788
f 4127/1514/4126 4789/1519/4788 3925/1113/3924
f 4789/1519/4788 3923/1517/3922 3036/2424/3035
f 3054/2780/3053 4128/1515/4127 4790/1516/4789
f 3712/2261/3711 4790/1516/4789 3651/1506/3650
f 4790/1516/4789 4127/1514/4126 3259/2779/3258
f 3441/2781/3440 4791/2782/4790 4128/1515/4127
f 4128/1515/4127 4791/2782/4790 4126/2944/4125
f 3348/2783/3347 4125/1512/4124 4792/1513/4791
f 4123/1508/4122 4792/1513/4791 3746/1104/3745
f 4792/1513/4791 3924/1511/3923 2982/2432/2981
f 3118/1371/3117 4124/1509/4123 4793/1510/4792
f 3779/2785/3778 4793/1510/4792 3474/1539/3473
f 4793/1510/4792 4123/1508/4122 3087/2784/3086
f 2948/2387/2947 3651/1506/3650 4794/1507/4793
f 3505/1151/3504 4794/1507/4793 4124/1509/4123
f 4794/1507/4793 4122/1505/4121 3348/2783/3347
f 3347/2786/3346 4121/1503/4120 4795/1504/4794
f 4119/1499/4118 4795/1504/4794 3807/867/3806
f 4795/1504/4794 3805/1502/3804 2938/2763/2937
f 3258/2788/3257 4120/1500/4119 4796/1501/4795
f 3924/1511/3923 4796/1501/4795 3536/2223/3535
f 4796/1501/4795 4119/1499/4118 3146/2787/3145
f 3036/2424/3035 3652/1497/3651 4797/1498/4796
f 3650/1112/3649 4797/1498/4796 4120/1500/4119
f 4797/1498/4796 4118/1496/4117 3347/2786/3346
f 3346/2789/3345 4117/1494/4116 4798/1495/4797
f 4115/1490/4114 4798/1495/4797 3929/1123/3928
f 4798/1495/4797 3927/1493/3926 3037/1122/3036
f 3741/2790/3740 3082/2244/3081 4116/1491/4115
f 2977/2411/2976 3741/2790/3740 4799/1492/4798
f 3655/1480/3654 4799/1492/4798 4115/1490/4114
f 2937/2791/2936 3471/1488/3470 4800/1489/4799
f 3469/863/3468 4800/1489/4799 4116/1491/4115
f 4800/1489/4799 4114/1487/4113 3346/2789/3345
f 3345/2792/3344 4113/1486/4112 4801/1484/4800
f 4111/1481/4110 4801/1484/4800 3731/1191/3730
f 4801/1484/4800 3928/2794/3927 2967/2334/2966
f 3142/1458/3141 4112/1482/4111 4802/1483/4801
f 2928/915/2927 3803/2793/3802 4802/1483/4801
f 3459/1243/3458 4802/1483/4801 4111/1481/4110
f 2977/2411/2976 3655/1480/3654 4803/1478/4802
f 3531/1130/3530 4803/1478/4802 4112/1482/4111
f 4803/1478/4802 4110/2943/4109 3345/2792/3344
f 3928/2794/3927 3262/1485/3261 4109/2795/4108
f 3928/2794/3927 4804/2796/4803 3521/2966/3520
f 3037/1122/3036 3656/2416/3655 4805/2797/4804
f 3654/2798/3653 4805/2797/4804 4109/2795/4108
f 4106/1472/4105 3344/2799/3343 4108/1477/4107
f 3266/1461/3265 4106/1472/4105 4806/1475/4805
f 3932/1129/3931 4806/1475/4805 3930/2412/3929
f 3080/2800/3079 4107/1473/4106 4807/1474/4806
f 2975/2435/2974 3739/2219/3738 4807/1474/4806
f 3659/1462/3658 4807/1474/4806 4106/1472/4105
f 2936/2801/2935 3470/1471/3469 4808/1469/4807
f 3467/869/3466 4808/1469/4807 4107/1473/4106
f 4107/1473/4106 4808/1469/4807 4105/2802/4104
f 4102/2803/4101 3343/1464/3342 4104/1468/4103
f 4102/2803/4101 4809/1466/4808 3715/973/3714
f 4809/1466/4808 3931/2804/3930 2951/972/2950
f 3801/2768/3800 3140/1554/3139 4103/1465/4102
f 2920/727/2919 3801/2768/3800 4810/1463/4809
f 3444/1897/3443 4810/1463/4809 4102/2803/4101
f 3529/1100/3528 2975/2435/2974 3659/1462/3658
f 3140/1554/3139 3529/1100/3528 4811/1460/4810
f 4103/1465/4102 4811/1460/4810 4101/2805/4100
f 4098/2806/4097 3342/1455/3341 4100/1459/4099
f 3120/2067/3119 4098/2806/4097 4812/1457/4811
f 3781/916/3780 4812/1457/4811 3803/2793/3802
f 3265/1467/3264 4099/1456/4098 4813/1454/4812
f 3931/2804/3930 4813/1454/4812 3507/2068/3506
f 4813/1454/4812 4098/2806/4097 3120/2067/3119
f 3658/2807/3657 3038/1128/3037 3660/1453/3659
f 3265/1467/3264 3658/2807/3657 4814/1451/4813
f 4099/1456/4098 4814/1451/4813 4097/2808/4096
f 3341/2809/3340 4096/1449/4095 4815/1450/4814
f 4094/1445/4093 4815/1450/4814 3936/1134/3935
f 3936/1134/3935 4815/1450/4814 3934/1448/3933
f 3066/2811/3065 4095/1446/4094 4816/1447/4815
f 3725/2255/3724 4816/1447/4815 3663/1437/3662
f 4816/1447/4815 4094/1445/4093 3270/2810/3269
f 3453/2812/3452 4817/2813/4816 4095/1446/4094
f 4817/2813/4816 4093/2941/4092 3341/2809/3340
f 3340/2814/3339 4092/1443/4091 4818/1444/4817
f 3083/1470/3082 4090/1439/4089 4818/1444/4817
f 4818/1444/4817 3935/1442/3934 2978/2413/2977
f 3128/2815/3127 4091/1440/4090 4819/1441/4818
f 3789/1394/3788 4819/1441/4818 3470/1471/3469
f 4819/1441/4818 4090/1439/4089 3083/1470/3082
f 3515/1145/3514 2961/2394/2960 3663/1437/3662
f 3128/2815/3127 3515/1145/3514 4820/1438/4819
f 4091/1440/4090 4820/1438/4819 4089/1436/4088
f 3339/2816/3338 4088/1434/4087 4821/1435/4820
f 4086/1430/4085 4821/1435/4820 3804/864/3803
f 4821/1435/4820 3802/1433/3801 2937/2791/2936
f 3935/1442/3934 3269/2818/3268 4087/1431/4086
f 3935/1442/3934 4822/1432/4821 3532/2238/3531
f 4822/1432/4821 4086/1430/4085 3143/2817/3142
f 3039/2407/3038 3664/1428/3663 4823/1429/4822
f 3269/2818/3268 3662/1133/3661 4823/1429/4822
f 4087/1431/4086 4823/1429/4822 4085/1427/4084
f 3338/1422/3337 4084/1425/4083 4824/1426/4823
f 3274/2820/3273 4082/2819/4081 4824/1426/4823
f 4824/1426/4823 3938/1424/3937 3040/1140/3039
f 3081/2821/3080 4083/1423/4082 4825/1421/4824
f 3740/2249/3739 4825/1421/4824 3667/1413/3666
f 4825/1421/4824 4082/2819/4081 3274/2820/3273
f 3081/2821/3080 3468/2823/3467 4826/2822/4825
f 4826/2822/4825 4081/2824/4080 3338/1422/3337
f 4078/2825/4077 3337/1416/3336 4080/1419/4079
f 3084/2826/3083 4078/2825/4077 4827/1420/4826
f 3743/1120/3742 4827/1420/4826 3939/1418/3938
f 3802/1433/3801 3141/2827/3140 4079/1417/4078
f 3802/1433/3801 4828/1415/4827 3471/1488/3470
f 3471/1488/3470 4828/1415/4827 4078/2825/4077
f 3530/2828/3529 2976/1137/2975 3667/1413/3666
f 3141/2827/3140 3530/2828/3529 4829/1414/4828
f 4079/1417/4078 4829/1414/4828 4077/1412/4076
f 3939/1418/3938 3273/2830/3272 4076/2829/4075
f 3939/1418/3938 4830/2967/4829 3533/2418/3532
f 3040/1140/3039 3668/2401/3667 4831/2831/4830
f 3273/2830/3272 3666/2832/3665 4831/2831/4830
f 3336/2833/3335 4075/1410/4074 4832/1411/4831
f 4073/1406/4072 4832/1411/4831 3943/1143/3942
f 4832/1411/4831 3941/1409/3940 3041/2396/3040
f 3085/2835/3084 4074/1407/4073 4833/1408/4832
f 3744/2234/3743 4833/1408/4832 3671/1398/3670
f 4833/1408/4832 4073/1406/4072 3277/2834/3276
f 3472/2836/3471 4834/2837/4833 4074/1407/4073
f 4834/2837/4833 4072/2938/4071 3336/2833/3335
f 3335/2838/3334 4071/1404/4070 4835/1405/4834
f 4069/1400/4068 4835/1405/4834 3747/1095/3746
f 4835/1405/4834 3942/1403/3941 2983/2438/2982
f 3144/2840/3143 4070/1401/4069 4836/1402/4835
f 3805/1502/3804 4836/1402/4835 3475/1566/3474
f 4836/1402/4835 4069/1400/4068 3088/2839/3087
f 2980/2422/2979 3671/1398/3670 4837/1399/4836
f 3534/1115/3533 4837/1399/4836 4070/1401/4069
f 4837/1399/4836 4068/1397/4067 3335/2838/3334
f 3334/2841/3333 4067/1395/4066 4838/1396/4837
f 4065/1391/4064 4838/1396/4837 3808/870/3807
f 4838/1396/4837 3789/1394/3788 2936/2801/2935
f 3276/2843/3275 4066/1392/4065 4839/1393/4838
f 3942/1403/3941 4839/1393/4838 3537/2214/3536
f 4839/1393/4838 4065/1391/4064 3147/2842/3146
f 3041/2396/3040 3672/1389/3671 4840/1390/4839
f 3670/1142/3669 4840/1390/4839 4066/1392/4065
f 4840/1390/4839 4064/1388/4063 3334/2841/3333
f 4061/2844/4060 3333/1383/3332 4063/1387/4062
f 3281/1374/3280 4061/2844/4060 4841/1385/4840
f 3947/1150/3946 4841/1385/4840 3945/2388/3944
f 3748/2441/3747 3089/2211/3088 4062/1384/4061
f 2984/1092/2983 3748/2441/3747 4842/1382/4841
f 3675/1375/3674 4842/1382/4841 4061/2844/4060
f 3089/2211/3088 3476/2846/3475 4843/2845/4842
f 4062/1384/4061 4843/2845/4842 4060/2847/4059
f 4057/1376/4056 3332/2848/3331 4059/1381/4058
f 4057/1376/4056 4844/1379/4843 3751/1072/3750
f 3751/1072/3750 4844/1379/4843 3946/2850/3945
f 3148/2851/3147 4058/1377/4057 4845/1378/4844
f 3809/1580/3808 4845/1378/4844 3479/1644/3478
f 4845/1378/4844 4057/1376/4056 3092/2849/3091
f 3538/2852/3537 2984/1092/2983 3675/1375/3674
f 3148/2851/3147 3538/2852/3537 4846/1373/4845
f 4846/1373/4845 4056/2853/4055 3332/2848/3331
f 4053/1367/4052 3331/2854/3330 4055/1372/4054
f 4053/1367/4052 4847/1370/4846 3812/876/3811
f 4847/1370/4846 3779/2785/3778 2926/2772/2925
f 3946/2850/3945 3280/1380/3279 4054/1368/4053
f 2987/1071/2986 3946/2850/3945 4848/1369/4847
f 4848/1369/4847 4053/1367/4052 3151/2190/3150
f 3674/2855/3673 3042/1149/3041 3676/1366/3675
f 3674/2855/3673 4849/1364/4848 4054/1368/4053
f 4849/1364/4848 4052/2936/4051 3331/2854/3330
f 3330/2856/3329 4051/1363/4050 4850/1361/4849
f 4049/1358/4048 4850/1361/4849 3951/1155/3950
f 4850/1361/4849 3949/2382/3948 3043/2383/3042
f 3752/2458/3751 3093/2187/3092 4050/1359/4049
f 2988/2857/2987 3752/2458/3751 4851/1360/4850
f 3679/1351/3678 4851/1360/4850 4049/1358/4048
f 3480/2858/3479 4852/2859/4851 4050/1359/4049
f 4852/2859/4851 4048/2934/4047 3330/2856/3329
f 4045/1352/4044 3329/2860/3328 4047/1357/4046
f 4045/1352/4044 4853/1355/4852 3755/1048/3754
f 3755/1048/3754 4853/1355/4852 3950/2862/3949
f 3152/2863/3151 4046/1353/4045 4854/1354/4853
f 2940/2708/2939 3813/1658/3812 4854/1354/4853
f 4854/1354/4853 4045/1352/4044 3095/2861/3094
f 3542/1067/3541 2988/2857/2987 3679/1351/3678
f 3542/1067/3541 4855/1349/4854 4046/1353/4045
f 4046/1353/4045 4855/1349/4854 4044/2864/4043
f 4041/1343/4040 3328/2865/3327 4043/1347/4042
f 4041/1343/4040 4856/1348/4855 3816/882/3815
f 4856/1348/4855 3788/1346/3787 2935/2741/2934
f 3284/1356/3283 4042/1344/4041 4857/1345/4856
f 2991/1047/2990 3950/2862/3949 4857/1345/4856
f 4857/1345/4856 4041/1343/4040 3155/2166/3154
f 3043/2383/3042 3680/1341/3679 4858/1342/4857
f 3678/1154/3677 4858/1342/4857 4042/1344/4041
f 4042/1344/4041 4858/1342/4857 4040/1340/4039
f 4037/2866/4036 3327/1335/3326 4039/1339/4038
f 3288/2867/3287 4037/2866/4036 4859/1337/4858
f 3954/2868/3953 4859/1337/4858 3953/2374/3952
f 3096/2163/3095 4038/1336/4037 4860/1334/4859
f 3756/2477/3755 4860/1334/4859 3682/2870/3681
f 3682/2870/3681 4860/1334/4859 4037/2866/4036
f 2934/885/2933 3465/1333/3464 4861/1331/4860
f 3483/2871/3482 4861/1331/4860 4038/1336/4037
f 4861/1331/4860 4036/2872/4035 3327/1335/3326
f 3326/1326/3325 4035/1330/4034 4862/1328/4861
f 3291/2874/3290 4033/2873/4032 4862/1328/4861
f 4862/1328/4861 3956/2365/3955 3045/2366/3044
f 3757/2486/3756 3097/2154/3096 4034/1327/4033
f 2993/2876/2992 3757/2486/3756 4863/1325/4862
f 3685/2877/3684 4863/1325/4862 4033/2873/4032
f 2933/888/2932 3464/1324/3463 4864/1322/4863
f 3097/2154/3096 3484/2878/3483 4864/1322/4863
f 4864/1322/4863 4032/2879/4031 3326/1326/3325
f 4029/2880/4028 3325/1317/3324 4031/1321/4030
f 3295/1305/3294 4029/2880/4028 4865/1319/4864
f 3961/1170/3960 4865/1319/4864 3959/2358/3958
f 3098/2881/3097 4030/1318/4029 4866/1316/4865
f 3758/2144/3757 4866/1316/4865 3689/1306/3688
f 4866/1316/4865 4029/2880/4028 3295/1305/3294
f 3485/2882/3484 2924/891/2923 3455/1314/3454
f 3098/2881/3097 3485/2882/3484 4867/1315/4866
f 4030/1318/4029 4867/1315/4866 4028/1313/4027
f 4025/2883/4024 3324/1308/3323 4027/1312/4026
f 4025/2883/4024 4868/1310/4867 3761/1014/3760
f 3761/1014/3760 4868/1310/4867 3960/2884/3959
f 3156/1728/3155 4026/1309/4025 4869/1307/4868
f 2941/894/2940 3817/2694/3816 4869/1307/4868
f 4869/1307/4868 4025/2883/4024 3100/1770/3099
f 3546/2885/3545 2994/1038/2993 3689/1306/3688
f 3156/1728/3155 3546/2885/3545 4870/1304/4869
f 4026/1309/4025 4870/1304/4869 4024/2886/4023
f 3323/2887/3322 4023/1302/4022 4871/1303/4870
f 3159/2121/3158 4021/1298/4020 4871/1303/4870
f 4871/1303/4870 3785/1301/3784 2932/2581/2931
f 3960/2884/3959 3294/1311/3293 4022/1299/4021
f 2997/2502/2996 3960/2884/3959 4872/1300/4871
f 3549/2122/3548 4872/1300/4871 4021/1298/4020
f 3046/2359/3045 3690/1297/3689 4873/1295/4872
f 3688/1169/3687 4873/1295/4872 4022/1299/4021
f 4873/1295/4872 4020/2933/4019 3323/2887/3322
f 4017/1289/4016 3322/2888/3321 4019/1294/4018
f 3298/2889/3297 4017/1289/4016 4874/1292/4873
f 3964/2890/3963 4874/1292/4873 3963/2350/3962
f 3101/2118/3100 4018/1290/4017 4875/1291/4874
f 2998/2891/2997 3762/2507/3761 4875/1291/4874
f 3692/2892/3691 4875/1291/4874 4017/1289/4016
f 3488/2893/3487 2931/900/2930 3462/1288/3461
f 3101/2118/3100 3488/2893/3487 4876/1286/4875
f 4876/1286/4875 4016/2932/4015 3322/2888/3321
f 3321/1281/3320 4015/1285/4014 4877/1283/4876
f 3300/2895/3299 4013/2894/4012 4877/1283/4876
f 4877/1283/4876 3965/2344/3964 3048/2345/3047
f 3763/2515/3762 3102/2109/3101 4014/1282/4013
f 2999/2897/2998 3763/2515/3762 4878/1280/4877
f 3695/2898/3694 4878/1280/4877 4013/2894/4012
f 3489/2899/3488 2930/903/2929 3461/1279/3460
f 3102/2109/3101 3489/2899/3488 4879/1277/4878
f 4014/1282/4013 4879/1277/4878 4012/2900/4011
f 4009/2901/4008 3320/1272/3319 4011/1276/4010
f 3304/1260/3303 4009/2901/4008 4880/1274/4879
f 3970/1186/3969 4880/1274/4879 3968/2337/3967
f 3103/2100/3102 4010/1273/4009 4881/1271/4880
f 3000/1005/2999 3764/2522/3763 4881/1271/4880
f 3699/1261/3698 4881/1271/4880 4009/2901/4008
f 2925/2766/2924 3456/1270/3455 4882/1268/4881
f 3490/905/3489 4882/1268/4881 4010/1273/4009
f 4882/1268/4881 4008/2902/4007 3320/1272/3319
f 4005/2903/4004 3319/1263/3318 4007/1267/4006
f 3106/1869/3105 4005/2903/4004 4883/1265/4882
f 3767/982/3766 4883/1265/4882 3969/2904/3968
f 3821/2662/3820 3160/1803/3159 4006/1264/4005
f 2942/909/2941 3821/2662/3820 4884/1262/4883
f 3493/1870/3492 4884/1262/4883 4005/2903/4004
f 3550/2905/3549 3000/1005/2999 3699/1261/3698
f 3160/1803/3159 3550/2905/3549 4885/1259/4884
f 4006/1264/4005 4885/1259/4884 4004/2906/4003
f 4001/2907/4000 3318/1254/3317 4003/1258/4002
f 3163/2076/3162 4001/2907/4000 4886/1256/4885
f 3824/913/3823 4886/1256/4885 3782/2626/3781
f 3969/2904/3968 3303/1266/3302 4002/1255/4001
f 3003/981/3002 3969/2904/3968 4887/1253/4886
f 3553/2077/3552 4887/1253/4886 4001/2907/4000
f 3698/2908/3697 3049/1185/3048 3700/1252/3699
f 3303/1266/3302 3698/2908/3697 4888/1250/4887
f 4002/1255/4001 4888/1250/4887 4000/2909/3999
f 3997/2910/3996 3317/1245/3316 3999/1249/3998
f 3997/2910/3996 4889/1247/4888 3974/1194/3973
f 3974/1194/3973 4889/1247/4888 3972/2329/3971
f 3107/2073/3106 3998/1246/3997 4890/1244/4889
f 3768/2536/3767 4890/1244/4889 3703/1233/3702
f 4890/1244/4889 3997/2910/3996 3308/2911/3307
f 3494/2912/3493 2928/915/2927 3459/1243/3458
f 3107/2073/3106 3494/2912/3493 4891/1241/4890
f 3998/1246/3997 4891/1241/4890 3996/2913/3995
f 3993/1235/3992 3316/2914/3315 3995/1240/3994
f 3993/1235/3992 4892/1238/4891 3771/957/3770
f 3771/957/3770 4892/1238/4891 3973/2915/3972
f 3825/2916/3824 3164/1884/3163 3994/1236/3993
f 3825/2916/3824 4893/1237/4892 3497/1942/3496
f 4893/1237/4892 3993/1235/3992 3110/1941/3109
f 3004/978/3003 3703/1233/3702 4894/1234/4893
f 3554/2917/3553 4894/1234/4893 3994/1236/3993
f 4894/1234/4893 3992/1232/3991 3316/2914/3315
f 3973/2915/3972 3307/1239/3306 3991/2918/3990
f 3007/2549/3006 3973/2915/3972 4895/2919/4894
f 3702/1193/3701 3050/2331/3049 3704/2920/3703
f 3307/1239/3306 3702/1193/3701 4896/2921/4895
f 3315/2922/3314 3990/1231/3989 4897/1229/4896
f 3988/1226/3987 4897/1229/4896 3977/1201/3976
f 4897/1229/4896 3975/2326/3974 3051/1200/3050
f 3111/2924/3110 3989/1227/3988 4898/1228/4897
f 3008/2553/3007 3772/2054/3771 4898/1228/4897
f 4898/1228/4897 3988/1226/3987 3311/2923/3310
f 2927/2733/2926 3458/1224/3457 4899/1225/4898
f 3498/920/3497 4899/1225/4898 3989/1227/3988
f 4899/1225/4898 3987/1223/3986 3315/2922/3314
f 3314/2925/3313 3986/1222/3985 4900/1220/4899
f 3114/2926/3113 3984/1217/3983 4900/1220/4899
f 3775/931/3774 4900/1220/4899 3976/2927/3975
f 3167/2928/3166 3985/1218/3984 4901/1219/4900
f 3828/1955/3827 4901/1219/4900 3501/2022/3500
f 4901/1219/4900 3984/1217/3983 3114/2926/3113
f 3008/2553/3007 3707/1215/3706 4902/1216/4901
f 3558/953/3557 4902/1216/4901 3985/1218/3984
f 4902/1216/4901 3983/1214/3982 3314/2925/3313
f 3980/2929/3979 3313/1209/3312 3982/1213/3981
f 3170/2031/3169 3980/2929/3979 4903/1211/4902
f 3831/928/3830 4903/1211/4902 3776/2658/3775
f 3976/2927/3975 3310/1221/3309 3981/1210/3980
f 3011/930/3010 3976/2927/3975 4904/1208/4903
f 3561/2032/3560 4904/1208/4903 3980/2929/3979
f 3706/2930/3705 3051/1200/3050 3708/1207/3707
f 3310/1221/3309 3706/2930/3705 4905/1205/4904
f 3981/1210/3980 4905/1205/4904 3979/2931/3978
f 3979/2931/3978 3312/1206/3311 3978/1204/3977
f 3313/1209/3312 3979/2931/3978 4906/1202/4905
f 3982/1213/3981 4906/1202/4905 3502/2659/3501
f 3311/2923/3310 3977/1201/3976 4907/1199/4906
f 3983/1214/3982 4907/1199/4906 3986/1222/3985
f 3986/1222/3985 4907/1199/4906 3706/2930/3705
f 3071/2730/3070 3730/1198/3729 4908/1196/4907
f 3987/1223/3986 4908/1196/4907 3990/1231/3989
f 3990/1231/3989 4908/1196/4907 3705/2327/3704
f 3308/2911/3307 3974/1194/3973 4909/1195/4908
f 3316/2914/3315 3992/1232/3991 4909/1195/4908
f 3995/1240/3994 4909/1195/4908 3702/1193/3701
f 3996/2913/3995 3072/1242/3071 3731/1191/3730
f 3317/1245/3316 3996/2913/3995 4910/1192/4909
f 3999/1249/3998 4910/1192/4909 3701/1190/3700
f 4000/2909/3999 3305/1251/3304 3971/1189/3970
f 3318/1254/3317 4000/2909/3999 4911/1187/4910
f 4003/1258/4002 4911/1187/4910 3508/2627/3507
f 4004/2906/4003 3304/1260/3303 3970/1186/3969
f 3319/1263/3318 4004/2906/4003 4912/1184/4911
f 4007/1267/4006 4912/1184/4911 3698/2908/3697
f 4008/2902/4007 3069/1269/3068 3728/1183/3727
f 3320/1272/3319 4008/2902/4007 4913/1181/4912
f 4011/1276/4010 4913/1181/4912 3697/2338/3696
f 4012/2900/4011 3074/1278/3073 3733/1180/3732
f 3321/1281/3320 4012/2900/4011 4914/1178/4913
f 4015/1285/4014 4914/1178/4913 3694/2347/3693
f 3075/1287/3074 3734/1176/3733 4915/1177/4914
f 4016/2932/4015 4915/1177/4914 4019/1294/4018
f 4019/1294/4018 4915/1177/4914 3691/1175/3690
f 3296/1296/3295 3962/1173/3961 4916/1174/4915
f 4020/2933/4019 4916/1174/4915 4023/1302/4022
f 4916/1174/4915 3511/1172/3510 3124/2593/3123
f 4024/2886/4023 3295/1305/3294 3961/1170/3960
f 3324/1308/3323 4024/2886/4023 4917/1171/4916
f 4027/1312/4026 4917/1171/4916 3688/1169/3687
f 3068/2710/3067 3727/1167/3726 4918/1168/4917
f 4028/1313/4027 4918/1168/4917 4031/1321/4030
f 4918/1168/4917 3687/1166/3686 3293/1320/3292
f 4032/2879/4031 3077/1323/3076 3736/1165/3735
f 4032/2879/4031 4919/1163/4918 4035/1330/4034
f 4035/1330/4034 4919/1163/4918 3684/2368/3683
f 4036/2872/4035 3078/1332/3077 3737/1162/3736
f 3327/1335/3326 4036/2872/4035 4920/1160/4919
f 4039/1339/4038 4920/1160/4919 3681/2377/3680
f 3286/2380/3285 3952/1158/3951 4921/1159/4920
f 4040/1340/4039 4921/1159/4920 4043/1347/4042
f 4921/1159/4920 3514/1157/3513 3127/2756/3126
f 4044/2864/4043 3285/1350/3284 3951/1155/3950
f 3329/2860/3328 4044/2864/4043 4922/1156/4921
f 4922/1156/4921 3678/1154/3677 3284/1356/3283
f 3330/2856/3329 4048/2934/4047 4923/2935/4922
f 4923/2935/4922 3677/2384/3676 3283/1362/3282
f 3282/1365/3281 3948/1152/3947 4924/1153/4923
f 3331/2854/3330 4052/2936/4051 4924/1153/4923
f 4924/1153/4923 3505/1151/3504 3118/1371/3117
f 4056/2853/4055 3281/1374/3280 3947/1150/3946
f 3332/2848/3331 4056/2853/4055 4925/1148/4924
f 4059/1381/4058 4925/1148/4924 3674/2855/3673
f 3333/1383/3332 4060/2847/4059 4926/2937/4925
f 4063/1387/4062 4926/2937/4925 3673/2390/3672
f 3278/2393/3277 3944/1146/3943 4927/1147/4926
f 4064/1388/4063 4927/1147/4926 4067/1395/4066
f 4927/1147/4926 3515/1145/3514 3128/2815/3127
f 3277/2834/3276 3943/1143/3942 4928/1144/4927
f 4068/1397/4067 4928/1144/4927 4071/1404/4070
f 4928/1144/4927 3670/1142/3669 3276/2843/3275
f 4072/2938/4071 4929/2939/4928 4075/1410/4074
f 4929/2939/4928 3669/2397/3668 3275/2395/3274
f 3274/2820/3273 3940/1141/3939 4930/1139/4929
f 4077/1412/4076 4930/1139/4929 4080/1419/4079
f 4930/1139/4929 3666/2832/3665 3273/2830/3272
f 4081/2824/4080 4931/2940/4930 4084/1425/4083
f 4931/2940/4930 3665/2403/3664 3272/2400/3271
f 4085/1427/4084 3271/2405/3270 3937/1138/3936
f 4085/1427/4084 4932/1136/4931 4088/1434/4087
f 4088/1434/4087 4932/1136/4931 3530/2828/3529
f 3270/2810/3269 3936/1134/3935 4933/1135/4932
f 4089/1436/4088 4933/1135/4932 4092/1443/4091
f 4933/1135/4932 3662/1133/3661 3269/2818/3268
f 4093/2941/4092 4934/2942/4933 4096/1449/4095
f 4934/2942/4933 3661/2408/3660 3268/2406/3267
f 4097/2808/4096 3267/1452/3266 3933/1131/3932
f 3342/1455/3341 4097/2808/4096 4935/1132/4934
f 4100/1459/4099 4935/1132/4934 3531/1130/3530
f 4101/2805/4100 3266/1461/3265 3932/1129/3931
f 3343/1464/3342 4101/2805/4100 4936/1127/4935
f 4104/1468/4103 4936/1127/4935 3658/2807/3657
f 4105/2802/4104 3083/1470/3082 3742/1125/3741
f 3344/2799/3343 4105/2802/4104 4937/1126/4936
f 4108/1477/4107 4937/1126/4936 3657/1124/3656
f 4110/2943/4109 3263/1479/3262 3929/1123/3928
f 3345/2792/3344 4110/2943/4109 4938/1121/4937
f 4113/1486/4112 4938/1121/4937 3654/2798/3653
f 4114/1487/4113 3084/2826/3083 3743/1120/3742
f 4114/1487/4113 4939/1118/4938 4117/1494/4116
f 4117/1494/4116 4939/1118/4938 3653/2417/3652
f 3260/2421/3259 3926/1116/3925 4940/1117/4939
f 4118/1496/4117 4940/1117/4939 4121/1503/4120
f 4940/1117/4939 3534/1115/3533 3144/2840/3143
f 3259/2779/3258 3925/1113/3924 4941/1114/4940
f 4122/1505/4121 4941/1114/4940 4125/1512/4124
f 4941/1114/4940 3650/1112/3649 3258/2788/3257
f 4126/2944/4125 4942/2945/4941 4129/1518/4128
f 4942/2945/4941 3649/2425/3648 3257/2423/3256
f 3256/2428/3255 3922/1110/3921 4943/1111/4942
f 4130/1520/4129 4943/1111/4942 4133/1527/4132
f 4943/1111/4942 3535/1109/3534 3145/2765/3144
f 3255/2771/3254 3921/1107/3920 4944/1108/4943
f 4134/1529/4133 4944/1108/4943 4137/1536/4136
f 4944/1108/4943 3646/1106/3645 3254/2777/3253
f 3087/2784/3086 3746/1104/3745 4945/1105/4944
f 4138/1538/4137 4945/1105/4944 4141/1545/4140
f 4945/1105/4944 3645/1103/3644 3253/2430/3252
f 3252/2434/3251 3918/1101/3917 4946/1102/4945
f 3353/1551/3352 4142/1547/4141 4946/1102/4945
f 4145/1555/4144 4946/1102/4945 3529/1100/3528
f 3251/2761/3250 3917/1098/3916 4947/1099/4946
f 4146/1556/4145 4947/1099/4946 4149/1563/4148
f 4947/1099/4946 3642/1097/3641 3250/2769/3249
f 3088/2839/3087 3747/1095/3746 4948/1096/4947
f 4150/1565/4149 4948/1096/4947 4153/1572/4152
f 4948/1096/4947 3641/1094/3640 3249/2436/3248
f 4154/1574/4153 3248/2440/3247 3914/1093/3913
f 3356/1578/3355 4154/1574/4153 4949/1091/4948
f 4157/1581/4156 4949/1091/4948 3538/2852/3537
f 3247/2749/3246 3913/1089/3912 4950/1090/4949
f 3357/2754/3356 4158/1583/4157 4950/1090/4949
f 4161/1591/4160 4950/1090/4949 3638/1088/3637
f 4162/2753/4161 4951/2946/4950 4165/1596/4164
f 4951/2946/4950 3637/2444/3636 3245/2442/3244
f 4166/1598/4165 3244/2447/3243 3910/1086/3909
f 4166/1598/4165 4952/1087/4951 4169/1605/4168
f 4169/1605/4168 4952/1087/4951 3539/1085/3538
f 4170/1607/4169 3243/2739/3242 3909/1083/3908
f 3360/2742/3359 4170/1607/4169 4953/1084/4952
f 4173/1614/4172 4953/1084/4952 3634/1082/3633
f 4174/1616/4173 3091/2755/3090 3750/1080/3749
f 3361/2738/3360 4174/1616/4173 4954/1081/4953
f 4177/1623/4176 4954/1081/4953 3633/1079/3632
f 4178/2737/4177 3240/1626/3239 3906/1078/3905
f 3362/1629/3361 4178/2737/4177 4955/1076/4954
f 4181/1633/4180 4955/1076/4954 3519/2774/3518
f 3239/2726/3238 3905/1075/3904 4956/1073/4955
f 4182/1634/4181 4956/1073/4955 4185/1642/4184
f 4956/1073/4955 3630/2736/3629 3238/1641/3237
f 3092/2849/3091 3751/1072/3750 4957/1070/4956
f 4186/1643/4185 4957/1070/4956 4189/1651/4188
f 4957/1070/4956 3629/2455/3628 3237/1650/3236
f 3236/1653/3235 3902/1068/3901 4958/1069/4957
f 3365/1656/3364 4190/2724/4189 4958/1069/4957
f 4958/1069/4957 3542/1067/3541 3152/2863/3151
f 4959/1066/4958 3627/1064/3626 3235/1662/3234
f 4960/2947/4959 3626/2461/3625 3234/2459/3233
f 4196/1667/4195 3233/2465/3232 3898/1063/3897
f 4196/1667/4195 4961/1061/4960 4199/1674/4198
f 4199/1674/4198 4961/1061/4960 3543/2712/3542
f 4200/1678/4199 4962/1058/4961 3624/2720/3623
f 4201/1681/4200 4963/1055/4962 3623/2467/3622
f 3230/2469/3229 3894/1053/3893 4964/1054/4963
f 4202/1682/4201 4964/1054/4963 4205/1689/4204
f 4964/1054/4963 3528/1052/3527 3139/2744/3138
f 4206/1691/4205 3229/2706/3228 3893/1051/3892
f 3368/1695/3367 4206/1691/4205 4965/1049/4964
f 4209/1698/4208 4965/1049/4964 3620/2716/3619
f 3095/2861/3094 3755/1048/3754 4966/1046/4965
f 4210/1700/4209 4966/1046/4965 4213/1707/4212
f 4966/1046/4965 3619/2472/3618 3227/2471/3226
f 4214/2704/4213 3064/1710/3063 3723/1045/3722
f 3370/1713/3369 4214/2704/4213 4967/1043/4966
f 4217/1717/4216 4967/1043/4966 3616/2481/3615
f 4218/1720/4217 4968/1040/4967 3614/2490/3613
f 4219/2696/4218 3221/1722/3220 3884/1039/3883
f 3371/1725/3370 4219/2696/4218 4969/1037/4968
f 4969/1037/4968 3546/2885/3545 3156/1728/3155
f 4970/1034/4969 3612/2695/3611 3220/1731/3219
f 4971/1031/4970 3611/2494/3610 3219/1734/3218
f 4225/2691/4224 3218/1737/3217 3880/1030/3879
f 3372/1740/3371 4225/2691/4224 4972/1028/4971
f 4228/1744/4227 4972/1028/4971 3547/2683/3546
f 4229/1747/4228 4973/1025/4972 3609/2690/3608
f 4230/1750/4229 4974/1022/4973 3608/2498/3607
f 4231/2687/4230 3215/1752/3214 3876/1021/3875
f 3373/1755/3372 4231/2687/4230 4975/1019/4974
f 4234/1759/4233 4975/1019/4974 3525/2584/3524
f 4235/2684/4234 3214/1761/3213 3875/1018/3874
f 3374/1764/3373 4235/2684/4234 4976/1016/4975
f 4238/1768/4237 4976/1016/4975 3605/2686/3604
f 3100/1770/3099 3761/1014/3760 4977/1015/4976
f 3375/2678/3374 4239/2948/4238 4977/1015/4976
f 4242/1777/4241 4977/1015/4976 3604/1013/3603
f 3061/2613/3060 3719/1012/3718 4978/1010/4977
f 4243/1778/4242 4978/1010/4977 4246/1785/4245
f 4978/1010/4977 3601/2511/3600 3209/2508/3208
f 4247/2671/4246 3060/1788/3059 3718/1009/3717
f 3377/1791/3376 4247/2671/4246 4979/1007/4978
f 4250/1795/4249 4979/1007/4978 3598/2519/3597
f 4251/2664/4250 3205/1797/3204 3866/1006/3865
f 3378/1800/3377 4251/2664/4250 4980/1004/4979
f 4254/1804/4253 4980/1004/4979 3550/2905/3549
f 4255/2660/4254 3204/1806/3203 3865/1003/3864
f 3379/1809/3378 4255/2660/4254 4981/1001/4980
f 4258/1813/4257 4981/1001/4980 3595/2663/3594
f 3053/1815/3052 3711/999/3710 4982/1000/4981
f 4259/2655/4258 4982/1000/4981 4262/1822/4261
f 4982/1000/4981 3594/998/3593 3202/1821/3201
f 4263/2652/4262 3201/1824/3200 3862/997/3861
f 4263/2652/4262 4983/995/4982 4266/1831/4265
f 4983/995/4982 3551/2638/3550 3161/1830/3160
f 4267/2649/4266 3200/1833/3199 3861/994/3860
f 3382/1836/3381 4267/2649/4266 4984/992/4983
f 4270/1840/4269 4984/992/4983 3591/2651/3590
f 4271/2645/4270 3105/1842/3104 3766/991/3765
f 3383/1845/3382 4271/2645/4270 4985/989/4984
f 4274/1849/4273 4985/989/4984 3590/2528/3589
f 4275/2642/4274 3197/1851/3196 3858/988/3857
f 3384/1854/3383 4275/2642/4274 4986/986/4985
f 4278/1858/4277 4986/986/4985 3522/2616/3521
f 4279/2639/4278 3196/1860/3195 3857/985/3856
f 3385/1863/3384 4279/2639/4278 4987/983/4986
f 4282/1867/4281 4987/983/4986 3587/2641/3586
f 4283/2634/4282 3106/1869/3105 3767/982/3766
f 3386/1872/3385 4283/2634/4282 4988/980/4987
f 4286/1876/4285 4988/980/4987 3586/2533/3585
f 4287/2631/4286 3193/1878/3192 3854/979/3853
f 3387/1881/3386 4287/2631/4286 4989/977/4988
f 4290/1885/4289 4989/977/4988 3554/2917/3553
f 4291/2628/4290 3192/1887/3191 3853/976/3852
f 3388/1890/3387 4291/2628/4290 4990/974/4989
f 4294/1894/4293 4990/974/4989 3583/2630/3582
f 4295/2623/4294 3057/1896/3056 3715/973/3714
f 3389/1899/3388 4295/2623/4294 4991/971/4990
f 4298/1903/4297 4991/971/4990 3582/2538/3581
f 4299/1904/4298 3189/2541/3188 3850/970/3849
f 3390/1908/3389 4299/1904/4298 4992/968/4991
f 4302/1911/4301 4992/968/4991 3555/2604/3554
f 3188/1914/3187 3849/967/3848 4993/965/4992
f 3391/1917/3390 4303/2617/4302 4993/965/4992
f 4306/1921/4305 4993/965/4992 3579/2620/3578
f 4307/2611/4306 3109/1923/3108 3770/964/3769
f 3392/1926/3391 4307/2611/4306 4994/962/4993
f 4310/1930/4309 4994/962/4993 3578/2543/3577
f 4312/1931/4311 3185/2598/3184 3846/961/3845
f 3393/1935/3392 4312/1931/4311 4995/959/4994
f 4315/1939/4314 4995/959/4994 3575/2607/3574
f 3110/1941/3109 3771/957/3770 4996/958/4995
f 4316/2601/4315 4996/958/4995 4319/1947/4318
f 4996/958/4995 3574/956/3573 3183/2546/3182
f 3182/2552/3181 3843/954/3842 4997/955/4996
f 4320/1949/4319 4997/955/4996 4323/1956/4322
f 4997/955/4996 3558/953/3557 3167/2928/3166
f 3181/2589/3180 3842/951/3841 4998/952/4997
f 4324/1958/4323 4998/952/4997 4327/1965/4326
f 4998/952/4997 3571/950/3570 3180/2596/3179
f 3056/2743/3055 3714/948/3713 4999/949/4998
f 4328/1967/4327 4999/949/4998 4331/1974/4330
f 4999/949/4998 3570/947/3569 3179/2554/3178
f 3178/2558/3177 3839/945/3838 5000/946/4999
f 4332/1976/4331 5000/946/4999 4335/1983/4334
f 4335/1983/4334 5000/946/4999 3559/944/3558
f 3177/1986/3176 3838/942/3837 5001/943/5000
f 4336/2585/4335 5001/943/5000 4339/1992/4338
f 5001/943/5000 3567/941/3566 3176/2587/3175
f 3113/2592/3112 3774/939/3773 5002/940/5001
f 4340/1994/4339 5002/940/5001 4343/2001/4342
f 5002/940/5001 3566/938/3565 3175/2560/3174
f 4344/2578/4343 3174/2004/3173 3835/937/3834
f 3401/2007/3400 4344/2578/4343 5003/935/5002
f 4347/2011/4346 5003/935/5002 3516/2648/3515
f 4348/2574/4347 3173/2013/3172 3834/934/3833
f 3402/2016/3401 4348/2574/4347 5004/932/5003
f 4351/2020/4350 5004/932/5003 3563/2577/3562
f 3114/2926/3113 3775/931/3774 5005/929/5004
f 3403/2025/3402 4352/2021/4351 5005/929/5004
f 4355/2029/4354 5005/929/5004 3562/2566/3561
f 4356/2567/4355 3170/2031/3169 3831/928/3830
f 3404/2034/3403 4356/2567/4355 5006/926/5005
f 4359/2038/4358 5006/926/5005 3454/2644/3453
f 3169/2595/3168 3830/924/3829 5007/925/5006
f 4360/2039/4359 5007/925/5006 4363/2046/4362
f 5007/925/5006 3499/923/3498 3112/2569/3111
f 3119/2746/3118 3780/921/3779 5008/922/5007
f 4364/2048/4363 5008/922/5007 4367/2055/4366
f 5008/922/5007 3498/920/3497 3111/2924/3110
f 4369/2544/4368 3166/2058/3165 3827/918/3826
f 4369/2544/4368 5009/919/5008 4372/2064/4371
f 5009/919/5008 3495/917/3494 3108/2599/3107
f 3120/2067/3119 3781/916/3780 5010/914/5009
f 4373/2539/4372 5010/914/5009 4376/2074/4375
f 5010/914/5009 3494/2912/3493 3107/2073/3106
f 4377/2534/4376 3163/2076/3162 3824/913/3823
f 3409/2079/3408 4377/2534/4376 5011/911/5010
f 4380/2083/4379 5011/911/5010 3460/2610/3459
f 4381/2529/4380 3162/2085/3161 3823/910/3822
f 3410/2088/3409 4381/2529/4380 5012/908/5011
f 4384/2092/4383 5012/908/5011 3491/2633/3490
f 3117/2776/3116 3778/906/3777 5013/907/5012
f 4385/2093/4384 5013/907/5012 4388/2101/4387
f 5013/907/5012 3490/905/3489 3103/2100/3102
f 4389/2520/4388 3122/2103/3121 3783/904/3782
f 3412/2106/3411 4389/2520/4388 5014/902/5013
f 4392/2110/4391 5014/902/5013 3489/2899/3488
f 3123/2619/3122 3784/901/3783 5015/899/5014
f 3413/2504/3412 4393/2111/4392 5015/899/5014
f 4396/2119/4395 5015/899/5014 3488/2893/3487
f 4397/2503/4396 3159/2121/3158 3820/897/3819
f 4397/2503/4396 5016/898/5015 4400/2127/4399
f 5016/898/5015 3463/896/3462 3076/2580/3075
f 4401/2499/4400 3158/2130/3157 3819/895/3818
f 3415/2133/3414 4401/2499/4400 5017/893/5016
f 4404/2137/4403 5017/893/5016 3486/2679/3485
f 3116/2719/3115 3777/892/3776 5018/890/5017
f 4405/2138/4404 5018/890/5017 4408/2145/4407
f 5018/890/5017 3485/2882/3484 3098/2881/3097
f 4409/2491/4408 3125/2148/3124 3786/889/3785
f 3417/2151/3416 4409/2491/4408 5019/887/5018
f 4412/2155/4411 5019/887/5018 3484/2878/3483
f 4413/2482/4412 3126/2157/3125 3787/886/3786
f 3418/2160/3417 4413/2482/4412 5020/884/5019
f 5020/884/5019 3483/2871/3482 3096/2163/3095
f 3155/2166/3154 3816/882/3815 5021/883/5020
f 3419/2468/3418 4417/2473/4416 5021/883/5020
f 5021/883/5020 3466/881/3465 3079/2740/3078
f 3154/2723/3153 3815/879/3814 5022/880/5021
f 4421/2174/4420 5022/880/5021 4424/2181/4423
f 5022/880/5021 3481/878/3480 3094/2707/3093
f 3421/2457/3420 4425/2462/4424 5023/2949/5022
f 4428/2188/4427 5023/2949/5022 3480/2858/3479
f 3151/2190/3150 3812/876/3811 5024/877/5023
f 3422/2193/3421 4429/2456/4428 5024/877/5023
f 5024/877/5023 3457/875/3456 3070/2196/3069
f 4433/2198/4432 3150/2758/3149 3811/873/3810
f 4433/2198/4432 5025/874/5024 4436/2205/4435
f 5025/874/5024 3477/872/3476 3090/2727/3089
f 4437/2950/4436 5026/2951/5025 4440/2212/4439
f 4440/2212/4439 5026/2951/5025 3476/2846/3475
f 4441/2213/4440 3147/2842/3146 3808/870/3807
f 4441/2213/4440 5027/871/5026 4444/2220/4443
f 5027/871/5026 3467/869/3466 3080/2800/3079
f 3146/2787/3145 3807/867/3806 5028/868/5027
f 4445/2222/4444 5028/868/5027 4448/2229/4447
f 5028/868/5027 3473/866/3472 3086/2762/3085
f 4449/2952/4448 5029/2953/5028 4452/2235/4451
f 5029/2953/5028 3472/2836/3471 3085/2835/3084
f 3143/2817/3142 3804/864/3803 5030/865/5029
f 4454/2237/4453 5030/865/5029 4457/2245/4456
f 4457/2245/4456 5030/865/5029 3469/863/3468
f 4458/2954/4457 5031/2955/5030 4461/2250/4460
f 5031/2955/5030 3468/2823/3467 3081/2821/3080
f 4463/2956/4462 5032/2957/5031 4466/2256/4465
f 5032/2957/5031 3453/2812/3452 3066/2811/3065
f 4467/2391/4466 5033/2958/5032 4470/2262/4469
f 5033/2958/5032 3441/2781/3440 3054/2780/3053
f 4471/2959/4470 5034/2960/5033 4474/2269/4473
f 4474/2269/4473 5034/2960/5033 3452/2752/3451
f 4475/2378/4474 3138/2271/3137 3799/862/3798
f 3433/2274/3432 4475/2378/4474 5035/861/5034
f 4478/2278/4477 5035/861/5034 3442/2670/3441
f 4479/2369/4478 3137/2280/3136 3798/860/3797
f 3434/2283/3433 4479/2369/4478 5036/859/5035
f 4482/2287/4481 5036/859/5035 3450/2703/3449
f 3130/2714/3129 3791/857/3790 5037/858/5036
f 3435/2356/3434 4483/2288/4482 5037/858/5036
f 5037/858/5036 3449/856/3448 3062/2590/3061
f 4488/2348/4487 3135/2298/3134 3796/855/3795
f 3436/2301/3435 4488/2348/4487 5038/854/5037
f 4491/2305/4490 5038/854/5037 3446/2677/3445
f 4492/2339/4491 3131/2307/3130 3792/853/3791
f 3437/2310/3436 4492/2339/4491 5039/852/5038
f 4495/2314/4494 5039/852/5038 3445/2622/3444
f 4497/2328/4496 3133/2316/3132 3794/851/3793
f 3438/2319/3437 4497/2328/4496 5040/850/5039
f 4500/2323/4499 5040/850/5039 3439/2654/3438
f 825/2668/825 2949/2668/2948 3599/2669/3598
f 1476/2518/1476 897/2517/897 3021/2517/3020
f 829/2675/829 2953/2675/2952 3602/2676/3601
f 898/2509/898 3022/2509/3021 3603/2510/3602
f 1491/2489/1491 902/2488/902 3026/2488/3025
f 833/2702/833 2957/2702/2956 3617/2701/3616
f 903/2479/903 3027/2479/3026 3618/2480/3617
f 1558/2870/1558 868/2869/868 2992/2869/2991
f 1559/2376/1559 920/2375/920 3044/2375/3043
f 1561/2877/1561 869/2876/869 2993/2876/2992
f 1562/2367/1562 921/2366/921 3045/2366/3044
f 874/2891/874 2998/2891/2997 3692/2892/3691
f 1569/2351/1569 923/2352/923 3047/2352/3046
f 1571/2898/1571 875/2897/875 2999/2897/2998
f 924/2345/924 3048/2345/3047 3696/2346/3695
f 1083/2666/1083 3207/2666/3206 3868/2667/3867
f 1084/2513/1084 3208/2513/3207 3869/2514/3868
f 1086/2673/1086 3210/2673/3209 3871/2674/3870
f 1087/2506/1087 3211/2506/3210 3872/2505/3871
f 1763/2485/1763 1099/2484/1099 3223/2484/3222
f 1101/2699/1101 3225/2699/3224 3889/2700/3888
f 1766/2476/1766 1102/2475/1102 3226/2475/3225
f 1164/2867/1164 3288/2867/3287 3954/2868/3953
f 1831/2372/1831 1165/2371/1165 3289/2371/3288
f 1833/2875/1833 1167/2874/1167 3291/2874/3290
f 1834/2363/1834 1168/2362/1168 3292/2362/3291
f 1174/2889/1174 3298/2889/3297 3964/2890/3963
f 1842/2896/1842 1176/2895/1176 3300/2895/3299
f 1177/2341/1177 3301/2341/3300 3967/2342/3966
f 1475/2669/1475 3599/2669/3598 3207/2666/3206
f 1476/2518/1476 3600/2518/3599 3208/2513/3207
f 1478/2676/1478 3602/2676/3601 3210/2673/3209
f 1479/2510/1479 3603/2510/3602 3211/2506/3210
f 1099/2484/1099 1491/2489/1491 3615/2489/3614
f 1101/2699/1101 1493/2701/1493 3617/2701/3616
f 1494/2480/1494 3618/2480/3617 3226/2475/3225
f 1164/2867/1164 1558/2870/1558 3682/2870/3681
f 1165/2371/1165 1559/2376/1559 3683/2376/3682
f 1561/2877/1561 3685/2877/3684 3291/2874/3290
f 1562/2367/1562 3686/2367/3685 3292/2362/3291
f 1174/2889/1174 1568/2892/1568 3692/2892/3691
f 1571/2898/1571 3695/2898/3694 3300/2895/3299
f 1572/2346/1572 3696/2346/3695 3301/2341/3300
f 897/2517/897 1744/2667/1744 3868/2667/3867
f 1745/2514/1745 3869/2514/3868 2999/2897/2998
f 898/2509/898 1747/2674/1747 3871/2674/3870
f 874/2891/874 1748/2505/1748 3872/2505/3871
f 1762/2697/1762 3886/2697/3885 3026/2488/3025
f 1763/2485/1763 3887/2485/3886 2993/2876/2992
f 903/2479/903 1765/2700/1765 3889/2700/3888
f 868/2869/868 1766/2476/1766 3890/2476/3889
f 1830/2868/1830 3954/2868/3953 3044/2375/3043
f 1831/2372/1831 3955/2372/3954 2949/2668/2948
f 921/2366/921 1833/2875/1833 3957/2875/3956
f 1834/2363/1834 3958/2363/3957 2957/2702/2956
f 1840/2890/1840 3964/2890/3963 3047/2352/3046
f 924/2345/924 1842/2896/1842 3966/2896/3965
f 829/2675/829 1843/2342/1843 3967/2342/3966
f 2380/2332/2380 4504/2332/4503 4496/2330/4495
f 2380/2332/2380 1580/2920/1580 3704/2920/3703
f 1397/2966/1397 2381/2333/2381 4505/2333/4504
f 2372/2330/2372 4496/2330/4495 4505/2333/4504
f 2363/2961/2363 2388/2349/2388 4512/2349/4511
f 1569/2351/1569 3693/2351/3692 4512/2349/4511
f 2389/2355/2389 4513/2355/4512 3524/2353/3523
f 2389/2355/2389 2363/2961/2363 4487/2961/4486
f 1553/2384/1553 2401/2385/2401 4525/2385/4524
f 2347/2959/2347 4471/2959/4470 4525/2385/4524
f 2404/2389/2404 4528/2389/4527 3673/2390/3672
f 2343/2391/2343 4467/2391/4466 4528/2389/4527
f 1545/2397/1545 2407/2398/2407 4531/2398/4530
f 2407/2398/2407 2339/2956/2339 4463/2956/4462
f 2408/2962/2408 4532/2962/4531 4462/2399/4461
f 2408/2962/2408 1544/2401/1544 3668/2401/3667
f 2409/2402/2409 2338/2399/2338 4462/2399/4461
f 2409/2402/2409 4533/2402/4532 3665/2403/3664
f 2412/2409/2412 4536/2409/4535 3661/2408/3660
f 2412/2409/2412 2334/2954/2334 4458/2954/4457
f 2329/2414/2329 2416/2963/2416 4540/2963/4539
f 2416/2963/2416 1532/2416/1532 3656/2416/3655
f 2417/2419/2417 4541/2419/4540 3533/2418/3532
f 2329/2414/2329 4453/2414/4452 4541/2419/4540
f 2420/2426/2420 4544/2426/4543 3649/2425/3648
f 2420/2426/2420 2325/2952/2325 4449/2952/4448
f 2429/2445/2429 4553/2445/4552 3637/2444/3636
f 2429/2445/2429 2313/2950/2313 4437/2950/4436
f 2438/2463/2438 4562/2463/4561 3626/2461/3625
f 2301/2462/2301 4425/2462/4424 4562/2463/4561
f 2481/2545/2481 4605/2545/4604 4368/2964/4367
f 2481/2545/2481 1453/2547/1453 3577/2547/3576
f 2482/2550/2482 4606/2550/4605 3557/2548/3556
f 2482/2550/2482 2244/2964/2244 4368/2964/4367
f 2187/2606/2187 2525/2965/2525 4649/2965/4648
f 1400/2353/1400 3524/2353/3523 4649/2965/4648
f 2526/2608/2526 4650/2608/4649 3577/2547/3576
f 2526/2608/2526 2187/2606/2187 4311/2606/4310
f 2106/1750/2106 4230/1750/4229 4711/1748/4710
f 2587/1748/2587 4711/1748/4710 3879/1027/3878
f 2105/1747/2105 4229/1747/4228 4712/1745/4711
f 2588/1745/2588 4712/1745/4711 3722/1042/3721
f 2592/1733/2592 2100/1735/2100 4224/1735/4223
f 1759/1036/1759 2592/1733/2592 4716/1733/4715
f 2099/1732/2099 4223/1732/4222 4717/1730/4716
f 1636/1024/1636 2593/1730/2593 4717/1730/4716
f 2094/1720/2094 4218/1720/4217 4721/1718/4720
f 1762/2697/1762 2597/1718/2597 4721/1718/4720
f 2610/1679/2610 2077/1681/2077 4201/1681/4200
f 2610/1679/2610 4734/1679/4733 3897/1060/3896
f 2611/1676/2611 2076/1678/2076 4200/1678/4199
f 2611/1676/2611 4735/1676/4734 3710/1033/3709
f 2615/1666/2615 2071/1665/2071 4195/1665/4194
f 1777/1065/1777 2615/1666/2615 4739/1666/4738
f 2616/1661/2616 2070/1663/2070 4194/1663/4193
f 2616/1661/2616 4740/1661/4739 3754/1057/3753
f 1328/2752/1328 2640/2751/2640 4764/2751/4763
f 2038/2753/2038 4162/2753/4161 4764/2751/4763
f 1317/2781/1317 2667/2782/2667 4791/2782/4790
f 2002/2944/2002 4126/2944/4125 4791/2782/4790
f 2680/2796/2680 4804/2796/4803 4109/2795/4108
f 2680/2796/2680 1397/2966/1397 3521/2966/3520
f 2681/2797/2681 4805/2797/4804 3656/2416/3655
f 1985/2795/1985 4109/2795/4108 4805/2797/4804
f 2693/2813/2693 4817/2813/4816 3453/2812/3452
f 2693/2813/2693 1969/2941/1969 4093/2941/4092
f 2702/2822/2702 4826/2822/4825 3468/2823/3467
f 2702/2822/2702 1957/2824/1957 4081/2824/4080
f 1952/2829/1952 2706/2967/2706 4830/2967/4829
f 1409/2418/1409 3533/2418/3532 4830/2967/4829
f 1544/2401/1544 2707/2831/2707 4831/2831/4830
f 2707/2831/2707 1952/2829/1952 4076/2829/4075
f 1348/2836/1348 2710/2837/2710 4834/2837/4833
f 1948/2938/1948 4072/2938/4071 4834/2837/4833
f 1352/2846/1352 2719/2845/2719 4843/2845/4842
f 1936/2847/1936 4060/2847/4059 4843/2845/4842
f 1356/2858/1356 2728/2859/2728 4852/2859/4851
f 1924/2934/1924 4048/2934/4047 4852/2859/4851
f 1867/2918/1867 2771/2919/2770 4895/2919/4894
f 2771/2919/2770 1433/2548/1433 3557/2548/3556
f 1580/2920/1580 2772/2921/2771 4896/2921/4895
f 2772/2921/2771 1867/2918/1867 3991/2918/3990
f 2799/2935/2798 4923/2935/4922 4048/2934/4047
f 2799/2935/2798 1553/2384/1553 3677/2384/3676
f 2802/2937/2801 4926/2937/4925 4060/2847/4059
f 2802/2937/2801 1549/2390/1549 3673/2390/3672
f 1948/2938/1948 2805/2939/2804 4929/2939/4928
f 2805/2939/2804 1545/2397/1545 3669/2397/3668
f 2807/2940/2806 4931/2940/4930 4081/2824/4080
f 2807/2940/2806 1541/2403/1541 3665/2403/3664
f 1969/2941/1969 2810/2942/2809 4934/2942/4933
f 2810/2942/2809 1537/2408/1537 3661/2408/3660
f 2818/2945/2817 4942/2945/4941 4126/2944/4125
f 2818/2945/2817 1525/2425/1525 3649/2425/3648
f 2827/2946/2826 4951/2946/4950 4162/2753/4161
f 2827/2946/2826 1513/2444/1513 3637/2444/3636
f 1777/1065/1777 3901/1065/3900 4959/1066/4958
f 2070/1663/2070 2835/1066/2834 4959/1066/4958
f 2836/2947/2835 4960/2947/4959 4195/1665/4194
f 2836/2947/2835 1502/2461/1502 3626/2461/3625
f 2838/1058/2837 1773/1060/1773 3897/1060/3896
f 2076/1678/2076 2838/1058/2837 4962/1058/4961
f 2839/1055/2838 1630/1057/1630 3754/1057/3753
f 2839/1055/2838 4963/1055/4962 4201/1681/4200
f 1598/1042/1598 3722/1042/3721 4968/1040/4967
f 2094/1720/2094 2844/1040/2843 4968/1040/4967
f 1759/1036/1759 3883/1036/3882 4970/1034/4969
f 2846/1034/2845 4970/1034/4969 4223/1732/4222
f 1586/1033/1586 3710/1033/3709 4971/1031/4970
f 2847/1031/2846 4971/1031/4970 4224/1735/4223
f 2849/1025/2848 1755/1027/1755 3879/1027/3878
f 2105/1747/2105 2849/1025/2848 4973/1025/4972
f 2850/1022/2849 1636/1024/1636 3760/1024/3759
f 2850/1022/2849 4974/1022/4973 4230/1750/4229
f 2301/2462/2301 2899/2949/2898 5023/2949/5022
f 1356/2858/1356 3480/2858/3479 5023/2949/5022
f 2313/2950/2313 2902/2951/2901 5026/2951/5025
f 1352/2846/1352 3476/2846/3475 5026/2951/5025
f 2905/2953/2904 5029/2953/5028 4449/2952/4448
f 1348/2836/1348 3472/2836/3471 5029/2953/5028
f 2334/2954/2334 2907/2955/2906 5031/2955/5030
f 1344/2823/1344 3468/2823/3467 5031/2955/5030
f 2908/2957/2907 5032/2957/5031 4463/2956/4462
f 2908/2957/2907 1329/2812/1329 3453/2812/3452
f 2343/2391/2343 2909/2958/2908 5033/2958/5032
f 2909/2958/2908 1317/2781/1317 3441/2781/3440
f 2347/2959/2347 2910/2960/2909 5034/2960/5033
f 1328/2752/1328 3452/2752/3451 5034/2960/5033
